time_bucket,p95_latency_ms,p99_latency_ms,call_count,HTTP_MCR,HTTP_RT,providerRPC_MCR,providerRPC_RT,cpu_utilization,memory_utilization,active_instances,p95_latency_ms_delta1,p99_latency_ms_delta1,HTTP_MCR_delta1,HTTP_RT_delta1,providerRPC_MCR_delta1,providerRPC_RT_delta1,cpu_utilization_delta1,memory_utilization_delta1,p95_latency_ms_delta2,p99_latency_ms_delta2,HTTP_MCR_delta2,HTTP_RT_delta2,providerRPC_MCR_delta2,providerRPC_RT_delta2,cpu_utilization_delta2,memory_utilization_delta2,p95_latency_ms_delta4,p99_latency_ms_delta4,HTTP_MCR_delta4,HTTP_RT_delta4,providerRPC_MCR_delta4,providerRPC_RT_delta4,cpu_utilization_delta4,memory_utilization_delta4,violation_now,label_next_violation
0,65.0,191.8199999999997,8160,0.6862955276928763,0.6862955276928763,39.10538787397405,14.373966094811175,0.23574303399034494,0.7963072982830505,1259.0,,,,,,,,,,,,,,,,,,,,,,,,,0,0
1,68.0,203.0,8043,0.8517802638965422,0.8517802638965422,38.08502118083135,13.760832939246079,0.23581402961467932,0.7960658211666407,1259.0,3.0,11.180000000000291,0.16548473620366588,0.16548473620366588,-1.0203666931427051,-0.6131331555650963,7.099562433438011e-05,-0.00024147711640976066,,,,,,,,,,,,,,,,,0,1
2,76.0,260.28000000000065,8087,0.6419488891139536,0.6419488891139536,37.780043685464655,13.869026012847353,0.23075699030922062,0.7963090823509089,1259.0,8.0,57.280000000000655,-0.2098313747825885,-0.2098313747825885,-0.3049774953666926,0.10819307360127439,-0.005057039305458699,0.00024326118426820642,11.0,68.46000000000095,-0.044346638578922626,-0.044346638578922626,-1.3253441885093977,-0.5049400819638219,-0.004986043681124319,1.7840678584457592e-06,,,,,,,,,1,0
3,79.0,193.1800000000003,8483,0.7879018098609434,0.7879018098609434,37.76583267143236,13.993046328573126,0.23175225222005463,0.7961751241547612,1259.0,3.0,-67.10000000000036,0.14595292074698973,0.14595292074698973,-0.014211014032298408,0.12402031572577243,0.0009952619108340166,-0.00013395819614769877,11.0,-9.819999999999709,-0.06387845403559878,-0.06387845403559878,-0.319188509398991,0.23221338932704683,-0.004061777394624683,0.00010930298812050765,,,,,,,,,0,0
4,72.0,179.14999999999782,8796,0.5660627917914938,0.5660627917914938,37.711391315859146,14.079389857450852,0.23042027819365873,0.7961824637163812,1259.0,-7.0,-14.030000000002474,-0.2218390180694496,-0.2218390180694496,-0.054441355573210615,0.08634352887772678,-0.001331974026395899,7.3395616200233604e-06,-4.0,-81.13000000000284,-0.07588609732245988,-0.07588609732245988,-0.06865236960550902,0.21036384460349922,-0.0003367121155618824,-0.0001266186345276754,7.0,-12.670000000001892,-0.1202327359013825,-0.1202327359013825,-1.3939965581149067,-0.2945762373603227,-0.005322755796686202,-0.00012483456666922965,0,0
5,82.0,205.8799999999992,8613,0.8557766265495063,0.8557766265495063,38.40798252581414,13.94945788360319,0.23313060715106698,0.796487717708015,1259.0,10.0,26.730000000001382,0.2897138347580125,0.2897138347580125,0.6965912099549953,-0.12993197384766297,0.002710328957408248,0.0003052539916337249,3.0,12.699999999998909,0.06787481668856288,0.06787481668856288,0.6421498543817847,-0.04358844496993619,0.0013783549310123488,0.00031259355325374827,14.0,2.8799999999991996,0.003996362652964103,0.003996362652964103,0.3229613449827937,0.18862494435711064,-0.002683422463612334,0.0004218965413742559,0,0
6,85.19999999999891,221.95999999999913,8677,0.8462954769366114,0.8462954769366114,38.11247021445592,13.91392750663508,0.232764095447103,0.7962050468226668,1259.0,3.1999999999989086,16.079999999999927,-0.009481149612894813,-0.009481149612894813,-0.2955123113582232,-0.03553037696810968,-0.00036651170396398425,-0.00028267088534816853,13.199999999998909,42.81000000000131,0.2802326851451177,0.2802326851451177,0.40107889859677215,-0.16546235081577265,0.0023438172534442636,2.2583106285556376e-05,9.199999999998909,-38.32000000000153,0.2043465878226578,0.2043465878226578,0.3324265289912631,0.044901493787726565,0.002007105137882381,-0.00010403552824211904,0,0
7,71.0,198.5,8826,0.6820634927372454,0.6820634927372454,37.98124834524755,13.68737463178674,0.2310197376080278,0.7962348383508854,1259.0,-14.199999999998909,-23.459999999999127,-0.16423198419936602,-0.16423198419936602,-0.13122186920836754,-0.22655287484833941,-0.0017443578390752001,2.979152821858122e-05,-11.0,-7.3799999999992,-0.17371313381226083,-0.17371313381226083,-0.42673418056659074,-0.2620832518164491,-0.0021108695430391844,-0.0002528793571295873,-8.0,5.319999999999709,-0.10583831712369796,-0.10583831712369796,0.215415673815194,-0.3056716967863853,-0.0007325146120268355,5.9714196124160956e-05,0,0
8,73.0,212.0,8941,0.7227124381026345,0.7227124381026345,37.65262112787927,13.851481869788353,0.23342349010443575,0.7964552480896093,1259.0,2.0,13.5,0.0406489453653891,0.0406489453653891,-0.32862721736827893,0.16410723800161264,0.0024037524964079515,0.00022040973872394787,-12.199999999998909,-9.959999999999127,-0.12358303883397692,-0.12358303883397692,-0.45984908657664647,-0.06244563684672677,0.0006593946573327514,0.0002502012669425291,1.0,32.85000000000218,0.15664964631114076,0.15664964631114076,-0.05877018797987432,-0.22790798766249942,0.003003211910777015,0.00027278437322808546,0,0
9,79.0,202.1900000000005,8782,0.6044776394970917,0.6044776394970917,37.54180566587238,13.800808802816043,0.23101766899868523,0.7962553239796634,1259.0,6.0,-9.80999999999949,-0.11823479860554287,-0.11823479860554287,-0.11081546200689019,-0.05067306697231011,-0.002405821105750522,-0.00019992410994595922,8.0,3.6900000000005093,-0.07758585324015377,-0.07758585324015377,-0.4394426793751691,0.11343417102930253,-2.06860934257036e-06,2.048562877798865e-05,-3.0,-3.6899999999986903,-0.2512989870524146,-0.2512989870524146,-0.8661768599417599,-0.14864908078714656,-0.0021129381523817548,-0.00023239372835159866,0,0
10,77.29999999999927,198.0,8695,0.845792380368048,0.845792380368048,38.08847630394493,13.648318706125803,0.2314565430028598,0.7963599017728786,1259.0,-1.7000000000007276,-4.190000000000509,0.2413147408709564,0.2413147408709564,0.5466706380725483,-0.15249009669024005,0.0004388740041745831,0.00010457779321526584,4.299999999999272,-14.0,0.12307994226541352,0.12307994226541352,0.43585517606565816,-0.20316316366255016,-0.0019669471015759388,-9.534631673069338e-05,-7.899999999999636,-23.959999999999127,-0.0005030965685633992,-0.0005030965685633992,-0.023993910510988314,-0.26560880050927693,-0.0013075524442431874,0.0001548549502118357,0,0
11,81.0,205.0,8743,0.71837165075623,0.71837165075623,40.53657002912364,12.716517712790184,0.23166382360286342,0.7963756407130986,1259.0,3.7000000000007276,7.0,-0.12742072961181805,-0.12742072961181805,2.4480937251787083,-0.931800993335619,0.00020728060000360649,1.573894022000033e-05,2.0,2.8099999999994907,0.11389401125913834,0.11389401125913834,2.9947643632512566,-1.084291090025859,0.0006461546041781896,0.00012031673343526617,10.0,6.5,0.03630815801898457,0.03630815801898457,2.5553216838760875,-0.9708569189965566,0.0006440859948356192,0.00014080236221325482,0,0
12,73.0,182.40000000000146,8933,0.7663045028555668,0.7663045028555668,37.78341938046068,13.652994517792207,0.2288144654816709,0.796228419228903,1259.0,-8.0,-22.599999999998545,0.04793285209933684,0.04793285209933684,-2.7531506486629596,0.9364768050020231,-0.0028493581211925245,-0.00014722148419565873,-4.299999999999272,-15.599999999998545,-0.07948787751248121,-0.07948787751248121,-0.3050569234842513,0.004675811666404073,-0.002642077521188918,-0.0001314825439756584,0.0,-29.599999999998545,0.043592064752932314,0.043592064752932314,0.13079825258140687,-0.1984873519961461,-0.004609024622764857,-0.00022682886070635178,0,0
13,73.0,186.76000000000022,8909,0.7523063757191775,0.7523063757191775,37.7585517606566,13.753991197381769,0.2303905449822125,0.7965432181066705,1259.0,0.0,4.359999999998763,-0.013998127136389371,-0.013998127136389371,-0.024867619804076924,0.10099667958956182,0.0015760795005416162,0.00031479887776753035,-8.0,-18.23999999999978,0.03393472496294747,0.03393472496294747,-2.7780182684670365,1.037473484591585,-0.0012732786206509084,0.00016757739357187162,-6.0,-15.430000000000291,0.1478287362220858,0.1478287362220858,0.21674609478422013,-0.04681760543427416,-0.0006271240164727188,0.0002878941270071378,0,1
14,79.0,266.1399999999994,9087,0.6194594152687367,0.6194594152687367,38.26262907069103,13.978805944102158,0.2291281809446944,0.7963444175371771,1259.0,6.0,79.3799999999992,-0.13284696045044075,-0.13284696045044075,0.5040773100344254,0.22481474672038892,-0.0012623640375181155,-0.00019880056949339586,6.0,83.73999999999796,-0.14684508758683013,-0.14684508758683013,0.47920969023034843,0.32581142630995075,0.0003137154630235006,0.00011599830827413449,1.7000000000007276,68.13999999999942,-0.22633296509931133,-0.22633296509931133,0.17415276674609714,0.3304872379763548,-0.0023283620581654174,-1.5484235701523907e-05,1,0
15,85.0,221.97999999999956,9635,0.6734182975556734,0.6734182975556734,38.883756949960286,14.450200197211156,0.2329306992570976,0.7963271914634371,1259.0,6.0,-44.159999999999854,0.05395888228693668,0.05395888228693668,0.6211278792692596,0.47139425310899874,0.003802518312403219,-1.7226073739995407e-05,12.0,35.219999999999345,-0.07888807816350407,-0.07888807816350407,1.125205189303685,0.6962089998293877,0.0025401542748851036,-0.00021602664323339127,4.0,16.979999999999563,-0.0449533532005566,-0.0449533532005566,-1.6528130791633515,1.7336824844209726,0.0012668756542341952,-4.8449249661519644e-05,0,0
16,73.0,188.0,10228,0.6684273172179968,0.6684273172179968,37.83700688377019,14.101310600141412,0.23288274515074878,0.796681283957623,1259.0,-12.0,-33.97999999999956,-0.004990980337676643,-0.004990980337676643,-1.0467500661901,-0.34888959706974454,-4.7954106348835346e-05,0.00035409249418594246,-6.0,-78.13999999999942,0.04896790194926004,0.04896790194926004,-0.4256221869208403,0.1225046560392542,0.003754564206054384,0.00033686642044594706,0.0,5.599999999998545,-0.09787718563757009,-0.09787718563757009,0.05358750330950812,0.44831608234920495,0.004068279669077884,0.00045286472872008154,0,0
17,73.0,206.70999999999913,9744,1.0382033018722645,1.0382033018722645,38.00984908657665,13.98503523934986,0.23099697105810568,0.7963891449762395,1259.0,0.0,18.709999999999127,0.36977598465426775,0.36977598465426775,0.17284220280646423,-0.11627536079155121,-0.0018857740926430944,-0.00029213898138358285,-12.0,-15.270000000000437,0.3647850043165911,0.3647850043165911,-0.8739078633836357,-0.46516495786129575,-0.0019337281989919297,6.195351280235961e-05,0.0,19.94999999999891,0.28589692615308704,0.28589692615308704,0.2512973259200493,0.23104404196809192,0.0006064260758931739,-0.00015407313043103166,0,0
18,72.0,188.15999999999622,10222,0.63842824291487,0.63842824291487,37.79958300238284,14.145516192674851,0.2307189805698731,0.7966331063612195,1259.0,-1.0,-18.55000000000291,-0.3997750589573945,-0.3997750589573945,-0.21026608419381176,0.16048095332499024,-0.0002779904882325712,0.0002439613849800626,-1.0,0.1599999999962165,-0.02999907430312676,-0.02999907430312676,-0.037423881387347535,0.04420559253343903,-0.0021637645808756656,-4.817759640352026e-05,-7.0,-77.9800000000032,0.01896882764613328,0.01896882764613328,-0.46304606830818784,0.16671024857269323,0.0015907996251787182,0.0002886888240424268,0,0
19,72.0,201.3199999999997,9785,0.6149828461750915,0.6149828461750915,37.68465713529256,14.050376530617203,0.229522419711083,0.7966962650335432,1259.0,0.0,13.160000000003492,-0.023445396739778523,-0.023445396739778523,-0.11492586709027819,-0.09513966205764746,-0.0011965608587901078,6.31586723236488e-05,-1.0,-5.389999999999418,-0.42322045569717304,-0.42322045569717304,-0.32519195128408995,0.06534129126734278,-0.001474551347022679,0.0003071200573037114,-13.0,-20.659999999999854,-0.058435451380581926,-0.058435451380581926,-1.1990998146677256,-0.39982366659395296,-0.0034082795460146087,0.000369073570106071,0,0
20,75.0,206.11000000000058,10090,0.7095462556206209,0.7095462556206209,38.087973259200425,13.975489018055688,0.2318118174501802,0.7965253159770708,1259.0,3.0,4.790000000000873,0.09456340944552943,0.09456340944552943,0.40331612390786375,-0.07488751256151538,0.0022893977390971987,-0.00017094905647241365,3.0,17.950000000004366,0.07111801270575091,0.07111801270575091,0.28839025681758557,-0.17002717461916284,0.001092836880307091,-0.00010779038414876485,2.0,18.110000000000582,0.04111893840262415,0.04111893840262415,0.25096637543023803,-0.1258215820857238,-0.0010709277005685747,-0.0001559679805522851,0,0
21,73.0,202.10000000000036,10191,0.699849915712502,0.699849915712502,37.94067381519725,14.035756929012917,0.23126811451802642,0.7969589765532041,1259.0,-2.0,-4.010000000000218,-0.009696339908118912,-0.009696339908118912,-0.14729944400317407,0.060267910957229276,-0.0005437029321537779,0.0004336605761333656,1.0,0.7800000000006548,0.08486706953741052,0.08486706953741052,0.2560166799046897,-0.014619601604286103,0.0017456948069434208,0.00026271151966095196,0.0,-4.609999999998763,-0.3383533861597625,-0.3383533861597625,-0.06917527137940027,0.05072168966305668,0.00027114345992074185,0.0005698315769646634,0,0
22,72.0,207.95999999999913,9953,0.7865803135945366,0.7865803135945366,38.08103653693408,13.888711854052273,0.23001476411388433,0.7966309521669808,1259.0,-1.0,5.859999999998763,0.08673039788203463,0.08673039788203463,0.14036272173682818,-0.14704507496064423,-0.001253350404142095,-0.00032802438622336894,-3.0,1.8499999999985448,0.07703405797391571,0.07703405797391571,-0.006936722266345896,-0.08677716400341495,-0.001797053336295873,0.00010563618990999668,0.0,19.80000000000291,0.14815207067966663,0.14815207067966663,0.28145353455123967,-0.2568043386225778,-0.000704216455988782,-2.15419423876817e-06,0,0
23,70.0,184.54000000000087,10183,0.7993052560329877,0.7993052560329877,38.140064866296,14.318480792777326,0.23109050522792943,0.796640169156554,1259.0,-2.0,-23.419999999998254,0.012724942438451126,0.012724942438451126,0.05902832936192226,0.4297689387250525,0.0010757411140450979,9.216989573235246e-06,-3.0,-17.55999999999949,0.09945534032048575,0.09945534032048575,0.19939105109875044,0.2827238637644083,-0.00017760929009699722,-0.0003188073966501337,-2.0,-16.779999999998836,0.18432240985789627,0.18432240985789627,0.4554077310034401,0.2681042621601222,0.0015680855168464236,-5.6095876989181725e-05,0,0
24,76.0,191.29999999999927,9736,0.8073958551552309,0.8073958551552309,38.066851998940955,14.186253639058833,0.2313815125018525,0.7970497769150495,1259.0,6.0,6.759999999998399,0.008090599122243192,0.008090599122243192,-0.07321286735504628,-0.13222715371849247,0.0002910072739230607,0.00040960775849552267,4.0,-16.659999999999854,0.020815541560694317,0.020815541560694317,-0.014184537993124025,0.29754178500656003,0.0013667483879681586,0.0004188247480687579,1.0,-14.81000000000131,0.09784959953461003,0.09784959953461003,-0.02112126025946992,0.21076462100314508,-0.0004303049483277144,0.0005244609379787546,0,0
25,74.0,206.0,9924,0.6116376243114342,0.6116376243114342,38.54970214455917,14.22245375475375,0.233205014274025,0.7966289676495069,1259.0,-2.0,14.700000000000728,-0.19575823084379673,-0.19575823084379673,0.48285014561821527,0.036200115694917656,0.0018235017721725255,-0.0004208092655426654,4.0,21.459999999999127,-0.18766763172155354,-0.18766763172155354,0.409637278263169,-0.09602703802357482,0.002114509046095586,-1.1201507047142734e-05,1.0,3.899999999999636,-0.08821229140106779,-0.08821229140106779,0.6090283293619194,0.18669682574083346,0.001936899755998589,-0.0003300089036972764,0,0
26,69.0,187.0,10444,0.6339400668402015,0.6339400668402015,38.43917129997352,14.107351590936663,0.23402277601365737,0.7969419980825556,1259.0,-5.0,-19.0,0.02230244252876734,0.02230244252876734,-0.11053084458564655,-0.11510216381708815,0.0008177617396323555,0.00031303043304875544,-7.0,-4.299999999999272,-0.1734557883150294,-0.1734557883150294,0.3723193010325687,-0.0789020481221705,0.002641263511804881,-0.00010777883249390996,-3.0,-20.959999999999127,-0.15264024675433507,-0.15264024675433507,0.3581347630394447,0.21863973688438954,0.00400801189977304,0.00031104591557484795,0,0
27,73.0,216.09000000000015,9992,0.9000054809021666,0.9000054809021666,38.774722001588565,13.811368456922882,0.23294102445706455,0.7968631763132533,1259.0,4.0,29.090000000000146,0.26606541406196504,0.26606541406196504,0.3355507016150412,-0.29598313401378107,-0.0010817515565928193,-7.882176930229523e-05,-1.0,10.090000000000146,0.2883678565907324,0.2883678565907324,0.22501985702939464,-0.4110852978308692,-0.00026398981696046375,0.0002342086637464602,3.0,31.549999999999272,0.10070022486917884,0.10070022486917884,0.6346571352925636,-0.507112335854444,0.0018505192291351225,0.00022300715669931748,0,0
28,77.0,214.00000000000182,10141,0.7799957288894115,0.7799957288894115,39.07386814932486,14.572171177402648,0.23534409070004458,0.7967337306479407,1259.0,4.0,-2.0899999999983265,-0.1200097520127551,-0.1200097520127551,0.29914614773629467,0.7608027204797665,0.0024030662429800342,-0.0001294456653125886,8.0,27.00000000000182,0.14605566204920994,0.14605566204920994,0.6346968493513359,0.4648195864659854,0.001321314686387215,-0.00020826743461488384,1.0,22.700000000002547,-0.027400126265819447,-0.027400126265819447,1.0070161503839046,0.3859175383438149,0.003962578198192096,-0.0003160462671087938,0,0
29,75.0,199.0,10201,0.7281390134423504,0.7281390134423504,40.4814998676198,14.41345584817896,0.2386614836843604,0.797259388318414,1259.0,-2.0,-15.000000000001819,-0.05185671544706105,-0.05185671544706105,1.4076317182949438,-0.15871532922368736,0.0033173929843158256,0.0005256576704733007,2.0,-17.090000000000146,-0.17186646745981615,-0.17186646745981615,1.7067778660312385,0.6020873912560791,0.00572045922729586,0.0003962120051607121,1.0,-7.0,0.11650138913091623,0.11650138913091623,1.9317977230606331,0.1910020934252099,0.005456469410335396,0.0006304206689071723,0,0
30,78.0,232.45999999999913,10455,0.9190601839034561,0.9190601839034561,44.28332009531374,15.093067710476445,0.24746067835931684,0.7969583985899047,1259.0,3.0,33.45999999999913,0.19092117046110568,0.19092117046110568,3.8018202276939377,0.6796118622974845,0.008799194674956434,-0.0003009897285093377,1.0,18.459999999997308,0.13906445501404463,0.13906445501404463,5.2094519459888815,0.5208965330737971,0.01211658765927226,0.000224667941963963,9.0,45.45999999999913,0.2851201170632546,0.2851201170632546,5.844148795340217,0.9857161195397826,0.013437902345659475,1.6400507349079163e-05,0,0
31,77.0,201.34000000000015,10034,0.6210210812355664,0.6210210812355664,42.51030579825258,14.547309030601602,0.24790908317723984,0.7970722887707579,1259.0,-1.0,-31.11999999999898,-0.2980391026678897,-0.2980391026678897,-1.7730142970611595,-0.5457586798748437,0.0004484048179229927,0.00011389018085317115,2.0,2.3400000000001455,-0.107117932206784,-0.107117932206784,2.028805930632778,0.13385318242264077,0.009247599492879427,-0.00018709954765616654,4.0,-14.75,-0.27898439966660016,-0.27898439966660016,3.7355837966640166,0.7359405736787199,0.014968058720175287,0.00020911245750454555,0,1
32,76.0,239.95000000000073,10006,0.8784068320079743,0.8784068320079743,46.463456901748046,14.457711796859728,0.24702711773249797,0.7709731390576563,1259.0,-1.0,38.61000000000058,0.2573857507724079,0.2573857507724079,3.9531511034954647,-0.08959723374187334,-0.0008819654447418668,-0.026099149713101566,-2.0,7.490000000001601,-0.040653351895481804,-0.040653351895481804,2.180136806434305,-0.6353559136167171,-0.0004335606268188741,-0.025985259532248395,-1.0,25.94999999999891,0.09841110311856283,0.09841110311856283,7.389588752423187,-0.11445938054291993,0.011683027032453386,-0.025760591590284432,1,0
33,78.0,225.60000000000036,10241,0.8938346669072498,0.8938346669072498,47.33964737793852,14.64536575719669,0.30893822405450716,0.7287898430750862,1259.0,2.0,-14.350000000000364,0.015427834899275461,0.015427834899275461,0.8761904761904731,0.18765396033696113,0.06191110632200919,-0.04218329598257009,1.0,24.26000000000022,0.27281358567168335,0.27281358567168335,4.829341579685938,0.0980567265950878,0.061029140877267324,-0.06828244569567166,3.0,26.600000000000364,0.16569565346489934,0.16569565346489934,6.858147510318716,0.23190990901772857,0.07027674037014675,-0.06846954524332782,0,0
34,71.0,182.34000000000015,9884,0.8645188125645885,0.8645188125645885,45.1271790468012,16.183903426574496,0.3184879738800579,0.7658569231986999,1259.0,-7.0,-43.26000000000022,-0.029315854342661263,-0.029315854342661263,-2.212468331137316,1.5385376693778063,0.009549749825550735,0.037067080123613705,-5.0,-57.61000000000058,-0.013888019443385802,-0.013888019443385802,-1.336277854946843,1.7261916297147675,0.07146085614755993,-0.0051162158589563855,-7.0,-50.11999999999898,-0.054541371338867606,-0.054541371338867606,0.8438589514874621,1.0908357160980504,0.07102729552074105,-0.03110147539120478,0,0
35,79.0,178.0,9814,0.838154363283629,0.838154363283629,42.22413838988689,15.284438652369966,0.3143869306510597,0.7793077361423874,1259.0,8.0,-4.3400000000001455,-0.02636444928095949,-0.02636444928095949,-2.903040656914314,-0.8994647742045299,-0.00410104322899818,0.01345081294368744,1.0,-47.600000000000364,-0.05568030362362075,-0.05568030362362075,-5.11550898805163,0.6390728951732765,0.005448706596552555,0.050517893067301145,2.0,-23.340000000000146,0.2171332820480626,0.2171332820480626,-0.2861674083656922,0.7371296217683643,0.06647784747381988,-0.01776455262837051,0,0
36,74.0,201.0,10085,0.7996090538017714,0.7996090538017714,41.00270037154989,21.050128000587414,0.2993528125328981,0.7831683090141227,1259.0,-5.0,23.0,-0.03854530948185764,-0.03854530948185764,-1.2214380183369968,5.765689348217448,-0.015034118118161632,0.003860572871735357,3.0,18.659999999999854,-0.06490975876281713,-0.06490975876281713,-4.124478675251311,4.866224574012918,-0.019135161347159813,0.017311385815422797,-2.0,-38.95000000000073,-0.07879777820620293,-0.07879777820620293,-5.460756530198154,6.592416203727685,0.05232569480040011,0.012195169956466412,0,0
37,71.0,174.48999999999978,10552,0.9546426910825105,0.9546426910825105,40.602954425013245,16.066538628396597,0.3075296905102684,0.7849144708087373,1259.0,-3.0,-26.51000000000022,0.15503363728073916,0.15503363728073916,-0.3997459465366475,-4.983589372190817,0.008176877977370323,0.0017461617946146202,-8.0,-3.5100000000002183,0.11648832779888152,0.11648832779888152,-1.6211839648736444,0.7820999760266307,-0.00685724014079131,0.005606734666349977,-7.0,-51.11000000000058,0.060808024175260766,0.060808024175260766,-6.736692952925274,1.4211728711999072,-0.0014085335442387548,0.05612462773365112,0,0
38,79.0,205.0,10764,0.6673410009963381,0.6673410009963381,40.10945945945946,15.015065863321475,0.29393748687110216,0.7851594723446268,1259.0,8.0,30.51000000000022,-0.28730169008617246,-0.28730169008617246,-0.49349496555378636,-1.0514727650751219,-0.013592203639166245,0.0002450015358894664,5.0,4.0,-0.1322680528054333,-0.1322680528054333,-0.8932409120904339,-6.035062137265939,-0.005415325661795922,0.0019911633305040866,8.0,22.659999999999854,-0.19717781156825043,-0.19717781156825043,-5.017719587341745,-1.168837563253021,-0.024550487008955735,0.019302549145926884,0,0
39,72.0,192.1800000000003,10492,0.7356649592522343,0.7356649592522343,39.46276497085321,14.829269007499594,0.24582509814773393,0.7858622714019916,1259.0,-7.0,-12.819999999999709,0.06832395825589621,0.06832395825589621,-0.6466944886062507,-0.18579685582188077,-0.04811238872336823,0.0007027990573648113,1.0,17.69000000000051,-0.21897773183027625,-0.21897773183027625,-1.140189454160037,-1.2372696208970027,-0.06170459236253448,0.0009478005932542777,-7.0,14.180000000000291,-0.10248940403139473,-0.10248940403139473,-2.7613734190336814,-0.4551696448703719,-0.06856183250332579,0.006554535259604255,0,0
40,78.0,215.67000000000007,10734,1.0495447038125572,1.0495447038125572,40.312857710651826,14.65153332575001,0.2439421809990018,0.7861959537586293,1259.0,6.0,23.48999999999978,0.31387974456032286,0.31387974456032286,0.8500927397986189,-0.1777356817495832,-0.0018829171487321217,0.00033368235663766566,-1.0,10.670000000000073,0.38220370281621907,0.38220370281621907,0.2033982511923682,-0.363532537571464,-0.049995305872100354,0.001036481414002477,4.0,14.670000000000073,0.24993565001078577,0.24993565001078577,-0.6898426608980657,-6.398594674837403,-0.055410631533896276,0.0030276447445065635,0,0
41,71.0,216.0,10399,0.7356832967364276,0.7356832967364276,42.77766520990597,13.953502307736533,0.24202003844453956,0.786281917318881,1259.0,-7.0,0.32999999999992724,-0.31386140707612953,-0.31386140707612953,2.4648074992541424,-0.6980310180134772,-0.0019221425544622417,8.59635602517006e-05,-1.0,23.81999999999971,1.8337484193331477e-05,1.8337484193331477e-05,3.3149002390527613,-0.8757666997630604,-0.0038050597031943634,0.00041964591688936626,0.0,41.51000000000022,-0.21895939434608291,-0.21895939434608291,2.1747107848927243,-2.113036320660063,-0.06550965206572884,0.001367446510143644,0,0
42,77.85000000000036,210.96999999999935,10204,0.6777784153069313,0.6777784153069313,44.20871690734055,14.681436401578694,0.24278831441269796,0.7625880092292827,1259.0,6.850000000000364,-5.030000000000655,-0.05790488142949635,-0.05790488142949635,1.431051697434583,0.7279340938421601,0.0007682759681583995,-0.02369390808959826,-0.1499999999996362,-4.700000000000728,-0.3717662885056259,-0.3717662885056259,3.8958591966887255,0.0299030758286829,-0.0011538665863038422,-0.02360794452934656,-1.1499999999996362,5.969999999999345,0.010437414310593196,0.010437414310593196,4.099257447881094,-0.3336294617427811,-0.051149172458404196,-0.02257146311534408,0,1
43,98.29999999999927,243.4300000000003,10558,0.8549374713839263,0.8549374713839263,45.95549789410349,14.674773953705225,0.3048213419690465,0.7183412053728897,1259.0,20.44999999999891,32.460000000000946,0.177159056076995,0.177159056076995,1.7467809867629356,-0.00666244787346848,0.06203302755634851,-0.04424680385639301,27.299999999999272,27.43000000000029,0.11925417464749866,0.11925417464749866,3.1778326841975186,0.7212716459686916,0.06280130352450691,-0.06794071194599127,26.299999999999272,51.25,0.11927251213169199,0.11927251213169199,6.49273292325028,-0.1544950537943688,0.05899624382131255,-0.0675210660291019,1,0
44,77.0,193.0,10369,0.9800038183848998,0.9800038183848998,43.687805579522575,15.531570318573191,0.31418909863656413,0.7549176452391844,1259.0,-21.299999999999272,-50.43000000000029,0.12506634700097352,0.12506634700097352,-2.2676923145809127,0.8567963648679662,0.009367756667517657,0.03657643986629466,-0.8500000000003638,-17.969999999999345,0.3022254030779685,0.3022254030779685,-0.5209113278179771,0.8501339169944977,0.07140078422386617,-0.00767036399009835,-1.0,-22.670000000000073,-0.06954088542765735,-0.06954088542765735,3.3749478688707484,0.8800369928231806,0.07024691763756233,-0.03127830851944491,0,0
45,80.0,207.0,10395,0.6824669290933261,0.6824669290933261,41.0930394894296,15.652002581883623,0.30882957551720774,0.7698094606351747,1259.0,3.0,14.0,-0.29753688929157374,-0.29753688929157374,-2.5947660900929748,0.12043226331043222,-0.005359523119356391,0.014891815395990382,-18.299999999999272,-36.43000000000029,-0.17247054229060022,-0.17247054229060022,-4.8624584046738875,0.9772286281783984,0.004008233548161266,0.051468255262285045,9.0,-9.0,-0.05321636764310156,-0.05321636764310156,-1.6846257204763688,1.69850027414709,0.06680953707266818,-0.016472456683706227,0,0
46,91.0,208.92000000000007,10109,0.6912284461097835,0.6912284461097835,42.106529136537645,20.675085525182343,0.2984479699204017,0.7683997185782805,1259.0,11.0,1.9200000000000728,0.008761517016457443,0.008761517016457443,1.0134896471080452,5.02308294329872,-0.010381605596806065,-0.0014097420568942587,14.0,15.920000000000073,-0.2887753722751163,-0.2887753722751163,-1.5812764429849295,5.143515206609152,-0.015741128716162456,0.013482073339096123,13.149999999999636,-2.0499999999992724,0.01345003080285223,0.01345003080285223,-2.1021877708029066,5.9936491236036495,0.055659655507703715,0.005811709348997773,0,0
47,85.0,220.27999999999884,10137,0.9863636054899574,0.9863636054899574,46.09089802130898,17.301620928624615,0.3232061225928803,0.6911782537051336,1259.0,-6.0,11.359999999998763,0.2951351593801739,0.2951351593801739,3.984368884771335,-3.373464596557728,0.024758152672478606,-0.07722146487314685,5.0,13.279999999998836,0.3038966763966313,0.3038966763966313,4.9978585318793805,1.6496183467409917,0.014376547075672541,-0.07863120693004111,-13.299999999999272,-23.150000000001455,0.1314261341060311,0.1314261341060311,0.135400127205493,2.62684697491939,0.018384780623833807,-0.027162951667756063,0,0
48,96.25,216.0,10256,0.7435057705571207,0.7435057705571207,45.1048277425204,15.371191463532524,0.34974784862779573,0.7359464092746636,1259.0,11.25,-4.279999999998836,-0.24285783493283664,-0.24285783493283664,-0.9860702787885813,-1.9304294650920912,0.026541726034915447,0.044768155569529955,5.25,7.079999999999927,0.05227732444733724,0.05227732444733724,2.998298605982754,-5.303894061649819,0.05129987870739405,-0.032453309303616895,19.25,23.0,-0.23649804782777906,-0.23649804782777906,1.4170221629978244,-0.1603788550406673,0.0355587499912316,-0.018971235964520772,0,0
49,89.0,223.0,10099,0.7060056548228433,0.7060056548228433,39.72261904761905,16.14630060460595,0.316993582167364,0.7564985082810184,1259.0,-7.25,7.0,-0.03750011573427747,-0.03750011573427747,-5.382208694901351,0.7751091410734272,-0.032754266460431725,0.020552099006354796,4.0,2.720000000001164,-0.2803579506671141,-0.2803579506671141,-6.368278973689932,-1.155320324018664,-0.0062125404255162775,0.06532025457588475,9.0,16.0,0.023538725729517207,0.023538725729517207,-1.370420441810552,0.4942980227223277,0.008164006650156264,-0.013310952354156358,0,1
50,80.0,239.78999999999905,10322,0.8261469978059962,0.8261469978059962,39.5841153081511,15.412593781076534,0.300209095732198,0.7622364894763843,1259.0,-9.0,16.789999999999054,0.12014134298315293,0.12014134298315293,-0.13850373946795003,-0.7337068235294169,-0.016784486435166,0.005737981195365949,-16.25,23.789999999999054,0.08264122724887546,0.08264122724887546,-5.520712434369301,0.04140231754401036,-0.049538752895597726,0.026290080201720745,-11.0,30.86999999999898,0.1349185516962127,0.1349185516962127,-2.522413828386547,-5.262491744105809,0.0017611258117963269,-0.0061632291018961505,1,1
51,88.69999999999891,255.0799999999981,10547,0.9311909008751712,0.9311909008751712,39.343175800900184,21.631870655874494,0.30134548836653946,0.7641248944197157,1259.0,8.699999999998909,15.289999999999054,0.105043903069175,0.105043903069175,-0.24093950725091418,6.219276874797959,0.0011363926343414543,0.0018884049433313121,-0.3000000000010914,32.07999999999811,0.22518524605232793,0.22518524605232793,-0.3794432467188642,5.485570051268542,-0.015648093800824547,0.007626386138697261,3.6999999999989086,34.79999999999927,-0.05517270461478618,-0.05517270461478618,-6.7477222204087965,4.330249727249878,-0.021860634226340825,0.07294664071458201,1,0
52,76.0,210.04999999999927,10396,0.879028190743369,0.879028190743369,39.67310696319831,15.055402608070144,0.3168502853517137,0.7649022040421606,1259.0,-12.699999999998909,-45.029999999998836,-0.05216271013180218,-0.05216271013180218,0.3299311622981236,-6.576468047804349,0.015504796985174263,0.0007773096224449327,-4.0,-29.73999999999978,0.05288119293737281,0.05288119293737281,0.0889916550472094,-0.3571911730063899,0.016641189619515717,0.002665714565776245,-20.25,-5.950000000000728,0.13552242018624827,0.13552242018624827,-5.431720779322092,-0.31578885546237956,-0.03289756327608201,0.02895579476749699,0,0
53,76.0,187.25,10076,0.8870820594145771,0.8870820594145771,39.70515620863119,14.858022294029706,0.26213912710234943,0.7658335430919825,1259.0,0.0,-22.799999999999272,0.008053868671208053,0.008053868671208053,0.032049245432880014,-0.19738031404043888,-0.05471115824936429,0.0009313390498218999,-12.699999999998909,-67.82999999999811,-0.04410884146059413,-0.04410884146059413,0.3619804077310036,-6.773848361844788,-0.039206361264190026,0.0017086486722668326,-13.0,-35.75,0.1810764045917338,0.1810764045917338,-0.017462838987860607,-1.2882783105762456,-0.05485445506501457,0.009335034810964093,0,0
54,75.0,193.13999999999942,10287,0.7051177013674451,0.7051177013674451,39.3089025681758,14.843158760598666,0.23740984519704106,0.7660881157150727,1259.0,-1.0,5.889999999999418,-0.18196435804713196,-0.18196435804713196,-0.39625364045538447,-0.014863533431039855,-0.024729281905308376,0.0002545726230902545,-1.0,-16.909999999999854,-0.1739104893759239,-0.1739104893759239,-0.36420439502250446,-0.21224384747147873,-0.07944044015467266,0.0011859116729121544,-5.0,-46.649999999999636,-0.12102929643855109,-0.12102929643855109,-0.27521273997529505,-0.5694350204778686,-0.06279925053515695,0.0038516262386883993,0,0
55,75.0,201.32999999999993,10368,0.8334472307662824,0.8334472307662824,39.774894095843266,14.878317140744764,0.23744870671768661,0.7662897547117895,1259.0,0.0,8.19000000000051,0.12832952939883724,0.12832952939883724,0.46599152766746244,0.03515838014609862,3.886152064555559e-05,0.00020163899671676866,-1.0,14.079999999999927,-0.05363482864829472,-0.05363482864829472,0.06973788721207796,0.020294846715058767,-0.02469042038466282,0.0004562116198070232,-13.699999999998909,-53.74999999999818,-0.09774367010888885,-0.09774367010888885,0.43171829494308156,-6.753553515129729,-0.06389678164885285,0.0021648602920738558,0,0
56,92.0,215.5599999999995,10645,0.8288198092275387,0.8288198092275387,39.255917394757745,15.164464653183996,0.24827815079329052,0.76712569541282,1259.0,17.0,14.229999999999563,-0.004627421538743626,-0.004627421538743626,-0.5189767010855206,0.2861475124392321,0.010829444075603906,0.0008359407010305464,17.0,22.420000000000073,0.12370210786009361,0.12370210786009361,-0.052985173418058196,0.3213058925853307,0.010868305596249461,0.001037579697747315,16.0,5.510000000000218,-0.05020838151583029,-0.05020838151583029,-0.41718956844056265,0.10906204511385198,-0.0685721345584232,0.0022234913706594694,0,0
57,76.0,202.0,10555,1.2885794233801409,1.2885794233801409,39.69780248874768,15.049386426905247,0.23838047693303185,0.7673540106756176,1259.0,-16.0,-13.55999999999949,0.45975961415260214,0.45975961415260214,0.4418850939899386,-0.11507822627874909,-0.009897673860258666,0.00022831526279754044,1.0,0.6700000000000728,0.4551321926138585,0.4551321926138585,-0.07709160709558205,0.171069286160483,0.0009317702153452401,0.0010642559638280868,0.0,14.75,0.4014973639655638,0.4014973639655638,-0.007353719883504084,0.19136413287554177,-0.02375865016931758,0.00152046758363511,0,0
58,72.0,211.3399999999965,10762,0.8687867306234761,0.8687867306234761,39.51544214985438,14.872864216563785,0.24526132739682058,0.7687047640928256,1259.0,-4.0,9.339999999996508,-0.41979269275666475,-0.41979269275666475,-0.18236033889330372,-0.17652221034146187,0.0068808504637887236,0.0013507534172080282,-20.0,-4.220000000002983,0.03996692139593738,0.03996692139593738,0.25952475509663486,-0.29160043662021096,-0.003016823396469942,0.0015790686800055687,-3.0,18.19999999999709,0.163669029256031,0.163669029256031,0.20653958167857667,0.029705455965119754,0.00785148219977952,0.0026166483777528837,0,0
59,71.0,168.5599999999995,11145,0.8898042184333707,0.8898042184333707,39.70048980672491,15.102779797793906,0.23213801824088784,0.7691273836430185,1259.0,-1.0,-42.77999999999702,0.02101748780989454,0.02101748780989454,0.18504765687053037,0.22991558123012013,-0.013123309155932739,0.0004226195501928487,-5.0,-33.44000000000051,-0.3987752049467702,-0.3987752049467702,0.0026873179772266553,0.053393370888658254,-0.006242458692144015,0.001773372967400877,-4.0,-32.77000000000044,0.0563569876670883,0.0563569876670883,-0.0744042891183554,0.22446265704914126,-0.005310688476798775,0.0028376289312289638,0,0
60,78.0,205.21999999999935,11179,0.892588714199508,0.892588714199508,41.0503441885094,15.190707169870427,0.2373750656064448,0.7692036119314107,1259.0,7.0,36.659999999999854,0.0027844957661373737,0.0027844957661373737,1.349854381784489,0.08792737207652124,0.005237047365556968,7.622828839226603e-05,6.0,-6.119999999997162,0.023801983576031915,0.023801983576031915,1.5349020386550194,0.31784295330664136,-0.00788626179037577,0.0004988478385851147,-14.0,-10.340000000000146,0.0637689049719693,0.0637689049719693,1.7944267937516543,0.026242516686430406,-0.010903085186845712,0.0020779165185906834,0,0
61,79.89999999999964,231.0,11743,0.763480885874749,0.763480885874749,39.80252846174212,15.355359653801585,0.23936041726285595,0.7700033520212999,1259.0,1.8999999999996362,25.780000000000655,-0.12910782832475898,-0.12910782832475898,-1.2478157267672785,0.1646524839311585,0.001985351656411144,0.0007997400898891449,8.899999999999636,62.44000000000051,-0.1263233325586216,-0.1263233325586216,0.10203865501721054,0.25257985600767974,0.007222399021968112,0.0008759683782814109,3.899999999999636,29.0,-0.5250985375053918,-0.5250985375053918,0.1047259729944372,0.305973226896338,0.0009799403298240972,0.002649341345682288,0,0
62,80.0,202.0,11903,0.6625936003481911,0.6625936003481911,39.44193804606831,15.200679069029599,0.23691611504842663,0.7698233013971161,1259.0,0.1000000000003638,-29.0,-0.1008872855265579,-0.1008872855265579,-0.360590415673812,-0.15468058477198632,-0.002444302214429317,-0.0001800506241838029,2.0,-3.219999999999345,-0.22999511385131688,-0.22999511385131688,-1.6084061424410905,0.009971899159172182,-0.00045895055801817297,0.000619689465705342,8.0,-9.339999999996508,-0.20619313027528496,-0.20619313027528496,-0.07350410378607108,0.32781485246581354,-0.008345212348393943,0.0011185373042904567,0,0
63,74.0,198.6800000000003,11733,0.7071656998473191,0.7071656998473191,39.14179904686259,15.23240168786466,0.2357626196783845,0.7700831707362811,1259.0,-6.0,-3.319999999999709,0.04457209949912799,0.04457209949912799,-0.3001389992057213,0.03172261883506167,-0.0011534953700421402,0.00025986933916499755,-5.899999999999636,-32.31999999999971,-0.05631518602742991,-0.05631518602742991,-0.6607294148795333,-0.12295796593692465,-0.003597797584471457,7.981871498119464e-05,3.0,30.1200000000008,-0.1826385185860515,-0.1826385185860515,-0.5586907598623227,0.12962189007075509,0.003624601437496655,0.0009557870932626056,0,0
64,74.0,183.3799999999992,11563,0.8993106100468907,0.8993106100468907,38.81435001323802,15.247838513264414,0.23278265392947278,0.7706958679474943,1259.0,0.0,-15.300000000001091,0.19214491019957158,0.19214491019957158,-0.3274490336245677,0.015436825399753218,-0.0029799657489117115,0.0006126972112132645,-6.0,-18.6200000000008,0.23671700969869958,0.23671700969869958,-0.627588032830289,0.047159444234814885,-0.004133461118953852,0.000872566550378262,-4.0,-21.840000000000146,0.006721895847382697,0.006721895847382697,-2.2359941752713794,0.057131343393987066,-0.004592411676972025,0.001492256016083604,0,0
65,76.79999999999927,206.0,12165,0.7998749665636314,0.7998749665636314,39.10773762245168,15.208932403927507,0.2348653398243668,0.7705156110031819,1259.0,2.7999999999992724,22.6200000000008,-0.09943564348325928,-0.09943564348325928,0.29338760921366003,-0.038906109336906525,0.002082685894894021,-0.00018025694431245132,2.7999999999992724,7.319999999999709,0.0927092667163123,0.0927092667163123,-0.03406142441090765,-0.023469283937153307,-0.0008972798540176907,0.00043244026690081316,-3.100000000000364,-25.0,0.03639408068888239,0.03639408068888239,-0.6947908392904409,-0.14642724987407796,-0.004495077438489148,0.0005122589818820078,0,0
66,70.0,190.53000000000065,12348,0.6869779567385418,0.6869779567385418,39.138734445326975,15.354288691670279,0.2331040902324267,0.7710722286233455,1259.0,-6.799999999999272,-15.469999999999345,-0.11289700982508966,-0.11289700982508966,0.030996822875295038,0.14535628774277143,-0.0017612495919401006,0.0005566176201635686,-4.0,7.150000000001455,-0.21233265330834894,-0.21233265330834894,0.32438443208895507,0.1064501784058649,0.00032143630295392023,0.0003763606758511173,-10.0,-11.469999999999345,0.024384356390350637,0.024384356390350637,-0.3032036007413339,0.1536096226406798,-0.0038120248159999315,0.0012489272262293794,0,0
67,74.0,193.0,12465,0.6852471833530679,0.6852471833530679,39.048583531903624,15.032000929494082,0.23197377463831387,0.771046591808722,1259.0,4.0,2.469999999999345,-0.0017307733854738938,-0.0017307733854738938,-0.09015091342335069,-0.32228776217619703,-0.0011303155941128351,-2.5636814623419824e-05,-2.7999999999992724,-13.0,-0.11462778321056355,-0.11462778321056355,-0.05915409054805565,-0.1769314744334256,-0.0028915651860529357,0.0005309808055401488,0.0,-5.680000000000291,-0.02191851649425125,-0.02191851649425125,-0.0932155149589633,-0.2004007583705789,-0.0037888450400706264,0.000963421072440962,0,0
68,73.0,227.0,13011,0.9975939320658783,0.9975939320658783,38.468347895154885,15.112132566901705,0.23326690044572063,0.7711219555617704,1259.0,-1.0,34.0,0.31234674871281043,0.31234674871281043,-0.5802356367487391,0.0801316374076233,0.0012931258074067586,7.536375304839638e-05,3.0,36.469999999999345,0.31061597532733654,0.31061597532733654,-0.6703865501720898,-0.24215612476857373,0.00016281021329392353,4.972693842497655e-05,-1.0,43.6200000000008,0.0982833220189876,0.0982833220189876,-0.34600211808313475,-0.13570594636270883,0.00048424651624784376,0.0004260876142760939,0,0
69,82.0,204.5799999999981,13122,1.0038589752864273,1.0038589752864273,38.28770849880858,15.299185320305419,0.23315956508740673,0.7719055064809616,1259.0,9.0,-22.42000000000189,0.006265043220548994,0.006265043220548994,-0.180639396346308,0.18705275340371408,-0.00010733535831389251,0.0007835509191911338,8.0,11.579999999998108,0.3186117919333594,0.3186117919333594,-0.7608750330950471,0.2671843908113374,0.0011857904490928661,0.0008589146722395302,5.200000000000728,-1.4200000000018917,0.20398400872279587,0.20398400872279587,-0.8200291236431028,0.09025291637791177,-0.0017057747369600695,0.001389895477779679,0,0
70,75.0,205.34000000000015,13067,1.1527922750982773,1.1527922750982773,38.41378739740534,14.982242233929663,0.23406623654961647,0.7716328077036014,1259.0,-7.0,0.7600000000020373,0.14893329981185,0.14893329981185,0.12607889859676646,-0.3169430863757565,0.0009066714622097405,-0.00027269877736013637,2.0,-21.659999999999854,0.155198343032399,0.155198343032399,-0.054560497749541526,-0.12989033297204244,0.000799336103895848,0.0005108521418309975,5.0,14.80999999999949,0.4658143183597355,0.4658143183597355,-0.7249470479216313,-0.3720464577406162,0.0009621463171897715,0.000560579080255974,0,0
71,80.0,198.42000000000007,13059,0.7162120857007764,0.7162120857007764,39.96768599417527,14.163883146338842,0.23132768363190595,0.7722702166502016,1259.0,5.0,-6.920000000000073,-0.4365801893975009,-0.4365801893975009,1.5538985967699261,-0.8183590875908209,-0.002738552917710524,0.0006374089466001376,-2.0,-6.1599999999980355,-0.2876468895856509,-0.2876468895856509,1.6799774953666926,-1.1353021739665774,-0.0018318814555007834,0.0003647101692400012,6.0,5.420000000000073,0.030964902347708545,0.030964902347708545,0.9191024622716455,-0.86811778315524,-0.0006460910064079173,0.0012236248414795314,0,0
72,79.0,200.36000000000058,12983,0.7040167414206163,0.7040167414206163,37.853911834789514,15.159482869711846,0.23000420317564976,0.7726934014851371,1259.0,-1.0,1.9400000000005093,-0.012195344280160114,-0.012195344280160114,-2.1137741593857555,0.9955997233730045,-0.0013234804562561875,0.0004231848349355305,4.0,-4.979999999999563,-0.448775533677661,-0.448775533677661,-0.5598755626158294,0.17724063578218363,-0.004062033373966711,0.001060593781535668,6.0,-26.639999999999418,-0.293577190645262,-0.293577190645262,-0.6144360603653709,0.04735030281014119,-0.0032626972700708634,0.0015714459233666656,0,0
73,72.0,197.0,12967,0.6868027902819187,0.6868027902819187,37.396975112523165,15.279033779100011,0.2310408300641487,0.7725319587777209,1259.0,-7.0,-3.360000000000582,-0.017213951138697614,-0.017213951138697614,-0.45693672226634874,0.11955090938816504,0.001036626888498926,-0.00016144270741624833,-8.0,-1.4200000000000728,-0.029409295418857728,-0.029409295418857728,-2.5707108816521043,1.1151506327611695,-0.00028685356775726145,0.00026174212751928216,-10.0,-7.579999999998108,-0.3170561850045086,-0.3170561850045086,-0.8907333862854117,-0.020151541205407852,-0.002118735023258045,0.0006264522967592834,0,0
74,75.0,191.26000000000022,12359,0.7474334924049822,0.7474334924049822,37.12977230606301,15.35359339731414,0.23179203116743902,0.7730516555102881,1259.0,3.0,-5.739999999999782,0.06063070212306354,0.06063070212306354,-0.2672028064601548,0.07455961821412949,0.0007512011032903276,0.000519696732567243,-4.0,-9.100000000000364,0.043416750984365926,0.043416750984365926,-0.7241395287265036,0.19411052760229452,0.0017878279917892537,0.0003582540251509947,0.0,-14.079999999999927,-0.40535878269329506,-0.40535878269329506,-1.284015091342333,0.37135116338447816,-0.0022742053821774577,0.0014188478066866628,0,0
75,75.0,200.0,12104,0.744772941470805,0.744772941470805,37.53641779189833,16.157697325091032,0.23441379866259446,0.773047664508259,1259.0,0.0,8.739999999999782,-0.002660550934177275,-0.002660550934177275,0.4066454858353197,0.8041039277768913,0.0026217674951554415,-3.991002029080093e-06,3.0,3.0,0.057970151188886265,0.057970151188886265,0.13944267937516486,0.8786635459910208,0.003372968598445769,0.0005157057305381629,-5.0,1.5799999999999272,0.028560855770028537,0.028560855770028537,-2.4312682022769394,1.9938141787521904,0.0030861150306885077,0.0007774478580574451,0,0
76,75.0,208.79999999999927,12111,0.8491644456845985,0.8491644456845985,37.200396547702354,15.25892543885817,0.2348377046965766,0.7732454390635654,1259.0,0.0,8.799999999999272,0.1043915042137935,0.1043915042137935,-0.336021244195976,-0.8987718862328613,0.0004239060339821521,0.00019777455530634036,0.0,17.539999999999054,0.10173095327961623,0.10173095327961623,0.07062424163934367,-0.09466795845596998,0.0030456735291375936,0.00019378355327726027,-4.0,8.43999999999869,0.14514770426398216,0.14514770426398216,-0.6535152870871599,0.09944256914632454,0.004833501520926847,0.000552037578428255,0,0
77,77.0,221.07999999999993,12293,0.7857271256354835,0.7857271256354835,36.85029785544083,15.149837055980347,0.23330726358993548,0.7738137149545671,1259.0,2.0,12.280000000000655,-0.06343732004911495,-0.06343732004911495,-0.35009869226152546,-0.10908838287782352,-0.0015304411066411339,0.0005682758910017238,2.0,21.079999999999927,0.04095418416467855,0.04095418416467855,-0.6861199364575015,-1.0078602691106848,-0.0011065350726589818,0.0007660504463080642,5.0,24.079999999999927,0.09892433535356482,0.09892433535356482,-0.5466772570823366,-0.12919672311966401,0.0022664335257867874,0.0012817561768462271,0,0
78,71.0,183.0,12376,0.7397960369165933,0.7397960369165933,37.11205983584856,15.068764942824314,0.23142571048214394,0.7738510299240245,1259.0,-6.0,-38.07999999999993,-0.04593108871889018,-0.04593108871889018,0.2617619804077336,-0.0810721131560328,-0.0018815531077915337,3.731496945746926e-05,-4.0,-25.799999999999272,-0.10936840876800513,-0.10936840876800513,-0.08833671185379188,-0.19016049603385632,-0.0034119942144326676,0.0006055908604591931,-4.0,-8.260000000000218,-0.0076374554883889,-0.0076374554883889,-0.017712470214448217,-0.2848284544898263,-0.000366320685295074,0.0007993744137364533,0,0
79,75.0,192.3199999999997,11869,0.816284897521686,0.816284897521686,36.48615303150648,15.121720052029222,0.22976234325114095,0.7742787787041274,1259.0,4.0,9.319999999999709,0.07648886060509263,0.07648886060509263,-0.6259068043420797,0.0529551092049072,-0.0016633672310029934,0.00042774878010287676,-2.0,-28.76000000000022,0.030557771886202456,0.030557771886202456,-0.3641448239343461,-0.028117003951125596,-0.003544920338794527,0.000465063749560346,0.0,-7.680000000000291,0.07151195605088101,0.07151195605088101,-1.0502647603918476,-1.0359772730618104,-0.004651455411453509,0.0012311141958684102,0,0
80,73.0,200.0,12139,0.6569197642856207,0.6569197642856207,36.613992586709024,15.058917722303493,0.23122358088582792,0.7746243982489285,1259.0,-2.0,7.680000000000291,-0.15936513323606527,-0.15936513323606527,0.12783955520254153,-0.06280232972572897,0.0014612376346869738,0.00034561954480105683,2.0,17.0,-0.08287627263097264,-0.08287627263097264,-0.49806724913953815,-0.009847220520821764,-0.00020212959631601968,0.0007733683249039336,-2.0,-8.799999999999272,-0.19224468139897777,-0.19224468139897777,-0.58640396099333,-0.20000771655467808,-0.0036141238107486873,0.0013789591853631267,0,0
81,73.0,197.03999999999905,12597,0.691842058160523,0.691842058160523,36.353455123113584,15.110131050523771,0.22847320062781504,0.7746478883494831,1259.0,0.0,-2.960000000000946,0.03492229387490231,0.03492229387490231,-0.2605374635954405,0.05121332822027824,-0.0027503802580128855,2.3490100554579563e-05,-2.0,4.719999999999345,-0.12444283936116296,-0.12444283936116296,-0.13269790839289897,-0.011589001505450724,-0.0012891426233259118,0.0003691096453556364,-4.0,-24.040000000000873,-0.0938850674749605,-0.0938850674749605,-0.4968427323272451,-0.03970600545657632,-0.004834062962120439,0.0008341733949159824,0,0
82,66.0,176.8799999999992,11413,0.6669124428833907,0.6669124428833907,36.4808247286206,15.285637908748093,0.23013918623819155,0.7749770768963221,1259.0,-7.0,-20.159999999999854,-0.024929615277132333,-0.024929615277132333,0.12736960550701326,0.17550685822432222,0.001665985610376508,0.0003291885468390543,-7.0,-23.1200000000008,0.009992678597769977,0.009992678597769977,-0.13316785808842724,0.22672018644460046,-0.0010843946476363775,0.00035267864739363386,-5.0,-6.1200000000008,-0.07288359403320266,-0.07288359403320266,-0.6312351072279654,0.2168729659237787,-0.0012865242439523972,0.0011260469722975675,0,0
83,72.0,179.65999999999985,10535,0.7793009268424684,0.7793009268424684,36.130771776542225,15.114736360011905,0.23284088150989504,0.7750096259560255,1259.0,6.0,2.780000000000655,0.11238848395907775,0.11238848395907775,-0.3500529520783715,-0.1709015487361878,0.002701695271703497,3.254905970340172e-05,-1.0,-17.3799999999992,0.08745886868194541,0.08745886868194541,-0.22268334657135824,0.004605309488134424,0.004367680882080005,0.000361737606542456,-3.0,-12.659999999999854,-0.03698397067921755,-0.03698397067921755,-0.3553812549642572,-0.006983692017316301,0.0030785382587540933,0.0007308472518980924,0,0
84,71.0,189.0,10359,0.5938686708322664,0.5938686708322664,36.138410113846966,15.06468994347093,0.23085401850477746,0.7752290260611876,1259.0,-1.0,9.340000000000146,-0.18543225601020208,-0.18543225601020208,0.007638337304740617,-0.05004641654097597,-0.0019868630051175784,0.00021940010516208197,5.0,12.1200000000008,-0.07304377205112433,-0.07304377205112433,-0.3424146147736309,-0.22094796527716376,0.0007148322665859186,0.0002519491648654837,-2.0,-11.0,-0.06305109345335436,-0.06305109345335436,-0.4755824728620581,0.0057722211674366974,-0.0003695623810504589,0.0006046278122591175,0,0
85,76.0,195.92000000000007,10709,0.8719745111836571,0.8719745111836571,36.423418056658726,15.211075791410929,0.2319309084528959,0.7756443747080347,1259.0,5.0,6.920000000000073,0.27810584035139074,0.27810584035139074,0.28500794281175956,0.14638584793999954,0.0010768899481184424,0.0004153486468471135,4.0,16.26000000000022,0.09267358434118866,0.09267358434118866,0.2926462801165002,0.09633943139902357,-0.000909973056999136,0.0006347487520091954,3.0,-1.1199999999989814,0.18013245302313408,0.18013245302313408,0.06996293354514194,0.10094474088715799,0.003457707825080869,0.0009964863585516515,0,0
86,74.0,184.52000000000044,11049,1.4701070923484416,1.4701070923484416,36.18643102991793,15.282954426442748,0.23668427526044747,0.7756988079042261,1259.0,-2.0,-11.399999999999636,0.5981325811647845,0.5981325811647845,-0.23698702674079897,0.07187863503181902,0.004753366807551562,5.443319619136133e-05,3.0,-4.479999999999563,0.8762384215161753,0.8762384215161753,0.048020916070960595,0.21826448297181855,0.005830256755670005,0.0004697818430384748,8.0,7.640000000001237,0.8031946494650509,0.8031946494650509,-0.2943936987026703,-0.0026834823053452084,0.006545089022255923,0.0007217310079039585,0,0
87,74.0,184.0,11154,0.6494276383696892,0.6494276383696892,36.69780910775748,14.911657076797786,0.23540216038773049,0.7757715564383885,1259.0,0.0,-0.5200000000004366,-0.8206794539787524,-0.8206794539787524,0.5113780778395522,-0.3712973496449621,-0.0012821148727169829,7.274853416239235e-05,-2.0,-11.920000000000073,-0.2225468728139679,-0.2225468728139679,0.2743910510987533,-0.29941871461314307,0.0034712519348345794,0.00012718173035375369,2.0,4.3400000000001455,-0.12987328847277924,-0.12987328847277924,0.5670373312152535,-0.2030792832141195,0.0025612788778354434,0.0007619304823629491,0,0
88,71.0,203.0,11461,0.9114212988655459,0.9114212988655459,36.57108154620069,15.515233150773367,0.23060814060327087,0.7761608270352752,1259.0,-3.0,19.0,0.2619936604958567,0.2619936604958567,-0.1267275615567911,0.6035760739755816,-0.004794019784459619,0.00038927059688675936,-3.0,18.479999999999563,-0.5586857934828957,-0.5586857934828957,0.38465051628276115,0.23227872433061947,-0.006076134657176602,0.0004620191310491517,0.0,14.0,0.31755262803327955,0.31755262803327955,0.43267143235372174,0.450543207302438,-0.00024587790150659705,0.0009318009740876265,0,0
89,69.0,196.0,11383,0.7956613052583127,0.7956613052583127,37.146789780248874,15.394771941367603,0.230221334952995,0.7761041830227998,1259.0,-2.0,-7.0,-0.11575999360723321,-0.11575999360723321,0.5757082340481858,-0.12046120940576444,-0.00038680565027587877,-5.664401247540418e-05,-5.0,12.0,0.1462336668886235,0.1462336668886235,0.44898067249139473,0.4831148645698171,-0.005180825434735498,0.0003326265844113552,-7.0,0.07999999999992724,-0.07631320592534441,-0.07631320592534441,0.723371723590148,0.18369614995667405,-0.0017095734999009182,0.00045980831476510886,0,0
90,72.0,203.0,12901,0.8488859653239527,0.8488859653239527,38.7965713529256,15.457068497663672,0.23615901773908213,0.7764086398555704,1259.0,3.0,7.0,0.05322466006563997,0.05322466006563997,1.64978157267673,0.06229655629606867,0.0059376827860871395,0.0003044568327705832,1.0,0.0,-0.06253533354159324,-0.06253533354159324,2.225489806724916,-0.05816465310969576,0.005550877135811261,0.00024781282029517904,-2.0,18.479999999999563,-0.621221127024489,-0.621221127024489,2.610140323007677,0.1741140712209237,-0.000525257521365341,0.0007098319513443307,0,0
91,69.0,200.6299999999992,13638,0.6680045395533293,0.6680045395533293,37.80935266084194,15.331336796729131,0.23399167879479374,0.776595364684998,1259.0,-3.0,-2.3700000000008004,-0.18088142577062338,-0.18088142577062338,-0.9872186920836654,-0.12573170093454067,-0.0021673389442883884,0.00018672482942760915,0.0,4.6299999999992,-0.1276567657049834,-0.1276567657049834,0.6625628805930646,-0.063435144638472,0.003770343841798751,0.0004911816621981924,-5.0,16.6299999999992,0.018576901183640082,0.018576901183640082,1.1115435530844593,0.4196797199313451,-0.0014104815929367465,0.0008238082466095475,0,0
92,72.0,237.0,12228,0.7154652622976689,0.7154652622976689,37.24741196716971,15.038307850399017,0.23126293971123865,0.7764645945561889,1259.0,3.0,36.3700000000008,0.047460722744339656,0.047460722744339656,-0.5619406936722271,-0.29302894633011434,-0.0027287390835550873,-0.0001307701288091323,0.0,34.0,-0.13342070302628373,-0.13342070302628373,-1.5491593857558925,-0.418760647264655,-0.004896078027843476,5.595470061847685e-05,1.0,34.0,-0.19595603656787697,-0.19595603656787697,0.6763304209690233,-0.47692530037435077,0.0006547991079677851,0.0003037675209136559,0,0
93,74.0,207.0,11197,0.6070756597636201,0.6070756597636201,37.17918983320095,15.254468932532047,0.23062710282464724,0.7769075697428466,1259.0,2.0,-30.0,-0.10838960253404883,-0.10838960253404883,-0.06822213396876009,0.21616108213303065,-0.0006358368865914121,0.0004429751866577014,5.0,6.3700000000008,-0.06092887978970918,-0.06092887978970918,-0.6301628276409872,-0.07686786419708369,-0.0033645759701464995,0.0003122050578485691,5.0,11.0,-0.1885856454946926,-0.1885856454946926,0.032400052952077374,-0.1403030088355557,0.0004057678716522517,0.0008033867200467615,0,0
94,75.0,213.0,11171,0.6466784952641078,0.6466784952641078,37.40214455917394,15.263448568407165,0.2292147950305937,0.7768468167499667,1259.0,1.0,6.0,0.03960283550048771,0.03960283550048771,0.22295472597298982,0.008979635875117964,-0.0014123077940535467,-6.075299287988667e-05,3.0,-24.0,-0.06878676703356112,-0.06878676703356112,0.15473259200422973,0.2251407180081486,-0.002048144680644959,0.00038222219377781474,3.0,10.0,-0.20220747005984485,-0.20220747005984485,-1.3944267937516628,-0.1936199292565064,-0.0069442227084884345,0.0004381768943962916,0,0
95,75.0,212.0,10939,0.7529044662150022,0.7529044662150022,38.25663224781572,14.908168725070865,0.22987978014385235,0.7768669603740156,1259.0,0.0,-1.0,0.10622597095089437,0.10622597095089437,0.8544876886417825,-0.3552798433362998,0.0006649851132586593,2.0143624048896136e-05,1.0,5.0,0.14582880645138208,0.14582880645138208,1.0774424146147723,-0.34630020746118184,-0.0007473226807948874,-4.060936883099053e-05,6.0,11.3700000000008,0.0848999266616729,0.0848999266616729,0.4472795869737851,-0.42316807165826553,-0.004111898650941387,0.0002715956890175786,0,0
96,77.0,183.67000000000007,10734,0.6978531646133961,0.6978531646133961,37.78568308181096,15.131186836414058,0.22926387457221645,0.777335207361944,1259.0,2.0,-28.329999999999927,-0.055051301601606095,-0.055051301601606095,-0.47094916600476466,0.22301811134319216,-0.0006159055716359052,0.00046824698792835573,2.0,-29.329999999999927,0.05117466934928827,0.05117466934928827,0.3835385226370178,-0.13226173199310765,4.9079541622754075e-05,0.0004883906119772519,5.0,-53.32999999999993,-0.017612097684272854,-0.017612097684272854,0.5382711146412476,0.09287898601504097,-0.0019990651390222047,0.0008706128057550666,0,0
97,71.0,199.86000000000058,11215,0.7942829957327217,0.7942829957327217,37.9296200688377,14.977275787134465,0.22879184524489285,0.7769374406176772,1259.0,-6.0,16.19000000000051,0.09642983111932557,0.09642983111932557,0.1439369870267413,-0.15391104927959276,-0.0004720293273235976,-0.0003977667442667254,-4.0,-12.139999999999418,0.041378529517719476,0.041378529517719476,-0.32701217897802337,0.0691070620635994,-0.0010879348989595028,7.04802436616303e-05,-3.0,-7.139999999999418,0.18720733596910155,0.18720733596910155,0.7504302356367489,-0.27719314539758244,-0.0018352575797543902,2.987087483063977e-05,0,0
98,69.0,213.0,11478,0.66115911465257,0.66115911465257,37.74480407731003,15.465319209089621,0.23026607946854968,0.7772194659359594,1259.0,-2.0,13.139999999999418,-0.1331238810801516,-0.1331238810801516,-0.18481599152767103,0.4880434219551564,0.001474234223656834,0.00028202531828214195,-8.0,29.329999999999927,-0.036694049960826036,-0.036694049960826036,-0.04087900450092974,0.3341323726755636,0.0010022048963332364,-0.00011574142598458348,-6.0,0.0,0.014480619388462235,0.014480619388462235,0.3426595181360881,0.20187064068245597,0.0010512844379559905,0.0003726491859926684,0,0
99,76.0,198.0,11461,0.8732555196182377,0.8732555196182377,37.84678978024887,15.153230234544289,0.22911675481117583,0.7772801586140519,1259.0,7.0,-15.0,0.21209640496566762,0.21209640496566762,0.10198570293884046,-0.3120889745453326,-0.001149324657373857,6.0692678092499897e-05,5.0,-1.860000000000582,0.07897252388551601,0.07897252388551601,-0.08283028858883057,0.1759544474098238,0.00032490956628297707,0.00034271799637464184,1.0,-14.0,0.12035105340323549,0.12035105340323549,-0.40984246756685394,0.2450615094734232,-0.0007630253326765257,0.00041319824003627215,0,0
100,73.0,212.03000000000065,11598,0.730108855657249,0.730108855657249,38.28298252581414,15.12379690277357,0.22942953251642398,0.7770484626245839,1259.0,-3.0,14.030000000000655,-0.14314666396098863,-0.14314666396098863,0.4361927455652719,-0.029433331770718496,0.00031277770524815174,-0.00023169598946792824,4.0,-0.9699999999993452,0.06894974100467899,0.06894974100467899,0.5381784485041123,-0.34152230631605107,-0.0008365469521257052,-0.00017100331137542835,-4.0,28.360000000000582,0.03225569104385295,0.03225569104385295,0.4972994440031826,-0.007389933640487456,0.00016565794420753122,-0.0002867447373600118,0,0
101,73.35000000000036,197.0699999999997,11894,0.9794760006060956,0.9794760006060956,40.28498146677257,14.478619798958066,0.23128983543173445,0.7776177387752639,1259.0,0.3500000000003638,-14.960000000000946,0.2493671449488466,0.2493671449488466,2.00199894095843,-0.6451771038155041,0.0018603029153104744,0.0005692761506799204,-2.649999999999636,-0.930000000000291,0.10622048098785797,0.10622048098785797,2.4381916865237017,-0.6746104355862226,0.002173080620558626,0.0003375801612119922,2.350000000000364,-2.790000000000873,0.18519300487337398,0.18519300487337398,2.355361397934871,-0.4986559881763988,0.0024979901868416032,0.000680298157586634,0,0
102,79.0,207.0,11960,0.7065856651356996,0.7065856651356996,38.99958300238284,14.943872989824085,0.23043161339702617,0.7772482068317101,1259.0,5.649999999999636,9.930000000000291,-0.272890335470396,-0.272890335470396,-1.2853984643897292,0.4652531908660187,-0.0008582220347082836,-0.00036953194355371366,6.0,-5.030000000000655,-0.023523190521549386,-0.023523190521549386,0.7166004765687006,-0.1799239129494854,0.0010020808806021908,0.00019974420712620677,10.0,-6.0,0.0454265504831296,0.0454265504831296,1.254778925072813,-0.5214462192655365,0.00016553392847648563,2.8740895750778428e-05,0,0
103,79.0,210.8600000000024,11839,0.6657354387521504,0.6657354387521504,39.140005295207835,15.295863954952965,0.2309189724022095,0.7773499317449459,1259.0,0.0,3.860000000002401,-0.04085022638354929,-0.04085022638354929,0.14042229282499363,0.3519909651288806,0.00048735900518331876,0.00010172491323579003,5.649999999999636,13.790000000002692,-0.3137405618539453,-0.3137405618539453,-1.1449761715647355,0.8172441559948993,-0.00037086302952496486,-0.00026780703031792363,3.0,12.860000000002401,-0.2075200808660873,-0.2075200808660873,1.2932155149589661,0.14263372040867672,0.0018022175910336613,6.977313089406856e-05,0,0
104,74.0,197.22999999999956,12678,0.7698120361504881,0.7698120361504881,39.54242785279322,15.199531677955372,0.23138699298647847,0.7778283088712866,1259.0,-5.0,-13.630000000002838,0.10407659739833774,0.10407659739833774,0.4024225575853819,-0.09633227699759317,0.00046802058426897997,0.00047837712634068996,-5.0,-9.770000000000437,0.06322637101478845,0.06322637101478845,0.5428448504103756,0.25565868813128745,0.0009553795894522987,0.00058010203957648,1.0,-14.800000000001091,0.039703180493239065,0.039703180493239065,1.2594453269790762,0.07573477518180205,0.0019574604700544895,0.0007798462467026868,0,0
105,67.0,198.0,12649,0.8411386475499256,0.8411386475499256,40.35514958962139,15.471490064892684,0.24287499416733893,0.7774953080890101,1259.0,-7.0,0.7700000000004366,0.07132661139943752,0.07132661139943752,0.8127217368281734,0.2719583869373121,0.011488001180860463,-0.00033300078227649355,-12.0,-12.860000000002401,0.17540320879777527,0.17540320879777527,1.2151442944135553,0.17562610993971894,0.011956021765129443,0.00014537634406419642,-6.350000000000364,0.930000000000291,-0.13833735305617,-0.13833735305617,0.07016812284881979,0.9928702659346182,0.011585158735604478,-0.00012243068625372722,0,0
106,80.0,217.0,12765,0.6726171388032843,0.6726171388032843,39.844069367222666,15.142584542767683,0.2403102452308275,0.7779600753776604,1259.0,13.0,19.0,-0.1685215087466413,-0.1685215087466413,-0.511080222398725,-0.3289055221250017,-0.0025647489365114295,0.0004647672886503029,6.0,19.770000000000437,-0.09719489734720377,-0.09719489734720377,0.3016415144294484,-0.05694713518768957,0.008923252244349034,0.00013176650637380938,1.0,10.0,-0.033968526332415316,-0.033968526332415316,0.844486364839824,0.19871155294359788,0.009878631833801332,0.0007118685459502894,0,0
107,83.0,218.0,12422,0.7613628351681582,0.7613628351681582,40.34521445591739,15.276482324673259,0.2348765684469616,0.7778289952478871,1259.0,3.0,1.0,0.08874569636487384,0.08874569636487384,0.5011450886947273,0.133897781905576,-0.005433676783865915,-0.00013108012977336436,16.0,20.0,-0.07977581238176745,-0.07977581238176745,-0.009935133703997678,-0.19500774021942568,-0.007998425720377345,0.00033368715887693856,4.0,7.139999999997599,0.09562739641600781,0.09562739641600781,1.2052091607095576,-0.01938163027970674,0.003957596044752099,0.000479063502941135,0,0
108,75.0,218.36000000000058,12983,0.7452015544513703,0.7452015544513703,40.423378342599946,15.380530281558121,0.23403919195097211,0.7778080370428072,1259.0,-8.0,0.3600000000005821,-0.016161280716787907,-0.016161280716787907,0.07816388668255314,0.10404795688486246,-0.0008373764959894725,-2.095820507985735e-05,-5.0,1.360000000000582,0.07258441564808593,0.07258441564808593,0.5793089753772804,0.23794573879043845,-0.0062710532798553875,-0.0001520383348532217,1.0,21.13000000000102,-0.024610481699117837,-0.024610481699117837,0.8809504898067289,0.1809986036027489,0.002652198964493646,-2.0271828479412335e-05,0,0
109,78.59999999999854,214.0,12709,0.6387358950796734,0.6387358950796734,40.48085120465978,15.283870716165175,0.2333884275308013,0.7783758516251047,1259.0,3.599999999998545,-4.360000000000582,-0.10646565937169683,-0.10646565937169683,0.05747286205983215,-0.09665956539294562,-0.0006507644201708129,0.0005678145822974878,-4.400000000001455,-4.0,-0.12262694008848474,-0.12262694008848474,0.1356367487423853,0.007388391491916835,-0.0014881409161602854,0.0005468563772176305,11.599999999998545,16.0,-0.2024027524702522,-0.2024027524702522,0.12570161503838762,-0.18761934872750885,-0.00948656663653763,0.000880543536094569,0,0
110,74.0,203.67999999999847,12945,0.5606414312222375,0.5606414312222375,41.09968890653958,15.385217700469683,0.23394433189941286,0.7779950398694342,1259.0,-4.599999999998545,-10.320000000001528,-0.0780944638574359,-0.0780944638574359,0.618837701879805,0.10134698430450761,0.0005559043686115539,-0.00038081175567050707,-1.0,-14.68000000000211,-0.18456012322913273,-0.18456012322913273,0.6763105639396372,0.004687418911561991,-9.486005155925903e-05,0.00018700282662698076,-6.0,-13.320000000001528,-0.1119757075810468,-0.1119757075810468,1.2556195393169176,0.24263315770200045,-0.0063659133314146465,3.496449177375904e-05,0,0
111,74.0,213.0,13450,0.7807135219881016,0.7807135219881016,40.801555467302094,15.277201716371156,0.23472442629924625,0.7782682714431981,1259.0,0.0,9.320000000001528,0.2200720907658641,0.2200720907658641,-0.29813343923748903,-0.10801598409852708,0.0007800943998333976,0.00027323157376391016,-4.599999999998545,-1.0,0.1419776269084282,0.1419776269084282,0.320704262642316,-0.00666899979401947,0.0013359987684449515,-0.0001075801819065969,-9.0,-5.0,0.019350686819943452,0.019350686819943452,0.4563410113847013,0.0007193916978973647,-0.00015214214771533396,0.00043927619531103357,0,0
112,71.0,194.95999999999913,12953,0.678060138196667,0.678060138196667,41.20814138204924,15.178389083932288,0.23369061687193873,0.7784995305528709,1259.0,-3.0,-18.040000000000873,-0.10265338379143463,-0.10265338379143463,0.4065859147471471,-0.09881263243886806,-0.0010338094273075193,0.00023125910967281005,-3.0,-8.719999999999345,0.11741870697442947,0.11741870697442947,0.10845247550965809,-0.20682861653739515,-0.0002537150274741218,0.0005044906834367202,-4.0,-23.400000000001455,-0.06714141625470327,-0.06714141625470327,0.7847630394492953,-0.20214119762583316,-0.0003485750790333808,0.000691493510063701,0,0
113,72.0,195.0,13420,0.756332251844028,0.756332251844028,41.100774424146145,15.653320107401585,0.23354412165212443,0.7782498505306774,1259.0,1.0,0.040000000000873115,0.07827211364736097,0.07827211364736097,-0.10736695790309625,0.4749310234692974,-0.00014649521981430214,-0.00024968002219349916,-2.0,-18.0,-0.024381270144073652,-0.024381270144073652,0.29921895684405087,0.3761183910304293,-0.0011803046471218215,-1.8420912520689114e-05,-6.599999999998545,-19.0,0.11759635676435454,0.11759635676435454,0.6199232194863669,0.36944939123640985,0.00015569412132312999,-0.00012600109442728602,0,0
114,71.0,225.6299999999992,13338,0.6924862616983996,0.6924862616983996,41.04406936722266,15.160025484424155,0.23112241949412243,0.7786244758071172,1259.0,-1.0,30.6299999999992,-0.06384599014562842,-0.06384599014562842,-0.05670505692348371,-0.4932946229774302,-0.002421702158001998,0.0003746252764398328,0.0,30.670000000000073,0.014426123501732557,0.014426123501732557,-0.16407201482657996,-0.018363599508132822,-0.0025681973778163003,0.00012494525424633363,-3.0,21.950000000000728,0.13184483047616202,0.13184483047616202,-0.05561953931692187,-0.22519221604552797,-0.002821912405290422,0.0006294359376830538,0,0
115,76.0,221.0,13359,0.6174415776519928,0.6174415776519928,41.88627879269261,15.227449744086185,0.2345694678022524,0.7784421173138122,1259.0,5.0,-4.6299999999992,-0.07504468404640674,-0.07504468404640674,0.8422094254699459,0.06742425966202958,0.003447048308129974,-0.00018235849330505705,4.0,26.0,-0.13889067419203516,-0.13889067419203516,0.7855043685464622,-0.4258703633154006,0.001025346150127976,0.00019226678313477574,2.0,8.0,-0.1632719443361088,-0.1632719443361088,1.084723325390513,-0.0497519722849713,-0.00015495849699384556,0.00017384587061408663,0,0
116,68.0,189.0,13432,0.7179849235489948,0.7179849235489948,41.67162430500397,15.099131341640428,0.23639003355695115,0.7785546011731584,1259.0,-8.0,-32.0,0.10054334589700198,0.10054334589700198,-0.21465448768864093,-0.12831840244575687,0.0018205657546987442,0.00011248385934625738,-3.0,-36.6299999999992,0.02549866185059524,0.02549866185059524,0.627554937781305,-0.06089414278372729,0.005267614062828718,-6.987463395879967e-05,-3.0,-5.959999999999127,0.039924785352327796,0.039924785352327796,0.46348292295472504,-0.07925774229186011,0.002699416685012418,5.5070620287533956e-05,0,0
117,75.84999999999854,195.17000000000007,12984,0.6545184890427943,0.6545184890427943,41.85012576118613,15.149724421323826,0.23308557349756512,0.7788481301405394,1259.0,7.849999999998545,6.170000000000073,-0.06346643450620049,-0.06346643450620049,0.17850145618216118,0.050593079683398656,-0.003304460059386033,0.000293528967380996,-0.1500000000014552,-25.829999999999927,0.03707691139080149,0.03707691139080149,-0.03615303150647975,-0.07772532276235822,-0.0014838943046872888,0.00040601282672725336,3.849999999998545,0.17000000000007276,-0.10181376280123366,-0.10181376280123366,0.7493513370399825,-0.5035956860777588,-0.00045854815455931286,0.0005982796098620291,0,0
118,77.0,219.0,13383,0.5507487329031762,0.5507487329031762,41.82501985702939,15.273470965708356,0.23455152494919257,0.7785889182988379,1259.0,1.1500000000014552,23.829999999999927,-0.10376975613961814,-0.10376975613961814,-0.025105904156738745,0.12374654438452914,0.0014659514516274508,-0.0002592118417015232,9.0,30.0,-0.16723619064581863,-0.16723619064581863,0.15339555202542243,0.1743396240679278,-0.0018385086077585822,3.431712567947276e-05,6.0,-6.6299999999992,-0.1417375287952234,-0.1417375287952234,0.7809504898067274,0.11344548128420051,0.003429105455070136,-3.555750827932691e-05,0,0
119,78.0,202.26000000000022,13575,0.5678546512448283,0.5678546512448283,42.522696584590946,15.56116419087028,0.23118190489761564,0.7788224296024434,1259.0,1.0,-16.73999999999978,0.017105918341652093,0.017105918341652093,0.6976767275615572,0.28769322516192375,-0.003369620051576927,0.00023351130360549366,2.150000000001455,7.0900000000001455,-0.08666383779796605,-0.08666383779796605,0.6725708234048184,0.4114397695464529,-0.0019036685999494762,-2.5700538096029568e-05,2.0,-18.73999999999978,-0.049586926407164555,-0.049586926407164555,0.6364177918983387,0.3337144467840947,-0.003387562904636765,0.0003803122886312238,0,0
120,73.0,218.0,14551,0.7633112004313188,0.7633112004313188,44.32473523960815,15.939902050200727,0.24113336941253993,0.7790766183680443,1259.0,-5.0,15.739999999999782,0.19545654918649058,0.19545654918649058,1.8020386550172063,0.3787378593304478,0.00995146451492429,0.00025418876560090453,-4.0,-1.0,0.21256246752814267,0.21256246752814267,2.4997153825787635,0.6664310844923715,0.006581844463347364,0.0004877000692063982,5.0,29.0,0.045326276882324046,0.045326276882324046,2.653110934604186,0.8407707085602993,0.004743335855588782,0.000522017194885871,0,0
121,77.0,215.0,14175,0.7838417911376451,0.7838417911376451,43.2417791898332,15.512924201546648,0.24065830438611008,0.77898456616663,1259.0,4.0,-3.0,0.020530590706326235,0.020530590706326235,-1.0829560497749497,-0.4269778486540794,-0.00047506502642985504,-9.205220141428327e-05,-1.0,12.739999999999782,0.21598713989281682,0.21598713989281682,0.7190826052422565,-0.048239989323631605,0.009476399488494436,0.00016213656418662126,1.1500000000014552,19.829999999999927,0.12932330209485077,0.12932330209485077,1.391653428647075,0.3631997802228213,0.00757273088854496,0.0001364360260905917,0,0
122,74.0,215.0,13502,0.6629336781777709,0.6629336781777709,43.30573206248345,15.428779239919809,0.2384508465307893,0.7791713340780487,1259.0,-3.0,0.0,-0.12090811295987414,-0.12090811295987414,0.06395287265024763,-0.08414496162683882,-0.0022074578553207824,0.00018676791141869487,1.0,-3.0,-0.1003775222535479,-0.1003775222535479,-1.0190031771247021,-0.5111228102809182,-0.0026825228817506375,9.471571000441159e-05,-3.0,-4.0,0.11218494527459477,0.11218494527459477,1.4807122054540613,0.15530827421145332,0.0038993215815967264,0.0005824157792108098,0,0
123,72.0,204.0,12886,0.9814639674395675,0.9814639674395675,43.03024225575854,15.700282945213777,0.24000216956023934,0.779210898400868,1259.0,-2.0,-11.0,0.3185302892617966,0.3185302892617966,-0.27548980672491297,0.27150370529396817,0.0015513230294500469,3.9564322819263253e-05,-5.0,-11.0,0.19762217630192247,0.19762217630192247,-0.21153693407466534,0.18735874366712935,-0.0006561348258707356,0.00022633223423795812,-6.0,1.7399999999997817,0.4136093161947393,0.4136093161947393,0.5075456711675912,0.13911875434349774,0.0088202646626237,0.0003884687984245794,0,0
124,78.0,212.0,13136,0.7676325264848798,0.7676325264848798,42.44934471803018,15.624926300070326,0.23956298023740946,0.7792704798476482,1259.0,6.0,8.0,-0.21383144095468776,-0.21383144095468776,-0.5808975377283545,-0.07535664514345086,-0.00043918932282988044,5.9581446780199165e-05,4.0,-3.0,0.10469884830710885,0.10469884830710885,-0.8563873444532675,0.1961470601505173,0.0011121337066201664,9.914576959946242e-05,5.0,-6.0,0.004321326053560948,0.004321326053560948,-1.8753905215779696,-0.3149757501304009,-0.001570389175130471,0.000193861479603874,0,0
125,76.69999999999891,199.0,12707,0.9143071432951456,0.9143071432951456,43.27128673550437,15.692993322653809,0.2531104103786151,0.7795972258823083,1259.0,-1.3000000000010914,-13.0,0.14667461681026583,0.14667461681026583,0.8219420174741856,0.06806702258348274,0.01354743014120563,0.000326746034660097,4.699999999998909,-5.0,-0.06715682414442192,-0.06715682414442192,0.2410444797458311,-0.007289622559968123,0.01310824081837575,0.00038632748144029616,-0.3000000000010914,-16.0,0.13046535215750055,0.13046535215750055,0.029507545671165758,0.18006912110716122,0.012452105992505014,0.0006126597156782543,0,0
126,79.0,196.0,12702,0.7542321596398381,0.7542321596398381,42.28365104580355,15.569205937327332,0.2494132894377138,0.7794541496431383,1259.0,2.3000000000010914,-3.0,-0.16007498365530748,-0.16007498365530748,-0.9876356897008165,-0.1237873853264766,-0.0036971209409012995,-0.00014307623916998136,1.0,-16.0,-0.013400366845041645,-0.013400366845041645,-0.1656936722266309,-0.055720362742993856,0.00985030920030433,0.00018366979549011564,5.0,-19.0,0.0912984814620672,0.0912984814620672,-1.0220810166798984,0.14042669740752345,0.010962442906924497,0.00028281556508957806,0,1
127,92.0,245.85000000000036,13216,0.7635866373253947,0.7635866373253947,42.13322742917659,15.80289021447091,0.2530453463003279,0.779475392852159,1259.0,13.0,49.850000000000364,0.009354477685556528,0.009354477685556528,-0.15042361662695924,0.23368427714357765,0.003632056862614086,2.1243209020749276e-05,15.300000000001091,46.850000000000364,-0.15072050596975095,-0.15072050596975095,-1.1380593063277757,0.10989689181710105,-6.506407828721361e-05,-0.00012183303014923208,20.0,41.850000000000364,-0.21787733011417287,-0.21787733011417287,-0.8970148265819446,0.10260726925713293,0.013043176740088536,0.0002644944512910641,1,0
128,73.0,203.65999999999985,13618,0.7366066086982437,0.7366066086982437,41.96911570029124,15.642047699469149,0.2396696075871052,0.779759129235629,1259.0,-19.0,-42.19000000000051,-0.026980028627150987,-0.026980028627150987,-0.1641117288853522,-0.16084251500176094,-0.013375738713222673,0.0002837363834699014,-6.0,7.6599999999998545,-0.01762555094159446,-0.01762555094159446,-0.31453534551231144,0.0728417621418167,-0.009743681850608588,0.00030497959249065065,-5.0,-8.340000000000146,-0.031025917786636104,-0.031025917786636104,-0.48022901773894233,0.017121399398822845,0.00010662734969574261,0.0004886493879807663,0,0
129,78.0,201.96999999999935,13302,0.7834353723478245,0.7834353723478245,41.977329891448235,15.748941181018122,0.24136683356211375,0.7796325428889231,1259.0,5.0,-1.6900000000005093,0.046828763649580774,0.046828763649580774,0.008214191156994843,0.1068934815489726,0.0016972259750085428,-0.0001265863467058148,-14.0,-43.88000000000102,0.019848735022429786,0.019848735022429786,-0.15589753772835735,-0.05394903345278834,-0.01167851273821413,0.00015715003676408656,1.3000000000010914,2.969999999999345,-0.13087177094732116,-0.13087177094732116,-1.293956844056133,0.05594785836431271,-0.011743576816501344,3.5317006614854485e-05,0,0
130,75.0,218.0,13738,0.6525585002513594,0.6525585002513594,41.891011384696846,15.316719263893294,0.24039856669642995,0.779797339837072,1259.0,-3.0,16.030000000000655,-0.13087687209646504,-0.13087687209646504,-0.08631850675138963,-0.4322219171248278,-0.0009682668656837978,0.0001647969481488598,2.0,14.340000000000146,-0.08404810844688426,-0.08404810844688426,-0.07810431559439479,-0.3253284355758552,0.000728959109324745,3.8210601443045e-05,-4.0,22.0,-0.10167365938847872,-0.10167365938847872,-0.39263966110670623,-0.2524866734340385,-0.009014722741283843,0.00034319019393369565,0,0
131,75.0,189.38999999999942,13462,1.014472757227078,1.014472757227078,42.81261583267143,14.965168915336925,0.23571821532650875,0.7799421295085722,1259.0,0.0,-28.610000000000582,0.36191425697571855,0.36191425697571855,0.9216044479745875,-0.35155034855636913,-0.004680351369921204,0.00014478967150022282,-3.0,-12.579999999999927,0.23103738487925352,0.23103738487925352,0.8352859412231979,-0.783772265681197,-0.005648618235605002,0.00030958661964908263,-17.0,-56.460000000000946,0.2508861199016833,0.2508861199016833,0.6793884034948405,-0.8377212991339853,-0.017327130973819133,0.0004667366564131692,0,0
132,73.0,213.32999999999993,13468,0.6132001293583479,0.6132001293583479,41.39064733915806,15.590177914111425,0.2344867754005435,0.7797796248064048,1259.0,-2.0,23.94000000000051,-0.4012726278687301,-0.4012726278687301,-1.4219684935133756,0.6250089987745007,-0.0012314399259652498,-0.00016250470216738755,-2.0,-4.670000000000073,-0.03935837089301153,-0.03935837089301153,-0.5003640455387881,0.27345865021813154,-0.005911791295886454,-1.7715030667164733e-05,0.0,9.670000000000073,-0.12340647933989579,-0.12340647933989579,-0.5784683611331829,-0.051869785357723686,-0.005182832186561709,2.0495570775880267e-05,0,0
133,78.0,212.0,13332,0.7416703539704604,0.7416703539704604,41.482625099285144,15.72751999121916,0.2385860076442534,0.780183906778634,1259.0,5.0,-1.3299999999999272,0.12847022461211255,0.12847022461211255,0.09197776012708658,0.13734207710773383,0.004099232243709894,0.0004042819722291924,3.0,22.610000000000582,-0.27280240325661753,-0.27280240325661753,-1.329990733386289,0.7623510758822345,0.002867792317744644,0.00024177727006180483,0.0,10.030000000000655,-0.041765018377364016,-0.041765018377364016,-0.49470479216309116,-0.02142118979896246,-0.002780825917860358,0.0005513638897108875,0,0
134,70.0,198.92000000000007,13209,0.8117636898837105,0.8117636898837105,41.316302621127875,15.819217077170283,0.2398725971981843,0.7800468700664965,1259.0,-8.0,-13.079999999999927,0.07009333591325007,0.07009333591325007,-0.16632247815726942,0.09169708595112347,0.0012865895539309058,-0.0001370367121374949,-3.0,-14.409999999999854,0.19856356052536261,0.19856356052536261,-0.07434471803018283,0.2290391630588573,0.0053858217976408,0.00026724526009169747,-5.0,-19.079999999999927,0.15920518963235109,0.15920518963235109,-0.5747087635689709,0.5024978132769888,-0.0005259694982456542,0.00024953022942453273,0,0
135,74.0,192.0,12026,0.682509947662633,0.682509947662633,42.3251654752449,15.834467148593443,0.24101225883277158,0.7800829268524436,1259.0,4.0,-6.920000000000073,-0.12925374222107755,-0.12925374222107755,1.0088628541170266,0.015250071423160705,0.0011396616345872856,3.605678594709172e-05,-4.0,-20.0,-0.059160406307827484,-0.059160406307827484,0.8425403759597572,0.10694715737428417,0.0024262511885181914,-0.00010097992619040319,-1.0,2.610000000000582,-0.331962809564445,-0.331962809564445,-0.48745035742653187,0.8692982332565187,0.0052940435062628355,0.00014079734387140164,0,0
136,79.0,217.4300000000003,12158,0.7733412697455725,0.7733412697455725,41.255195922689964,15.579908955732247,0.2399997953545543,0.7806184498254414,1259.0,5.0,25.43000000000029,0.09083132208293954,0.09083132208293954,-1.0699695525549373,-0.25455819286119663,-0.0010124634782172903,0.0005355229729977484,9.0,18.51000000000022,-0.038422420138138014,-0.038422420138138014,-0.06110669843791072,-0.23930812143803593,0.00012719815636999532,0.0005715797589448401,6.0,4.100000000000364,0.1601411403872246,0.1601411403872246,-0.13545141646809356,-0.010268958379178628,0.005513019954010795,0.0008388250190365376,0,0
137,83.0,219.1399999999976,11963,0.6579658014021352,0.6579658014021352,41.25860471273498,15.577448099487235,0.23545166450215835,0.7803052929869903,1259.0,4.0,1.709999999997308,-0.11537546834343726,-0.11537546834343726,0.003408790045014598,-0.002460856245011911,-0.004548130852395943,-0.00031315683845112297,9.0,27.1399999999976,-0.024544146260497723,-0.024544146260497723,-1.0665607625099227,-0.25701904910620854,-0.005560594330613233,0.00022236613454662546,5.0,7.139999999997599,-0.08370455256832521,-0.08370455256832521,-0.22402038655016554,-0.15007189173192437,-0.003134343142095042,0.00012138620835622227,0,0
138,82.0,203.0,11635,0.7419837501965151,0.7419837501965151,40.793394228223455,15.863782987052156,0.23929045223052167,0.7806884698966271,1259.0,-1.0,-16.1399999999976,0.08401794879437985,0.08401794879437985,-0.46521048451152325,0.2863348875649212,0.0038387877283633243,0.0003831769096368509,3.0,-14.430000000000291,-0.03135751954905741,-0.03135751954905741,-0.46180169446650865,0.2838740313199093,-0.0007093431240326187,7.002007118572795e-05,12.0,4.079999999999927,-0.06977993968719542,-0.06977993968719542,-0.5229083929044194,0.04456590988187337,-0.0005821449676626234,0.0006415998301305681,0,0
139,80.54999999999927,215.02000000000044,11750,0.5604002843965088,0.5604002843965088,40.601363516018004,15.938498258124405,0.24008747089084836,0.7808767727578415,1259.0,-1.4500000000007276,12.020000000000437,-0.18158346580000628,-0.18158346580000628,-0.19203071220545098,0.07471527107224851,0.0007970186603266927,0.00018830286121440665,-2.4500000000007276,-4.119999999997162,-0.09756551700562643,-0.09756551700562643,-0.6572411967169742,0.3610501586371697,0.004635806388690017,0.0005714797708512576,6.549999999999272,23.020000000000437,-0.12210966326612416,-0.12210966326612416,-1.723801959226897,0.10403110953096117,-0.0009247879419232163,0.000793845905397883,0,0
140,84.0,228.47999999999956,11753,0.6692286557675269,0.6692286557675269,41.33934339422822,15.949121676923063,0.24073027110021444,0.7807902888327577,1259.0,3.4500000000007276,13.459999999999127,0.10882837137101808,0.10882837137101808,0.7379798782102185,0.01062341879865869,0.000642800209366079,-8.648392508381342e-05,2.0,25.479999999999563,-0.0727550944289882,-0.0727550944289882,0.5459491660047675,0.0853386898709072,0.0014398188696927716,0.00010181893613059323,5.0,11.049999999999272,-0.10411261397804561,-0.10411261397804561,0.08414747153825886,0.3692127211908165,0.0007304757456601529,0.00017183900731632118,0,0
141,81.0,218.45999999999913,11778,0.8536481241021158,0.8536481241021158,40.81727561556791,15.87754124452809,0.24291024382295928,0.7814578734474394,1259.0,-3.0,-10.020000000000437,0.1844194683345889,0.1844194683345889,-0.5220677786603147,-0.07158043239497403,0.0021799727227448384,0.0006675846146817488,0.4500000000007276,3.4399999999986903,0.29324783970560697,0.29324783970560697,0.21591209954990376,-0.060957013596315335,0.0028227729321109174,0.0005811006895979354,-2.0,-0.679999999998472,0.19568232269998054,0.19568232269998054,-0.44132909716707047,0.3000931450408544,0.007458579320800934,0.001152580460449193,0,1
142,86.0,249.22999999999956,11660,0.8243361159750774,0.8243361159750774,41.14733253905216,15.73968760854796,0.24114399212135537,0.7811180384410952,1259.0,5.0,30.770000000000437,-0.02931200812703838,-0.02931200812703838,0.33005692348424986,-0.13785363598012879,-0.0017662517016039103,-0.000339835006344269,2.0,20.75,0.1551074602075505,0.1551074602075505,-0.19201085517606487,-0.2094340683751028,0.0004137210211409281,0.0003277496083374798,4.0,46.22999999999956,0.08235236577856231,0.08235236577856231,0.35393831082870264,-0.12409537850419561,0.0018535398908336997,0.000429568544468073,1,0
143,78.0,207.53999999999905,11947,0.6115757747747284,0.6115757747747284,40.9734643897273,16.02647801105154,0.24294343057024725,0.7812266916959791,1259.0,-8.0,-41.69000000000051,-0.21276034120034903,-0.21276034120034903,-0.1738681493248606,0.28679040250358057,0.0017994384488918824,0.00010865325488396138,-3.0,-10.920000000000073,-0.24207234932738741,-0.24207234932738741,0.15618877415938925,0.14893676652345178,3.318674728797211e-05,-0.00023118175146030762,-2.5499999999992724,-7.480000000001382,0.05117549037821956,0.05117549037821956,0.372100873709293,0.08797975292713645,0.0028559596793988895,0.00034991893813762776,0,0
144,73.0,199.0,11746,0.65838605111952,0.65838605111952,40.58672226634896,15.893546658808324,0.24080343795554138,0.7816949619765884,1259.0,-5.0,-8.539999999999054,0.046810276344791624,0.046810276344791624,-0.38674212337834035,-0.13293135224321695,-0.0021399926147058768,0.0004682702806092509,-13.0,-50.22999999999956,-0.1659500648555574,-0.1659500648555574,-0.560610272703201,0.15385905026036362,-0.00034055416581399434,0.0005769235354932123,-11.0,-29.479999999999563,-0.010842604648006904,-0.010842604648006904,-0.7526211278792658,-0.055575018114739194,7.316685532693379e-05,0.0009046731438306921,0,0
145,77.0,219.3000000000011,11775,0.6507040678008265,0.6507040678008265,41.063191686523695,15.654349957111718,0.23851491769288274,0.781349170103823,1259.0,4.0,20.30000000000109,-0.007681983318693519,-0.007681983318693519,0.4764694201747375,-0.23919670169660634,-0.002288520262658633,-0.0003457918727653997,-1.0,11.760000000002037,0.039128293026098104,0.039128293026098104,0.08972729679639713,-0.3721280539398233,-0.00442851287736451,0.00012247840784385122,-4.0,0.8400000000019645,-0.2029440563012893,-0.2029440563012893,0.24591607095578638,-0.2231912874163715,-0.004395326130076538,-0.0001087033436164564,0,0
146,79.0,235.5,11576,0.7204534071030474,0.7204534071030474,40.72866031241726,15.548738673948948,0.23620549583296166,0.7818257107064306,1259.0,2.0,16.19999999999891,0.06974933930222094,0.06974933930222094,-0.3345313741064331,-0.10561128316276935,-0.0023094218599210847,0.00047654060260760023,6.0,36.5,0.06206735598352742,0.06206735598352742,0.1419380460683044,-0.3448079848593757,-0.004597942122579718,0.00013074872984220054,-7.0,-13.729999999999563,-0.10388270887203,-0.10388270887203,-0.41867222663489656,-0.19094893459901208,-0.004938496288393712,0.0007076722653354128,0,0
147,80.0,197.0,11582,0.6974590809151028,0.6974590809151028,41.12097564204395,15.757699869356156,0.23587863299996023,0.7817301481275732,1259.0,1.0,-38.5,-0.022994326187944614,-0.022994326187944614,0.39231532962669036,0.20896119540720726,-0.00032686283300142893,-9.556257885734443e-05,3.0,-22.30000000000109,0.04675501311427632,0.04675501311427632,0.05778395552025728,0.1033499122444379,-0.0026362846929225137,0.0003809780237502558,2.0,-10.539999999999054,0.08588330614037443,0.08588330614037443,0.1475112523166544,-0.2687781416953854,-0.007064797570287024,0.000503456431594107,0,0
148,101.0,220.0,11932,0.6914745967109925,0.6914745967109925,41.6126687847498,15.770563825519002,0.23840318725022935,0.7817508702812165,1259.0,21.0,23.0,-0.005984484204110241,-0.005984484204110241,0.49169314270584863,0.01286395616284608,0.002524554250269123,2.0722153643237817e-05,22.0,-15.5,-0.028978810392054855,-0.028978810392054855,0.884008472332539,0.22182515157005334,0.0021976914172676942,-7.484042521410661e-05,28.0,21.0,0.03308854559147256,0.03308854559147256,1.0259465184008434,-0.12298283328932236,-0.0024002507053120237,5.590830462809393e-05,0,0
149,96.0,226.25,11976,0.7055944807789737,0.7055944807789737,42.27621789780249,16.298327386627175,0.2394994053700632,0.7823731122838778,1259.0,-5.0,6.25,0.014119884067981148,0.014119884067981148,0.6635491130526887,0.5277635611081735,0.0010962181198338472,0.0006222420026613662,16.0,29.25,0.008135399863870907,0.008135399863870907,1.1552422557585373,0.5406275172710195,0.0036207723701029704,0.000642964156304604,19.0,6.949999999998909,0.05489041297814723,0.05489041297814723,1.2130262112787946,0.6439774295154574,0.0009844876771804567,0.0010239421800548598,0,0
150,91.0,210.90000000000146,12356,0.5997070765348813,0.5997070765348813,44.50912099549907,16.304034155900105,0.24644761243132543,0.7820867421231259,1259.0,-5.0,-15.349999999998545,-0.10588740424409238,-0.10588740424409238,2.2329030976965782,0.00570676927292979,0.006948207061262229,-0.00028637016075194754,-10.0,-9.099999999998545,-0.09176752017611123,-0.09176752017611123,2.896452210749267,0.5334703303811033,0.008044425181096077,0.00033587184190941866,12.0,-24.599999999998545,-0.12074633056816608,-0.12074633056816608,3.780460683081806,0.7552954819511566,0.01024211659836377,0.00026103141669531205,0,0
151,89.25,201.0,12336,0.7115577218187552,0.7115577218187552,43.27659518136087,16.063359815918275,0.24648111156053923,0.7823950558829819,1259.0,-1.75,-9.900000000001455,0.1118506452838739,0.1118506452838739,-1.2325258141381994,-0.24067433998182963,3.349912921379872e-05,0.00030831375985596043,-6.75,-25.25,0.005963241039781519,0.005963241039781519,1.0003772835583788,-0.23496757070889984,0.006981706190476028,2.194359910401289e-05,9.25,4.0,0.014098640903652426,0.014098640903652426,2.155619539316916,0.3056599465621197,0.010602478560578998,0.0006649077554086169,0,0
152,83.0,232.0,12201,0.7337454423247951,0.7337454423247951,42.890541435001325,15.75154234633165,0.24460875925378012,0.7827135889751746,1259.0,-6.25,31.0,0.0221877205060399,0.0221877205060399,-0.3860537463595435,-0.31181746958662515,-0.001872352306759112,0.00031853309219276316,-8.0,21.099999999998545,0.1340383657899138,0.1340383657899138,-1.6185795604977429,-0.5524918095684548,-0.0018388531775453132,0.0006268468520487236,-18.0,12.0,0.042270845613802566,0.042270845613802566,1.277872650251524,-0.01902147918735153,0.006205572003550763,0.0009627186939581422,0,0
153,88.0,223.76000000000022,11825,0.6664990751869175,0.6664990751869175,42.44790839290442,15.989749887506461,0.24514638810071165,0.7825217657945192,1259.0,5.0,-8.239999999999782,-0.06724636713787757,-0.06724636713787757,-0.442633042096908,0.2382075411748108,0.0005376288469315371,-0.00019182318065547044,-1.25,22.76000000000022,-0.04505864663183767,-0.04505864663183767,-0.8286867884564515,-0.07360992841181435,-0.0013347234598275748,0.00012670991153729272,-8.0,-2.4899999999997817,-0.039095405592056154,-0.039095405592056154,0.17169049510192735,-0.3085774991207142,0.005646982730648453,0.0001486535106413056,0,0
154,78.0,212.0,12266,0.763549157633868,0.763549157633868,42.40712205454064,16.096267672717065,0.2462182445613271,0.7832020976602132,1259.0,-10.0,-11.760000000000218,0.09705008244695046,0.09705008244695046,-0.04078633836377321,0.10651778521060429,0.0010718564606154446,0.0006803318656940505,-5.0,-20.0,0.029803715309072887,0.029803715309072887,-0.4834193804606812,0.3447253263854151,0.0016094853075469817,0.00048850868503858,-13.0,1.0999999999985448,0.16384208109898668,0.16384208109898668,-2.101998940958424,-0.2077664831830397,-0.00022936786999833148,0.0011153555370873036,0,0
155,85.0,195.0,12191,0.8195655489111355,0.8195655489111355,42.842851469420175,16.00633608309918,0.24265315800774592,0.7833096397784705,1259.0,7.0,-17.0,0.05601639127726754,0.05601639127726754,0.4357294148795319,-0.08993158961788694,-0.003565086553581176,0.00010754211825725335,-3.0,-28.76000000000022,0.153066473724218,0.153066473724218,0.39494307651575866,0.016586195592717345,-0.0024932300929657314,0.0007878739839513038,-4.25,-6.0,0.10800782709238033,0.10800782709238033,-0.43374371194069283,-0.057023732819097006,-0.003827953552793306,0.0009145838954885965,0,0
156,89.0,213.45999999999913,12155,0.6152854695646738,0.6152854695646738,42.78833068572941,15.871377901837176,0.24133886772958793,0.7835854625209538,1259.0,4.0,18.459999999999127,-0.20428007934646175,-0.20428007934646175,-0.05452078369076219,-0.13495818126200199,-0.0013142902781579924,0.00027582274248338923,11.0,1.4599999999991269,-0.1482636880691942,-0.1482636880691942,0.3812086311887697,-0.22488977087988893,-0.004879376831739168,0.0003833648607406426,6.0,-18.540000000000873,-0.11845997276012132,-0.11845997276012132,-0.10221074927191154,0.11983555550552616,-0.0032698915241921866,0.0008718735457792226,0,0
157,80.0,212.27000000000044,12974,0.6176191656274171,0.6176191656274171,42.76573338628541,15.680827584816573,0.238587165530197,0.7839751691454644,1259.0,-9.0,-1.1899999999986903,0.0023336960627433623,0.0023336960627433623,-0.02259729944400135,-0.19055031702060354,-0.002751702199390943,0.00038970662451054405,-5.0,17.270000000000437,-0.2019463832837184,-0.2019463832837184,-0.07711808313476354,-0.32550849828260553,-0.004065992477548935,0.0006655293669939333,-8.0,-11.489999999999782,-0.04887990955950039,-0.04887990955950039,0.3178249933809951,-0.3089223026898882,-0.006559222570514667,0.001453403350945237,0,0
158,89.0,222.5699999999997,13244,0.7763926426078571,0.7763926426078571,42.389065395816786,15.819927521708465,0.23899099065905316,0.7837907777502955,1259.0,9.0,10.299999999999272,0.15877347698043998,0.15877347698043998,-0.37666799046862565,0.13909993689189193,0.0004038251288561723,-0.00018439139516890357,0.0,9.110000000000582,0.16110717304318334,0.16110717304318334,-0.399265289912627,-0.051450380128711615,-0.0023478770705347707,0.00020531522934164048,11.0,10.569999999999709,0.012843484973989128,0.012843484973989128,-0.01805665872385731,-0.27634015100860054,-0.007227253902273939,0.0005886800900822831,0,1
159,95.0,254.22999999999956,13060,0.7369513417993371,0.7369513417993371,42.20774424146148,15.811581518814982,0.2373118278044014,0.7840681342116607,1259.0,6.0,31.659999999999854,-0.03944130080852004,-0.03944130080852004,-0.1813211543553095,-0.008346002893482307,-0.00167916285465175,0.00027735646136517467,15.0,41.95999999999913,0.11933217617191993,0.11933217617191993,-0.5579891448239351,0.13075393399840962,-0.0012753377257955778,9.29650661962711e-05,10.0,59.22999999999956,-0.08261420711179845,-0.08261420711179845,-0.6351072279586987,-0.1947545642841959,-0.005341330203344513,0.0007584944331902044,1,0
160,99.0,222.03999999999905,12997,0.7825864207988484,0.7825864207988484,42.662066454858355,15.561083677366733,0.24057522131994338,0.7843814769181304,1259.0,4.0,-32.19000000000051,0.04563507899951136,0.04563507899951136,0.4543222133968783,-0.25049784144824905,0.0032633935155419735,0.0003133427064697658,10.0,-0.5300000000006548,0.006193778190991317,0.006193778190991317,0.2730010590415688,-0.25884384434173136,0.0015842306608902235,0.0005906991678349405,10.0,8.579999999999927,0.16730095123417466,0.16730095123417466,-0.1262642308710582,-0.31029422447044297,-0.0007636464096445472,0.000796014397176581,0,1
161,85.0,241.20999999999913,13080,0.631130849968549,0.631130849968549,43.56272173682817,15.343933364325103,0.24094390339102417,0.7843623226649047,1259.0,-14.0,19.170000000000073,-0.15145557083029948,-0.15145557083029948,0.9006552819698186,-0.21715031304163013,0.0003686820710807892,-1.915425322573938e-05,-10.0,-13.020000000000437,-0.10582049183078812,-0.10582049183078812,1.3549774953666969,-0.4676481544898792,0.0036320755866227628,0.0002941884532440264,5.0,28.93999999999869,0.013511684341131813,0.013511684341131813,0.7969883505427617,-0.33689422049146955,0.002356737860827185,0.0003871535194402975,1,0
162,89.0,216.03999999999905,12797,0.8404540550413275,0.8404540550413275,42.0748279057453,15.624625684203204,0.24183705528198374,0.7845960906614284,1259.0,4.0,-25.170000000000073,0.20932320507277857,0.20932320507277857,-1.4878938310828715,0.28069231987810106,0.0008931518909595648,0.00023376799652374824,-10.0,-6.0,0.057867634242479093,0.057867634242479093,-0.587238549113053,0.06354200683647093,0.001261833962040354,0.00021461374329800886,0.0,-6.530000000000655,0.06406141243347041,0.06406141243347041,-0.31423749007148416,-0.19530183750526042,0.0028460646229305775,0.0008053129111329493,0,0
163,79.0,196.0,13108,0.6682557725984416,0.6682557725984416,41.85191951284088,15.906895549401268,0.2423619951782353,0.7847952931716955,1259.0,-10.0,-20.039999999999054,-0.17219828244288593,-0.17219828244288593,-0.22290839290442221,0.28226986519806374,0.000524939896251575,0.00019920251026706026,-6.0,-45.20999999999913,0.03712492262989264,0.03712492262989264,-1.7108022239872938,0.5629621850761648,0.0014180917872111398,0.0004329705067908085,-16.0,-58.22999999999956,-0.06869556920089548,-0.06869556920089548,-0.3558247286205969,0.09531403058628563,0.005050167373833903,0.0007271589600348349,0,0
164,78.0,195.0,13077,0.8324211915428602,0.8324211915428602,42.10943870796929,15.909907738484723,0.24139701471354244,0.7850168516372669,1259.0,-1.0,-1.0,0.1641654189444186,0.1641654189444186,0.2575191951284097,0.003012189083454686,-0.0009649804646928717,0.00022155846557136982,-11.0,-21.039999999999054,-0.008032863498467324,-0.008032863498467324,0.03461080222398749,0.2852820542815184,-0.0004400405684412967,0.0004207609758384301,-21.0,-27.039999999999054,0.04983477074401177,0.04983477074401177,-0.5526277468890655,0.34882406111798936,0.0008217933935990573,0.000635374719136439,0,0
165,81.0,227.0599999999995,11995,0.6916821768854049,0.6916821768854049,42.92168387609214,16.140785348207473,0.2536505373522596,0.7853877505581941,1259.0,3.0,32.05999999999949,-0.1407390146574553,-0.1407390146574553,0.8122451681228497,0.23087760972275007,0.01225352263871718,0.00037089892092723176,2.0,31.05999999999949,0.023426404286963298,0.023426404286963298,1.0697643632512595,0.23388979880620475,0.011288542174024307,0.0005924573864986016,-4.0,-14.149999999999636,0.06055132691685594,0.06055132691685594,-0.6410378607360343,0.7968519838823696,0.012706633961235447,0.00102542789328941,0,0
166,70.0,215.5500000000011,11916,0.7397965001999067,0.7397965001999067,41.84986761980407,16.07329505114141,0.2520774562092141,0.7852943357349483,1259.0,-11.0,-11.5099999999984,0.04811432331450183,0.04811432331450183,-1.0718162562880664,-0.0674902970660618,-0.001573081143045496,-9.341482324576322e-05,-8.0,20.55000000000109,-0.09262469134295348,-0.09262469134295348,-0.2595710881652167,0.16338731265668827,0.010680441495671683,0.00027748409768146853,-19.0,-0.48999999999796273,-0.1006575548414208,-0.1006575548414208,-0.2249602859412292,0.4486693669382067,0.010240400927230386,0.0006982450735198986,0,0
167,71.14999999999964,197.6299999999992,11738,1.0652701363729513,1.0652701363729513,42.01066984379137,15.947624452829997,0.24276794851765032,0.7853907535149997,1259.0,1.1499999999996362,-17.92000000000189,0.3254736361730446,0.3254736361730446,0.1608022239872966,-0.12567059831141414,-0.009309507691563801,9.641778005131663e-05,-9.850000000000364,-29.43000000000029,0.3735879594875464,0.3735879594875464,-0.9110140323007698,-0.19316089537747594,-0.010882588834609297,3.002956805553403e-06,-7.850000000000364,1.6299999999991996,0.3970143637745097,0.3970143637745097,0.15875033095048963,0.04072890342872881,0.00040595333941501055,0.000595460343304155,0,0
168,75.0,214.73999999999978,12227,1.1183809811957872,1.1183809811957872,41.52613185067514,15.996976436759,0.24270090757461754,0.785890385686073,1259.0,3.850000000000364,17.110000000000582,0.0531108448228359,0.0531108448228359,-0.48453799311622703,0.04935198392900375,-6.704094303278119e-05,0.0004996321710732943,5.0,-0.8100000000013097,0.3785844809958805,0.3785844809958805,-0.32373576912893043,-0.07631861438241039,-0.009376548634596582,0.0005960499511246109,-3.0,19.73999999999978,0.285959789652927,0.285959789652927,-0.5833068572941471,0.08706869827427788,0.001303892861075101,0.0008735340488060794,0,0
169,85.0,235.40999999999804,12154,0.7024997165382004,0.7024997165382004,41.36450225046333,15.873115588135809,0.24297346457064853,0.7858223618733874,1259.0,10.0,20.669999999998254,-0.4158812646575868,-0.4158812646575868,-0.1616296002118105,-0.1238608486231918,0.00027255699603098704,-6.802381268555813e-05,13.850000000000364,37.779999999998836,-0.3627704198347509,-0.3627704198347509,-0.6461675933280375,-0.07450886469418805,0.00020551605299820586,0.00043160835838773615,4.0,8.349999999998545,0.010817539652795527,0.010817539652795527,-1.5571816256288074,-0.267669760071664,-0.010677072781611091,0.00043461131519328955,0,0
170,80.0,231.3099999999995,11970,0.7570268436375751,0.7570268436375751,42.00734048186391,16.023334125075653,0.24611763149631272,0.786046446742663,1259.0,-5.0,-4.099999999998545,0.054527127099374684,0.054527127099374684,0.6428382314005816,0.15021853693984433,0.003144166925664188,0.00022408486927560922,5.0,16.56999999999971,-0.3613541375582121,-0.3613541375582121,0.4812086311887711,0.026357688316652528,0.003416723921695175,0.0001560610565900511,10.0,15.7599999999984,0.017230343437668383,0.017230343437668383,0.15747286205984068,-0.04996092606575786,-0.005959824712901407,0.000752111007714662,0,0
171,72.59999999999854,207.0,12409,0.6831040819468988,0.6831040819468988,41.5577045274027,15.912217218337155,0.24719227840051805,0.7863111346368282,1259.0,-7.400000000001455,-24.30999999999949,-0.07392276169067635,-0.07392276169067635,-0.44963595446121474,-0.1111169067384985,0.0010746469042053342,0.00026468789416522753,-12.400000000001455,-28.409999999998035,-0.01939563459130167,-0.01939563459130167,0.19320227693936687,0.03910163020134583,0.004218813829869522,0.0004887727634408368,1.4499999999989086,9.3700000000008,-0.38216605442605256,-0.38216605442605256,-0.45296531638867066,-0.03540723449284222,0.004424329882867728,0.0009203811218285729,0,0
172,78.0,199.0,13135,2.4742054178623185,2.4742054178623185,41.03455123113582,15.774400080363426,0.24305164520081343,0.7862112222918449,1259.0,5.400000000001455,-8.0,1.7911013359154198,1.7911013359154198,-0.5231532962668766,-0.13781713797372852,-0.004140633199704619,-9.991234498329948e-05,-2.0,-32.30999999999949,1.7171785742247434,1.7171785742247434,-0.9727892507280913,-0.24893404471222702,-0.0030659862954992845,0.00016477554918192805,3.0,-15.739999999999782,1.3558244366665313,1.3558244366665313,-0.4915806195393202,-0.2225763563955745,0.00035073762619589055,0.00032083660577197914,0,0
173,85.0,207.36000000000058,13865,0.6771146218926276,0.6771146218926276,41.237529785544076,15.812167195530327,0.24284986680193626,0.7866480840966283,1259.0,7.0,8.360000000000582,-1.797090795969691,-1.797090795969691,0.2029785544082543,0.03776711516690057,-0.0002017783988771671,0.0004368618047834172,12.400000000001455,0.3600000000005821,-0.005989460054271145,-0.005989460054271145,-0.32017474185862227,-0.10005002280682795,-0.004342411598581786,0.0003369494598001177,0.0,-28.049999999997453,-0.025385094645572814,-0.025385094645572814,-0.1269724649192554,-0.06094839260548213,-0.00012359776871226358,0.0008257222232409545,0,0
174,80.0,225.73999999999978,14127,0.8748431069321798,0.8748431069321798,41.19079957638338,15.964120783553232,0.24113735753747192,0.7864693950527334,1259.0,-5.0,18.3799999999992,0.1977284850395522,0.1977284850395522,-0.04673020916069959,0.1519535880229057,-0.0017125092644643403,-0.00017868904389495288,2.0,26.73999999999978,-1.5993623109301387,-1.5993623109301387,0.1562483452475547,0.18972070318980627,-0.0019142876633415074,0.0002581727608884643,0.0,-5.569999999999709,0.1178162632946047,0.1178162632946047,-0.8165409054805366,-0.05921334152242075,-0.004980273958840792,0.00042294831007039235,0,0
175,80.0,222.0,14351,1.0370573695057168,1.0370573695057168,41.55168784749801,15.624279467039079,0.2403595795601763,0.786442665186451,1259.0,0.0,-3.7399999999997817,0.162214262573537,0.162214262573537,0.3608882711146322,-0.3398413165141534,-0.0007777779772956128,-2.6729866282382275e-05,-5.0,14.639999999999418,0.3599427476130892,0.3599427476130892,0.3141580619539326,-0.18788772849124769,-0.002490287241759953,-0.00020541891017733516,7.400000000001455,15.0,0.35395328755881805,0.35395328755881805,-0.006016679904689681,-0.28793775129807564,-0.006832698840341739,0.00013153054962278254,0,1
176,76.04999999999927,239.01000000000022,14700,0.7922621168552477,0.7922621168552477,41.51051760656606,15.797785204927706,0.2397790031853,0.7869416355045188,1259.0,-3.9500000000007276,17.01000000000022,-0.2447952526504691,-0.2447952526504691,-0.04117024093194743,0.1735057378886271,-0.0005805763748763237,0.0004989703180677818,-3.9500000000007276,13.270000000000437,-0.08258099007693209,-0.08258099007693209,0.31971803018268474,-0.16633557862552628,-0.0013583543521719366,0.00047224045178539953,-1.9500000000007276,40.01000000000022,-1.6819433010070708,-1.6819433010070708,0.47596637543023945,0.02338512456427999,-0.003272642015513444,0.0007304132126738638,1,0
177,82.0,227.40000000000146,14581,0.7793692086010635,0.7793692086010635,41.5578766216574,15.685876661535424,0.23834880111267198,0.7865636824993409,1259.0,5.950000000000728,-11.609999999998763,-0.01289290825418421,-0.01289290825418421,0.04735901509133811,-0.11190854339228196,-0.0014302020726280062,-0.0003779530051778446,2.0,5.400000000001455,-0.2576881609046533,-0.2576881609046533,0.006188774159390675,0.06159719449634515,-0.00201077844750433,0.00012101731288993722,-3.0,20.040000000000873,0.1022545867084359,0.1022545867084359,0.32034683611332326,-0.12629053399490253,-0.004501065689264283,-8.440159728739793e-05,0,0
178,74.0,215.0,14640,0.7949591712525915,0.7949591712525915,41.493572941487955,15.784585108391854,0.24236224137578619,0.7868663167271754,1259.0,-8.0,-12.400000000001455,0.015589962651528011,0.015589962651528011,-0.06430368016944499,0.09870844685642943,0.004013440263114204,0.00030263422783449734,-2.0499999999992724,-24.01000000000022,0.002697054397343801,0.002697054397343801,-0.01694466507810688,-0.013200096535852524,0.002583238190486198,-7.531877734334724e-05,-6.0,-10.739999999999782,-0.07988393567958829,-0.07988393567958829,0.30277336510457786,-0.1795356751613788,0.0012248838383142613,0.0003969216744420523,0,0
179,91.0,230.0,14851,0.6821851087159692,0.6821851087159692,42.65148927720413,16.00532328709338,0.2417434471748617,0.7870388673921725,1259.0,17.0,15.0,-0.11277406253662237,-0.11277406253662237,1.1579163357161733,0.22073817870152546,-0.0006187942009244773,0.00017255066499710647,9.0,2.599999999998545,-0.09718409988509435,-0.09718409988509435,1.0936126555467283,0.3194466255579549,0.0033946460621897268,0.0004751848928316038,11.0,8.0,-0.35487226078974765,-0.35487226078974765,1.099801429706119,0.38104382005430004,0.0013838676146853968,0.000596202205721541,0,0
180,78.0,210.77999999999884,13162,0.685960190251031,0.685960190251031,44.5011980407731,16.152580106304868,0.24759488503186416,0.7868915592705664,1259.0,-13.0,-19.220000000001164,0.003775081535061897,0.003775081535061897,1.8497087635689695,0.14725681921148848,0.005851437857002456,-0.00014730812160612672,4.0,-4.220000000001164,-0.10899898100156047,-0.10899898100156047,3.0076250992851428,0.36799499791301393,0.005232643656077979,2.5242543390979755e-05,1.9500000000007276,-28.230000000001382,-0.10630192660421667,-0.10630192660421667,2.990680434207036,0.3547949013771614,0.007815881846564177,-5.007623395236749e-05,0,0
181,68.0,192.53999999999905,13047,0.6261512158326907,0.6261512158326907,43.067520518930365,15.868169581874374,0.25562017466333253,0.7874818498696289,1259.0,-10.0,-18.23999999999978,-0.05980897441834032,-0.05980897441834032,-1.433677521842732,-0.2844105244304931,0.008025289631468369,0.0005902905990624596,-23.0,-37.460000000000946,-0.056033892883278424,-0.056033892883278424,0.4160312417262375,-0.1371537052190046,0.013876727488470825,0.0004429824774563329,-14.0,-34.8600000000024,-0.15321799276837278,-0.15321799276837278,1.5096438972729658,0.18229292033895028,0.01727137355066055,0.0009181673702879367,0,0
182,69.0,221.61000000000058,13340,1.1631396839804067,1.1631396839804067,43.15961080222399,15.810836748881199,0.25239660748066106,0.7870568590944395,1259.0,1.0,29.070000000001528,0.536988468147716,0.536988468147716,0.09209028329362212,-0.05733283299317549,-0.003223567182671472,-0.00042499077518942663,-9.0,10.830000000001746,0.4771794937293756,0.4771794937293756,-1.3415872385491099,-0.34174335742366857,0.004801722448796897,0.000165299823873033,-5.0,6.610000000000582,0.36818051272781516,0.36818051272781516,1.6660378607360329,0.026251640489345363,0.010034366104874876,0.00019054236726401275,0,0
183,70.0,199.0,13372,0.6363935410762325,0.6363935410762325,42.592355043685465,15.842464698995006,0.24656029862085097,0.7871405121066251,1259.0,1.0,-22.610000000000582,-0.5267461429041742,-0.5267461429041742,-0.5672557585385221,0.03162795011380659,-0.0058363088598100965,8.365301218560273e-05,2.0,6.460000000000946,0.010242325243541739,0.010242325243541739,-0.47516547524489994,-0.025704882879368895,-0.009059876042481568,-0.0003413377630038239,-21.0,-31.0,-0.045791567639736686,-0.045791567639736686,-0.05913423351866243,-0.1628585880983735,0.004816851445989256,0.000101644714452509,0,0
184,69.0,214.0,13758,0.9252727489186955,0.9252727489186955,42.66510458035478,16.250640744091253,0.24477592941839976,0.7876677306707744,1259.0,-1.0,15.0,0.288879207842463,0.288879207842463,0.07274953666931339,0.4081760450962477,-0.0017843692024512026,0.0005272185641493898,0.0,-7.610000000000582,-0.2378669350617112,-0.2378669350617112,-0.4945062218692087,0.4398039952100543,-0.007620678062261299,0.0006108715763349926,-9.0,3.220000000001164,0.23931255866766443,0.23931255866766443,-1.8360934604183186,0.09806063778638574,-0.0028189556134644023,0.0007761714002080256,0,0
185,74.0,226.0,13669,0.7052276069533197,0.7052276069533197,42.644804077310035,16.04751098127431,0.24724499072334083,0.7872840924524332,1259.0,5.0,12.0,-0.22004514196537583,-0.22004514196537583,-0.02030050304474429,-0.20312976281694262,0.002469061304941067,-0.00038363821834119793,4.0,27.0,0.06883406587708718,0.06883406587708718,0.0524490336245691,0.2050462822793051,0.0006846921024898645,0.0001435803458081919,6.0,33.460000000000946,0.07907639112062892,0.07907639112062892,-0.42271644162033084,0.1793413993999362,-0.008375183939991704,-0.000197757417195632,0,0
186,72.0,206.0,13709,0.6598844583949477,0.6598844583949477,42.18434604183214,15.91908629735729,0.246058730048558,0.7877207841070234,1259.0,-2.0,-20.0,-0.04534314855837196,-0.04534314855837196,-0.46045803547789177,-0.12842468391701978,-0.0011862606747828353,0.0004366916545901489,3.0,-8.0,-0.2653882905237478,-0.2653882905237478,-0.48075853852263606,-0.3315544467339624,0.0012828006301582318,5.305343624895098e-05,3.0,-15.610000000000582,-0.503255225585459,-0.503255225585459,-0.9752647603918447,0.10824954847609192,-0.006337877432103067,0.0006639250125839435,0,0
187,73.0,195.0,14838,0.9451591265883524,0.9451591265883524,42.273610007942814,16.008677763901805,0.2450276773709623,0.787624496614488,1259.0,1.0,-11.0,0.28527466819340475,0.28527466819340475,0.08926396611067133,0.08959146654451366,-0.0010310526775957063,-9.628749253542956e-05,-1.0,-31.0,0.23993151963503279,0.23993151963503279,-0.37119406936722044,-0.03883321737250611,-0.0022173133523785415,0.00034040416205471935,3.0,-4.0,0.30876558551211997,0.30876558551211997,-0.31874503574265134,0.166213064906799,-0.001532621249888677,0.00048398450786291125,0,0
188,77.0,225.0,16410,2.652236818764758,2.652236818764758,41.82879931162298,15.871541490437897,0.2514147736373107,0.7875441943396644,1259.0,4.0,30.0,1.7070776921764055,1.7070776921764055,-0.44481069631983416,-0.13713627346390744,0.0063870962663483966,-8.030227482358487e-05,5.0,19.0,1.9923523603698103,1.9923523603698103,-0.35554673020916283,-0.04754480691939378,0.00535604358875269,-0.00017658976735901444,8.0,11.0,1.7269640698460624,1.7269640698460624,-0.8363052687317989,-0.37909925365335617,0.006638844218910922,-0.00012353633111006346,0,0
189,66.0,206.0,16164,0.9184970041327561,0.9184970041327561,41.70725443473656,15.966553746527438,0.24332569102786694,0.7879818465806265,1259.0,-11.0,-19.0,-1.7337398146320018,-1.7337398146320018,-0.1215448768864178,0.09501225608954122,-0.008089082609443743,0.0004376522409621497,-7.0,11.0,-0.026662122455596293,-0.026662122455596293,-0.566355573206252,-0.04212401737436622,-0.0017019863430953464,0.00035734996613856485,-8.0,-20.0,0.2132693971794365,0.2132693971794365,-0.9375496425734724,-0.08095723474687233,-0.003919299695473888,0.0006977541281932842,0,0
190,64.0,210.82999999999993,16518,0.8791109370492252,0.8791109370492252,41.82118083134763,15.73679269732247,0.24334372967988757,0.7875060147004435,1259.0,-2.0,4.829999999999927,-0.039386067083530985,-0.039386067083530985,0.1139263966110704,-0.22976104920496887,1.803865202062993e-05,-0.0004758318801830752,-13.0,-14.170000000000073,-1.7731258817155329,-1.7731258817155329,-0.007618480275347395,-0.13474879311542765,-0.008071043957423113,-3.817963922092549e-05,-8.0,4.829999999999927,0.21922647865427747,0.21922647865427747,-0.3631652104845102,-0.18229360003482142,-0.0027150003686704227,-0.00021476940657993993,0,0
191,71.0,221.13999999999942,16844,1.1853104131319745,1.1853104131319745,42.94087238549113,15.402974759948298,0.2463352321932914,0.7878585552014085,1259.0,7.0,10.30999999999949,0.30619947608274933,0.30619947608274933,1.1196915541435004,-0.333817937374171,0.0029915025134038264,0.000352540500965004,5.0,15.139999999999418,0.26681340899921835,0.26681340899921835,1.2336179507545708,-0.5635789865791399,0.0030095411654244564,-0.0001232913792180712,-2.0,26.139999999999418,0.24015128654362206,0.24015128654362206,0.6672623775483189,-0.6057030039535061,0.00130755482232911,0.00023405858692049364,0,0
192,70.0,212.47999999999956,15753,0.6033336366968861,0.6033336366968861,41.73447842202806,15.803214388906515,0.25529088203315137,0.788092407278829,1259.0,-1.0,-8.659999999999854,-0.5819767764350884,-0.5819767764350884,-1.2063939634630714,0.4002396289582162,0.00895564983985997,0.0002338520774205488,6.0,1.6499999999996362,-0.27577730035233905,-0.27577730035233905,-0.08670240931957096,0.0664216915840452,0.011947152353263796,0.0005863925783855528,-7.0,-12.520000000000437,-2.048903182067872,-2.048903182067872,-0.09432088959491836,-0.06832710153138244,0.003876108395840683,0.0005482129391646273,0,0
193,67.0,206.0,16269,0.7653604760640759,0.7653604760640759,41.23829759068043,15.484153997040755,0.2471637066440982,0.7878158394546145,1259.0,-3.0,-6.479999999999563,0.16202683936718976,0.16202683936718976,-0.4961808313476297,-0.31906039186575974,-0.008127175389053165,-0.0002765678242144798,-4.0,-15.139999999999418,-0.4199499370678986,-0.4199499370678986,-1.702574794810701,0.08117923709245645,0.0008284744508068043,-4.2715746793930975e-05,1.0,0.0,-0.15313652806868028,-0.15313652806868028,-0.46895684405613025,-0.4823997494866834,0.0038380156162312606,-0.00016600712601200218,0,0
194,72.14999999999964,209.6299999999992,16038,0.6110845411607991,0.6110845411607991,41.02415276674609,15.854473432540576,0.24193031900950324,0.7881678121254688,1259.0,5.149999999999636,3.6299999999991996,-0.15427593490327673,-0.15427593490327673,-0.21414482393434042,0.3703194354998214,-0.005233387634594966,0.00035197267085429473,2.149999999999636,-2.850000000000364,0.007750904463913022,0.007750904463913022,-0.7103256552819701,0.05125904363406164,-0.013360563023648131,7.540484663981495e-05,8.149999999999636,-1.2000000000007276,-0.26802639588842603,-0.26802639588842603,-0.7970280646015411,0.11768073521810685,-0.0014134106703843352,0.0006617974250253678,0,0
195,64.0,192.32999999999993,14068,1.3553331922591443,1.3553331922591443,41.58600741329097,16.017496892790327,0.2475243127591721,0.7879802444039876,1259.0,-8.149999999999636,-17.299999999999272,0.7442486510983451,0.7442486510983451,0.5618546465448802,0.16302346024975023,0.005593993749668874,-0.0001875677214812077,-3.0,-13.670000000000073,0.5899727161950684,0.5899727161950684,0.34770982261053973,0.5333428957495716,0.00036060611507390816,0.00016440494937308703,-7.0,-28.80999999999949,0.1700227791271698,0.1700227791271698,-1.3548649722001613,0.6145221328420281,0.0011890805658807124,0.00012168920257915605,0,0
196,69.0,207.9400000000005,14307,0.7022891030691308,0.7022891030691308,41.33739078633837,15.893711868168884,0.24898099057929798,0.7880103981996738,1259.0,5.0,15.610000000000582,-0.6530440891900134,-0.6530440891900134,-0.24861662695260378,-0.12378502462144247,0.0014566778201258734,3.0153795686160834e-05,-3.149999999999636,-1.6899999999986903,0.0912045619083317,0.0912045619083317,0.3132380195922764,0.039238435628307755,0.0070506715697947475,-0.00015741392579504687,-1.0,-4.539999999999054,0.09895546637224473,0.09895546637224473,-0.39708763568969374,0.0904974792623694,-0.0063098914538533835,-8.200907915523192e-05,0,0
197,67.0,199.0,14010,0.6852491925285543,0.6852491925285543,41.333571617686,15.826398205068251,0.2472285226820796,0.788311597465806,1259.0,-2.0,-8.94000000000051,-0.01703991054057652,-0.01703991054057652,-0.0038191686523703083,-0.06731366310063258,-0.0017524678972183905,0.0003011992661322571,3.0,6.670000000000073,-0.67008399973059,-0.67008399973059,-0.2524357956049741,-0.19109868772207506,-0.00029579007709251703,0.00033135306181841795,0.0,-7.0,-0.08011128353552155,-0.08011128353552155,0.09527402700556564,0.34224420802749655,6.481603798139113e-05,0.000495758011191505,0,0
198,68.69999999999891,202.0,14087,0.7295213379460637,0.7295213379460637,40.803514694201745,15.808138452103107,0.24335295051711758,0.7880462416587508,1259.0,1.6999999999989086,3.0,0.044272145417509345,0.044272145417509345,-0.5300569234842527,-0.018259752965144926,-0.00387557216496201,-0.0002653558070552231,-0.3000000000010914,-5.940000000000509,0.027232234876932826,0.027232234876932826,-0.533876092136623,-0.08557341606577751,-0.0056280400621804005,3.584345907703401e-05,-3.4500000000007276,-7.6299999999992,0.11843679678526453,0.11843679678526453,-0.22063807254434664,-0.04633498043746975,0.001422631507614347,-0.00012157046671801286,0,0
199,65.0,202.0,13855,0.8250673930821145,0.8250673930821145,40.38287625861155,15.991651193566302,0.24288251956198978,0.7882692494782501,1259.0,-3.6999999999989086,0.0,0.09554605513605086,0.09554605513605086,-0.42063843559019176,0.18351274146319518,-0.0004704309551278041,0.00022300781949924353,-2.0,3.0,0.1398182005535602,0.1398182005535602,-0.9506953590744445,0.16525298849805026,-0.004346003120089814,-4.234798755597957e-05,1.0,9.670000000000073,-0.5302657991770298,-0.5302657991770298,-1.2031311546794186,-0.0258456992240248,-0.004641793197182331,0.0002890050742624384,0,0
200,67.0,199.4399999999987,13829,0.8888018417326933,0.8888018417326933,40.89810621109786,16.546512449400133,0.25205212914962366,0.7884928844957905,1259.0,2.0,-2.5600000000013097,0.06373444865057876,0.06373444865057876,0.5152299524863082,0.5548612558338313,0.009169609587633881,0.00022363501754041337,-1.6999999999989086,-2.5600000000013097,0.1592805037866296,0.1592805037866296,0.09459151689611645,0.7383739972970265,0.008699178632506077,0.0004466428370396569,-2.0,-8.500000000001819,0.18651273866356244,0.18651273866356244,-0.43928457524050657,0.652800581231249,0.0030711385703256766,0.0004824862961166909,0,0
201,66.0,198.0,13247,0.8780291840361308,0.8780291840361308,40.482287529785545,15.849346389798924,0.26248465512920516,0.7883594073029716,1259.0,-1.0,-1.4399999999986903,-0.010772657696562438,-0.010772657696562438,-0.4158186813123166,-0.6971660596012086,0.010432525979581497,-0.00013347719281886494,1.0,-4.0,0.05296179095401632,0.05296179095401632,0.09941127117399162,-0.1423048037673773,0.01960213556721538,9.015782472154843e-05,-1.0,-1.0,0.19277999150757652,0.19277999150757652,-0.8512840879004528,0.02294818473067295,0.015256132447125564,4.780983716556886e-05,0,0
202,62.0,199.0,13280,0.638394625028177,0.638394625028177,40.45737357691289,15.768362153254108,0.2405589823705729,0.7885385435474023,1259.0,-4.0,1.0,-0.23963455900795383,-0.23963455900795383,-0.024913952872651635,-0.08098423654481657,-0.021925672758632248,0.00017913624443066656,-5.0,-0.4399999999986903,-0.25040721670451627,-0.25040721670451627,-0.4407326341849682,-0.7781502961460252,-0.01149314677905075,4.5659051611801615e-05,-6.699999999998909,-3.0,-0.09112671291788665,-0.09112671291788665,-0.3461411172888518,-0.03977629884899869,-0.002793968146544673,0.0004923018886514585,0,0
203,66.0,188.1800000000003,13242,0.6978938304320775,0.6978938304320775,40.294062748212866,15.67180530531341,0.2392728804570967,0.7884545774096245,1259.0,4.0,-10.819999999999709,0.059499205403900524,0.059499205403900524,-0.1633108287000269,-0.09655684794069863,-0.001286101913476223,-8.396613777772455e-05,0.0,-9.819999999999709,-0.1801353536040533,-0.1801353536040533,-0.18822478157267852,-0.1775410844855152,-0.02321177467210847,9.517010665294201e-05,1.0,-13.819999999999709,-0.127173562650037,-0.127173562650037,-0.0888135103986869,-0.3198458882528925,-0.003609639104893092,0.00018532793137449044,0,0
204,60.0,182.88999999999942,12912,0.8693067152444397,0.8693067152444397,39.907724384432086,15.880868507059741,0.24322050875022766,0.7884628253857989,1259.0,-6.0,-5.290000000000873,0.17141288481236217,0.17141288481236217,-0.38633836378078,0.20906320174633208,0.0039476282931309725,8.247976174380334e-06,-2.0,-16.110000000000582,0.2309120902162627,0.2309120902162627,-0.5496491924808069,0.11250635380563345,0.0026615263796547495,-7.571816160334421e-05,-7.0,-16.549999999999272,-0.019495126488253578,-0.019495126488253578,-0.9903818266657751,-0.6656439423403917,-0.008831620399396,-3.00591099915426e-05,0,0
205,68.0,191.0,13512,0.6284062801908528,0.6284062801908528,40.07274953666931,15.68615404783227,0.24409947090095932,0.7886470705862553,1259.0,8.0,8.110000000000582,-0.24090043505358694,-0.24090043505358694,0.16502515223722725,-0.19471445922747144,0.0008789621507316603,0.00018424520045634551,2.0,2.819999999999709,-0.06948755024122477,-0.06948755024122477,-0.22131321154355277,0.014348742518860647,0.004826590443862633,0.00019249317663072585,2.0,-7.0,-0.24962290384527808,-0.24962290384527808,-0.4095379931162313,-0.16319234196665455,-0.018385184228245838,0.00028766328328366786,0,0
206,71.0,200.0,13554,0.6891691254400559,0.6891691254400559,39.840574530050304,15.598223083609883,0.23550630931300057,0.7884706114851547,1259.0,3.0,9.0,0.06076284524920317,0.06076284524920317,-0.23217500661900914,-0.08793096422238733,-0.008593161587958753,-0.00017645910110053453,11.0,17.110000000000582,-0.18013758980438377,-0.18013758980438377,-0.06714985438178189,-0.28264542344985877,-0.007714199437227093,7.786099355810983e-06,9.0,1.0,0.05077450041187892,0.05077450041187892,-0.6167990468625888,-0.17013906964422532,-0.005052673057572343,-6.793206224753323e-05,0,0
207,70.0,226.13999999999942,13587,0.7448609045526743,0.7448609045526743,40.18978024887477,15.579054392100762,0.2352011855360932,0.7884538168941252,1259.0,-1.0,26.139999999999418,0.055691779112618356,0.055691779112618356,0.3492057188244644,-0.019168691509120706,-0.00030512377690736225,-1.679459102954528e-05,2.0,35.13999999999942,0.11645462436182152,0.11645462436182152,0.11703071220545525,-0.10709965573150804,-0.008898285364866115,-0.0001932536921300798,4.0,37.95999999999913,0.04696707412059675,0.04696707412059675,-0.10428249933809752,-0.09275091321264739,-0.0040716949210034825,-7.605154993539642e-07,0,0
208,65.0,202.0,13600,0.7918998801897783,0.7918998801897783,40.18819830553349,15.688380816780247,0.23721857698810184,0.7887767551435754,1259.0,-5.0,-24.139999999999418,0.04703897563710402,0.04703897563710402,-0.001581943341278702,0.10932642467948561,0.0020173914520086322,0.00032293824945017757,-6.0,2.0,0.10273075474972237,0.10273075474972237,0.3476237754831857,0.0901577331703649,0.00171226767510127,0.0003061436584206323,5.0,19.110000000000582,-0.0774068350546614,-0.0774068350546614,0.2804739211014038,-0.19248769027949386,-0.006001931762125823,0.0003139297577764433,0,0
209,62.0,180.07999999999993,13593,0.7870506684726137,0.7870506684726137,40.47187582737622,15.817512788706502,0.23595821172171952,0.7886325011090497,1259.0,-3.0,-21.920000000000073,-0.00484921171716457,-0.00484921171716457,0.2836775218427334,0.12913197192625425,-0.0012603652663823184,-0.00014425403452567043,-8.0,-46.05999999999949,0.04218976391993945,0.04218976391993945,0.2820955785014547,0.23845839660573986,0.0007570261856263139,0.00017868421492450715,-6.0,-10.920000000000073,0.15864438828176097,0.15864438828176097,0.39912629070690997,0.13135874087423183,-0.008141259179239801,-1.4569477205572667e-05,0,0
210,71.0,216.27000000000044,15874,0.6974878530096077,0.6974878530096077,42.52936192745565,16.1539789677495,0.24366986624710704,0.7888061889492396,1259.0,9.0,36.19000000000051,-0.08956281546300604,-0.08956281546300604,2.05748610007943,0.336466179042997,0.0077116545253875235,0.00017368784018989558,6.0,14.270000000000437,-0.09441202718017061,-0.09441202718017061,2.3411636219221634,0.4655981509692513,0.006451289259005205,2.9433805664225154e-05,0.0,16.270000000000437,0.008318727569551765,0.008318727569551765,2.688787397405349,0.5557558841396162,0.008163556934106475,0.00033557746408485745,0,0
211,70.0,198.0,15691,0.665110904426981,0.665110904426981,41.282029388403494,15.679419289773723,0.24450809494002773,0.7888915470614142,1259.0,-1.0,-18.270000000000437,-0.03237694858262674,-0.03237694858262674,-1.2473325390521595,-0.47455967797577614,0.0008382286929206895,8.535811217458278e-05,8.0,17.920000000000073,-0.12193976404563278,-0.12193976404563278,0.8101535610272705,-0.1380934989327791,0.008549883218308213,0.00025904595236447836,0.0,-28.139999999999418,-0.07975000012569333,-0.07975000012569333,1.0922491395287253,0.10036489767296075,0.009306909403934527,0.0004377301672889855,0,0
212,75.0,208.63999999999942,14337,0.7517046321910639,0.7517046321910639,40.96023298914483,15.658992443720402,0.23741407824822297,0.7886833193001054,1259.0,5.0,10.639999999999418,0.08659372776408292,0.08659372776408292,-0.3217963992586661,-0.020426846053320347,-0.007094016691804761,-0.00020822776130879905,4.0,-7.630000000001019,0.054216779181456176,0.054216779181456176,-1.5691289383108256,-0.4949865240290965,-0.0062557879988840714,-0.00012286964913421627,10.0,6.639999999999418,-0.040195247998714434,-0.040195247998714434,0.7720346836113379,-0.029388373059845208,0.00019550126012113367,-9.343584346999112e-05,0,0
213,83.0,212.0,13687,0.9081199093011448,0.9081199093011448,40.401211278792694,16.026979301730456,0.24096462760659082,0.7890150216574514,1259.0,8.0,3.360000000000582,0.15641527711008096,0.15641527711008096,-0.559021710352134,0.36798685801005426,0.0035505493583678494,0.00033170235734603093,13.0,14.0,0.24300900487416388,0.24300900487416388,-0.8808181096108001,0.3475600119567339,-0.0035434673334369116,0.00012347459603723188,21.0,31.920000000000073,0.1210692408285311,0.1210692408285311,-0.07066454858352955,0.2094665130239548,0.005006415884871301,0.00038252054840171024,0,0
214,71.0,199.77000000000044,13624,0.6885575819788308,0.6885575819788308,40.0525615567911,15.678991431566654,0.23946357067300375,0.7888196284473652,1259.0,-12.0,-12.229999999999563,-0.21956232732231407,-0.21956232732231407,-0.3486497220015963,-0.34798787016380217,-0.0015010569335870694,-0.00019539321008621435,-4.0,-8.869999999998981,-0.0631470502122331,-0.0631470502122331,-0.9076714323537303,0.019998987846252092,0.00204949242478078,0.00013630914725981658,0.0,-16.5,-0.008930271030776926,-0.008930271030776926,-2.476800370664556,-0.4749875361828444,-0.0042062955741032915,1.3439498125600302e-05,0,0
215,74.0,222.42000000000007,13459,0.6344264692812404,0.6344264692812404,40.23378342599947,15.462088815555035,0.23825596686530878,0.7887475411980942,1259.0,3.0,22.649999999999636,-0.05413111269759041,-0.05413111269759041,0.1812218692083718,-0.21690261601161964,-0.001207603807694968,-7.20872492709912e-05,-9.0,10.420000000000073,-0.2736934400199045,-0.2736934400199045,-0.16742785279322447,-0.5648904861754218,-0.0027086607412820374,-0.00026748045935720555,4.0,24.420000000000073,-0.030684435145740596,-0.030684435145740596,-1.0482459624040246,-0.2173304742186879,-0.006252128074718949,-0.00014400586331997367,0,0
216,81.0,218.0,13321,0.6696596958521186,0.6696596958521186,39.94534021710352,15.905685573663229,0.23644267281873885,0.7891848335387311,1259.0,7.0,-4.420000000000073,0.03523322657087824,0.03523322657087824,-0.28844320889594854,0.4435967581081943,-0.0018132940465699354,0.0004372923406369411,10.0,18.229999999999563,-0.01889788612671217,-0.01889788612671217,-0.10722133968757674,0.22669414209657468,-0.0030208978542649034,0.0003652050913659499,6.0,9.360000000000582,-0.08204493633894527,-0.08204493633894527,-1.014892772041307,0.24669312994282677,-0.0009714054294841235,0.0005015142386257665,0,0
217,75.0,220.20999999999913,12780,0.7070116908448959,0.7070116908448959,39.88414085252846,15.842893831391978,0.23537432295379077,0.7887578559736111,1259.0,-6.0,2.209999999999127,0.037351994992777304,0.037351994992777304,-0.061199364575060144,-0.0627917422712514,-0.0010683498649480816,-0.0004269775651200014,1.0,-2.210000000000946,0.07258522156365554,0.07258522156365554,-0.3496425734710087,0.38080501583694293,-0.002881643911518017,1.0314775516939712e-05,-8.0,8.209999999999127,-0.20110821845624893,-0.20110821845624893,-0.5170704262642332,-0.18408547033847888,-0.005590304652800054,-0.00025716568384026584,0,0
218,73.0,205.6299999999992,12038,0.6700867904737896,0.6700867904737896,39.615064866296,15.979901434178107,0.23790287367052965,0.7889712256415672,1259.0,-2.0,-14.579999999999927,-0.036924900371106295,-0.036924900371106295,-0.2690759862324583,0.1370076027861291,0.002528550716738881,0.00021336966795604262,-8.0,-12.3700000000008,0.0004270946216710092,0.0004270946216710092,-0.33027535080751846,0.07421586051487772,0.0014602008517907994,-0.00021360789716395878,2.0,5.859999999998763,-0.018470791505041162,-0.018470791505041162,-0.4374966904950952,0.3009100026114524,-0.001560697002474104,0.00015159719420199114,0,0
219,65.0,206.0,12006,0.7035469352378962,0.7035469352378962,39.12575456711676,16.004851791324295,0.23708680593562112,0.7889626112317547,1259.0,-8.0,0.37000000000080036,0.033460144764106636,0.033460144764106636,-0.4893102991792446,0.02495035714618865,-0.0008160677349085266,-8.614409812479629e-06,-10.0,-14.209999999999127,-0.003464755606999659,-0.003464755606999659,-0.7583862854117029,0.16195795993231776,0.0017124829818303544,0.000204755258143563,-9.0,-16.420000000000073,0.06912046595665589,0.06912046595665589,-1.1080288588827116,0.5427629757692607,-0.0011691609296876626,0.0002150700336605027,0,0
220,77.0,225.84000000000015,12009,0.8916249938454539,0.8916249938454539,39.51795737357691,15.613766531343078,0.23652264264915013,0.7886579958004455,1259.0,12.0,19.840000000000146,0.18807805860755766,0.18807805860755766,0.3922028064601548,-0.39108525998121735,-0.0005641632864709922,-0.00030461543130921864,4.0,20.210000000000946,0.2215382033716643,0.2215382033716643,-0.0971074927190898,-0.3661349028350287,-0.0013802310213795188,-0.00031322984112169827,-4.0,7.8400000000001455,0.2219652979933353,0.2219652979933353,-0.42738284352660827,-0.291919042320151,7.996983041128058e-05,-0.000526837738285657,0,0
221,70.35000000000036,210.54000000000087,11874,0.6771396121190868,0.6771396121190868,40.30897537728356,15.29080581056884,0.23732780474402027,0.7891959644102501,1259.0,-6.649999999999636,-15.299999999999272,-0.2144853817263671,-0.2144853817263671,0.7910180037066468,-0.32296072077423865,0.0008051620948701377,0.0005379686098045955,5.350000000000364,4.540000000000873,-0.026407323118809445,-0.026407323118809445,1.1832208101668016,-0.714045980755456,0.00024099880839914545,0.00023335317849537685,-4.649999999999636,-9.669999999998254,-0.029872078725809104,-0.029872078725809104,0.42483452475509864,-0.5520880208231382,0.0019534817902295,0.00043810843663893984,0,0
222,75.0,218.0,11673,0.8667309347665112,0.8667309347665112,39.01178183743711,15.51658777415907,0.23541025434538873,0.7887814788235096,1259.0,4.649999999999636,7.459999999999127,0.1895913226474244,0.1895913226474244,-1.2971935398464467,0.22578196359023117,-0.0019175503986315345,-0.0004144855867405095,-2.0,-7.8400000000001455,-0.02489405907894271,-0.02489405907894271,-0.5061755361397999,-0.09717875718400748,-0.0011123883037613969,0.00012348302306408598,2.0,12.3700000000008,0.1966441442927216,0.1966441442927216,-0.6032830288588897,-0.4633136600190362,-0.0024926193251409157,-0.0001897468180576123,0,0
223,63.0,188.0,11477,1.0376342314993405,1.0376342314993405,38.796690495101934,15.721273275802254,0.23876657493896658,0.7888069552405662,1259.0,-12.0,-30.0,0.17090329673282934,0.17090329673282934,-0.21509134233517813,0.20468550164318344,0.0033563205935778495,2.5476417056635725e-05,-7.350000000000364,-22.540000000000873,0.36049461938025373,0.36049461938025373,-1.5122848821816248,0.4304674652334146,0.001438770194946315,-0.0003890091696838738,-2.0,-18.0,0.3340872962614443,0.3340872962614443,-0.32906407201482324,-0.2835785155220414,0.0016797690033454604,-0.00015565599118849693,0,1
224,76.0,253.01000000000022,11200,0.7656586315006543,0.7656586315006543,38.73126158326714,15.932693182008459,0.23802517644640095,0.7892126256838216,1259.0,13.0,65.01000000000022,-0.27197559999868626,-0.27197559999868626,-0.06542891183479327,0.21141990620620454,-0.0007413984925656314,0.00040567044325534596,1.0,35.01000000000022,-0.10107230326585692,-0.10107230326585692,-0.2805202541699714,0.416105407849388,0.002614922101012218,0.0004311468603119817,-1.0,27.170000000000073,-0.12596636234479963,-0.12596636234479963,-0.7866957903097713,0.3189266506653805,0.0015025337972508213,0.0005546298833760677,1,0
225,75.0,222.0,13146,0.7887917450783855,0.7887917450783855,39.0893897272968,15.905284457092364,0.23878047129621519,0.788787863195842,1259.0,-1.0,-31.01000000000022,0.02313311357773118,0.02313311357773118,0.3581281440296564,-0.027408724916094585,0.0007552948498142364,-0.0004247624879795131,12.0,34.0,-0.24884248642095508,-0.24884248642095508,0.29269923219486316,0.18401118129010996,1.3896357248605051e-05,-1.9092044724167145e-05,4.649999999999636,11.459999999999127,0.11165213295929866,0.11165213295929866,-1.2195856499867617,0.6144786465235246,0.00145266655219492,-0.0004081012144080409,0,0
226,68.0,209.01000000000022,13134,0.7003331893803586,0.7003331893803586,38.80648001059041,15.638878888575693,0.2366160307983981,0.7892207033204313,1259.0,-7.0,-12.989999999999782,-0.08845855569802685,-0.08845855569802685,-0.282909716706385,-0.26640556851667085,-0.002164440497817083,0.0004328401245892177,-8.0,-44.0,-0.06532544212029567,-0.06532544212029567,0.07521842732327144,-0.29381429343276544,-0.0014091456480028464,8.07763660970462e-06,-7.0,-8.989999999999782,-0.1663977453861526,-0.1663977453861526,-0.20530182684669995,0.12229111441662255,0.0012057764530093718,0.0004392244969216863,0,0
227,74.0,205.61000000000058,12640,0.6879603066480136,0.6879603066480136,38.83657002912364,15.764105258375295,0.23603944048904188,0.7890188055818662,1259.0,6.0,-3.399999999999636,-0.012372882732345047,-0.012372882732345047,0.030090018533229568,0.1252263697996021,-0.000576590309356223,-0.0002018977385650489,-1.0,-16.389999999999418,-0.1008314384303719,-0.1008314384303719,-0.2528196981731554,-0.14117919871706874,-0.002741030807173306,0.00023094238602416883,11.0,17.610000000000582,-0.349673924851327,-0.349673924851327,0.03987953402170774,0.042831982573041216,-0.0027271344499247008,0.0002118503413000017,0,0
228,76.0,213.0,12617,0.6220539338492239,0.6220539338492239,38.38173815197246,15.833581023532862,0.23575525692389804,0.788920091957777,1259.0,2.0,7.389999999999418,-0.06590637279878964,-0.06590637279878964,-0.4548318771511788,0.06947576515756637,-0.0002841835651438418,-9.871362408919726e-05,8.0,3.9899999999997817,-0.07827925553113468,-0.07827925553113468,-0.4247418586179492,0.19470213495716848,-0.0008607738745000648,-0.00030061136265424615,0.0,-40.01000000000022,-0.14360469765143036,-0.14360469765143036,-0.3495234312946778,-0.09911215847559696,-0.002269919522502911,-0.00029253372604454153,0,0
229,73.0,194.0,12667,1.041671298821406,1.041671298821406,37.82668122848822,15.992259294601928,0.2350002482219976,0.7894492077391899,1259.0,-3.0,-19.0,0.41961736497218216,0.41961736497218216,-0.5550569234842442,0.15867827106906596,-0.0007550087019004281,0.0005291157814129033,-1.0,-11.610000000000582,0.3537109921733925,0.3537109921733925,-1.009888800635423,0.22815403622663233,-0.00103919226704427,0.000430402157323706,-2.0,-28.0,0.2528795537430206,0.2528795537430206,-1.2627084988085784,0.08697483750956359,-0.0037802230742175758,0.0006613445433478748,0,0
230,70.64999999999964,198.0,12628,0.6565660182350751,0.6565660182350751,38.2773960815462,15.679201996480531,0.23191503256898652,0.7890103670980743,1259.0,-2.350000000000364,4.0,-0.385105280586331,-0.385105280586331,0.4507148530579812,-0.3130572981213966,-0.003085215653011092,-0.00043884064111565646,-5.350000000000364,-15.0,0.03451208438585118,0.03451208438585118,-0.10434207042626298,-0.15437902705233064,-0.00384022435491152,9.027514029724681e-05,2.649999999999636,-11.010000000000218,-0.0437671711452835,-0.0437671711452835,-0.5290839290442122,0.04032310790483784,-0.004700998229411585,-0.00021033622235699934,0,1
231,76.0,237.48999999999978,12652,0.9070796275212188,0.9070796275212188,38.049516812284885,15.598111297693011,0.23595066927888206,0.7892612808748689,1259.0,5.350000000000364,39.48999999999978,0.25051360928614375,0.25051360928614375,-0.2278792692613152,-0.08109069878751995,0.00403563670989554,0.0002509137767946479,3.0,43.48999999999978,-0.13459167130018723,-0.13459167130018723,0.22283558379666601,-0.39414799690891655,0.0009504210568844484,-0.00018792686432100858,2.0,31.8799999999992,0.2191193208732053,0.2191193208732053,-0.787053216838757,-0.16599396068228423,-8.877121015982148e-05,0.00024247529300269743,1,0
232,69.0,185.0,12033,0.8056456703845603,0.8056456703845603,38.264508869473126,15.601851097305051,0.23346610609866175,0.7894513728222836,1259.0,-7.0,-52.48999999999978,-0.10143395713665859,-0.10143395713665859,0.21499205718824044,0.0037397996120400734,-0.002484563180220306,0.0001900919474147056,-1.6499999999996362,-13.0,0.14907965214948515,0.14907965214948515,-0.01288721207307475,-0.07735089917547988,0.0015510735296752343,0.00044100572420935347,-7.0,-28.0,0.18359173653533634,0.18359173653533634,-0.11722928249933773,-0.23172992622781052,-0.0022891508252362858,0.0005312808645066003,0,0
233,76.0,209.35999999999694,11245,0.688367592767501,0.688367592767501,37.95366693142706,15.685596896583727,0.23637229269792437,0.7891227062776791,1259.0,7.0,24.359999999996944,-0.11727807761705922,-0.11727807761705922,-0.3108419380460674,0.08374579927867565,0.002906186599262617,-0.0003286665446045056,0.0,-28.130000000002838,-0.2187120347537178,-0.2187120347537178,-0.09584988085782697,0.08748559889071572,0.0004216234190423107,-0.00013857459718980003,3.0,15.359999999996944,-0.35330370605390504,-0.35330370605390504,0.12698570293883904,-0.30666239801820083,0.0013720444759267592,-0.0003265014615108086,0,0
234,72.0,210.0,11145,0.6484349772925,0.6484349772925,37.592116759332804,15.76681556010392,0.23223635456447925,0.7894679170643365,1259.0,-4.0,0.6400000000030559,-0.03993261547500104,-0.03993261547500104,-0.36155017209425466,0.08121866352019325,-0.004135938133445122,0.0003452107866573906,3.0,25.0,-0.15721069309206026,-0.15721069309206026,-0.6723921101403221,0.1649644627988689,-0.001229751534182505,1.654424205288496e-05,1.3500000000003638,12.0,-0.008131040942575107,-0.008131040942575107,-0.6852793222133968,0.08761356362338901,0.00032132199549272933,0.00045754996626223843,0,0
235,70.0,202.0,11198,0.6895654427618795,0.6895654427618795,37.68678183743712,15.704736240205396,0.23578427213471612,0.7892264494164961,1259.0,-2.0,-8.0,0.041130465469379485,0.041130465469379485,0.09466507810431324,-0.06207931989852433,0.0035479175702368693,-0.00024146764784038766,-6.0,-7.359999999996944,0.0011978499943784415,0.0011978499943784415,-0.2668850939899414,0.019139343621668914,-0.0005880205632082525,0.00010374313881700292,-6.0,-35.48999999999978,-0.21751418475933937,-0.21751418475933937,-0.3627349748477684,0.10662494251238464,-0.00016639714416594176,-3.483145837279711e-05,0,0
236,70.0,221.40000000000146,11181,0.8336801352119408,0.8336801352119408,37.23148001059042,15.51714690323538,0.23235351103468027,0.789278906616926,1259.0,0.0,19.400000000001455,0.14411469245006137,0.14411469245006137,-0.45530182684669995,-0.18758933697001545,-0.003430761100035845,5.245720042990065e-05,-2.0,11.400000000001455,0.18524515791944085,0.18524515791944085,-0.3606367487423867,-0.24966865686853978,0.00011715647020102415,-0.000189010447410487,1.0,36.400000000001455,0.02803446482738059,0.02803446482738059,-1.0330288588827088,-0.08470419406967089,-0.0011125950639814808,-0.00017246620535760204,0,0
237,77.0,212.46999999999935,11354,0.6808444438123025,0.6808444438123025,37.31338363780778,15.293592449305091,0.23166230677015098,0.7895617129975032,1259.0,7.0,-8.93000000000211,-0.15283569139963837,-0.15283569139963837,0.08190362721736477,-0.22355445393028894,-0.0006912042645292882,0.0002828063805772052,7.0,10.469999999999345,-0.008720998949577008,-0.008720998949577008,-0.3733981996293352,-0.4111437909003044,-0.004121965364565133,0.00033526358100710585,1.0,3.110000000002401,-0.007523148955198566,-0.007523148955198566,-0.6402832936192766,-0.3920044472786355,-0.004709985927773386,0.00043900671982410877,0,0
238,69.64999999999964,192.72999999999956,11628,0.8195303157594038,0.8195303157594038,37.04232856764628,15.841531307593023,0.23128126434946183,0.7892858866569634,1259.0,-7.350000000000364,-19.73999999999978,0.13868587194710136,0.13868587194710136,-0.271055070161502,0.5479388582879317,-0.0003810424206891483,-0.0002758263405397976,-0.3500000000003638,-28.67000000000189,-0.014149819452537016,-0.014149819452537016,-0.18915144294413722,0.3243844043576427,-0.0010722466852184365,6.980040037407598e-06,-2.350000000000364,-17.270000000000437,0.17109533846690383,0.17109533846690383,-0.5497881916865239,0.07471574748910292,-0.0009550902150174123,-0.0001820304073730794,0,0
239,64.0,185.29999999999927,11836,0.6558827406991482,0.6558827406991482,37.18226105374636,15.679742503090958,0.2312209805152987,0.7894582860142205,1259.0,-5.649999999999636,-7.430000000000291,-0.16364757506025562,-0.16364757506025562,0.13993248610007925,-0.16178880450206456,-6.0283834163121774e-05,0.00017239935725710254,-13.0,-27.170000000000073,-0.024961703113154265,-0.024961703113154265,-0.13112258406142274,0.3861500537858671,-0.00044132625485227006,-0.00010342698328269506,-6.0,-16.700000000000728,-0.03368270206273127,-0.03368270206273127,-0.5045207836907579,-0.02499373711443731,-0.004563291619417403,0.0002318365977244108,0,0
240,65.0,198.0,12609,0.795133878797657,0.795133878797657,38.01312549642574,16.05684919110519,0.23677559624530095,0.7896246383642752,1259.0,1.0,12.700000000000728,0.13925113809850875,0.13925113809850875,0.8308644426793776,0.37710668801423175,0.005554615730002238,0.00016635235005468818,-4.649999999999636,5.270000000000437,-0.02439643696174687,-0.02439643696174687,0.9707969287794569,0.21531788351216719,0.005494331895839116,0.0003387517073117907,-5.0,-23.400000000001455,-0.038546256414283886,-0.038546256414283886,0.7816454858353197,0.5397022878698099,0.00442208521062068,0.0003457317473491983,0,0
241,79.0,217.65999999999985,12935,0.9509007355371795,0.9509007355371795,36.864111728885355,16.205560380681117,0.23958169456968856,0.7894968236600529,1259.0,14.0,19.659999999999854,0.1557668567395225,0.1557668567395225,-1.1490137675403815,0.148711189575927,0.002806098324387607,-0.00012781470422229546,15.0,32.36000000000058,0.29501799483803126,0.29501799483803126,-0.3181493248610039,0.5258178775901587,0.008360714054389845,3.853764583239272e-05,2.0,5.190000000000509,0.270056291724877,0.270056291724877,-0.44927190892242663,0.9119679313760258,0.007919387799537575,-6.488933745030234e-05,0,0
242,70.0,197.0,12293,0.8194007609154986,0.8194007609154986,36.85001323801959,15.739468760840174,0.23402896746057616,0.7896100112234817,1259.0,-9.0,-20.659999999999854,-0.13149997462168084,-0.13149997462168084,-0.01409849086576287,-0.4660916198409435,-0.005552727109112393,0.0001131875634288182,5.0,-1.0,0.02426688211784167,0.02426688211784167,-1.1631122584061444,-0.3173804302650165,-0.002746628784724786,-1.4627140793477267e-05,0.3500000000003638,4.270000000000437,-0.00012955484390519967,-0.00012955484390519967,-0.19231532962668751,-0.10206254675284931,0.00274770311111433,0.00032412456651831345,0,0
243,64.0,224.40000000000146,12381,0.7597913263693182,0.7597913263693182,36.12706264070984,16.137920252086012,0.23620183131665232,0.789554418080941,1258.0,-6.0,27.400000000001455,-0.059609434546180395,-0.059609434546180395,-0.7229505973097545,0.39845149124583834,0.0021728638560761515,-5.559314254077741e-05,-15.0,6.740000000001601,-0.19110940916786123,-0.19110940916786123,-0.7370490881755174,-0.06764012859510515,-0.0033798632530362416,5.759442088804079e-05,0.0,39.10000000000218,0.10390858567017003,0.10390858567017003,-1.0551984130365213,0.4581777489950536,0.0049808508013536035,9.61320667204335e-05,0,0
244,70.89999999999964,187.95999999999913,12203,0.6676547129270816,0.6676547129270816,35.64513116057233,15.813317742240814,0.23068412640660158,0.7895622584133725,1258.0,6.899999999999636,-36.44000000000233,-0.09213661344223667,-0.09213661344223667,-0.4819314801375043,-0.3246025098451977,-0.005517704910050741,7.840332431507946e-06,0.8999999999996362,-9.040000000000873,-0.15174604798841707,-0.15174604798841707,-1.2048820774472588,0.07384898140064067,-0.00334484105397459,-4.775281010926946e-05,5.899999999999636,-10.040000000000873,-0.1274791658705754,-0.1274791658705754,-2.3679943358534032,-0.24353144886437583,-0.006091469838699376,-6.237995090274673e-05,0,0
245,66.0,196.48999999999978,11852,0.6921805576598391,0.6921805576598391,35.533233969263385,15.715446569279562,0.236852907995301,0.78982659601066,1258.0,-4.899999999999636,8.530000000000655,0.02452584473275754,0.02452584473275754,-0.11189719130894815,-0.09787117296125203,0.006168781588699435,0.0002643375972875006,2.0,-27.910000000001673,-0.06761076870947913,-0.06761076870947913,-0.5938286714464525,-0.4224736828064497,0.0006510766786486932,0.00027217792971900856,-13.0,-21.170000000000073,-0.25872017787734036,-0.25872017787734036,-1.3308777596219699,-0.49011381140155486,-0.0027287865743875483,0.00032977235060704935,0,0
246,67.79999999999927,191.95999999999913,12205,0.6642075160858578,0.6642075160858578,35.27025039745628,16.0616926030126,0.23941061536763913,0.7896730300921514,1258.0,1.7999999999992724,-4.530000000000655,-0.027973041573981283,-0.027973041573981283,-0.26298357180710497,0.34624603373303664,0.002557707372338125,-0.00015356591850856915,-3.100000000000364,4.0,-0.003447196841223743,-0.003447196841223743,-0.3748807631160531,0.2483748607717846,0.00872648896103756,0.00011077167877893146,-2.2000000000007276,-5.040000000000873,-0.1551932448296408,-0.1551932448296408,-1.579762840563312,0.3222238421724253,0.00538164790706297,6.3018868669662e-05,0,0
247,74.0,196.10000000000036,11491,1.3239699051813496,1.3239699051813496,35.61762056173821,15.667567664985791,0.24352982454801603,0.7898172577917102,1258.0,6.200000000000728,4.140000000001237,0.6597623890954918,0.6597623890954918,0.34737016428192646,-0.3941249380268079,0.004119209180376893,0.00014422769955879655,8.0,-0.3899999999994179,0.6317893475215105,0.6317893475215105,0.0843865924748215,-0.047878904293771285,0.006676916552715018,-9.338218949772603e-06,10.0,-28.30000000000109,0.5641785788120314,0.5641785788120314,-0.509442078971631,-0.470352587100221,0.007327993231363711,0.00026283971076923596,0,0
248,72.0,189.0,10870,1.2086677048144192,1.2086677048144192,35.27757684154743,16.105594558455717,0.24542198067772122,0.7905184966771136,1258.0,-2.0,-7.100000000000364,-0.1153022003669304,-0.1153022003669304,-0.3400437201907778,0.4380268934699263,0.001892156129705197,0.0007012388854034102,4.200000000000728,-2.959999999999127,0.5444601887285614,0.5444601887285614,0.007326444091148687,0.04390195544311837,0.00601136531008209,0.0008454665849622067,1.1000000000003638,1.0400000000008731,0.5410129918873376,0.5410129918873376,-0.36755431902490443,0.292276816214903,0.01473785427111965,0.0009562382637411382,0,0
249,68.0,192.0,10719,2.0845779880925837,2.0845779880925837,34.7460453100159,15.744594764877442,0.23255329632470198,0.7905904230897112,1258.0,-4.0,3.0,0.8759102832781644,0.8759102832781644,-0.5315315315315274,-0.3609997935782747,-0.012868684353019244,7.192641259756716e-05,-6.0,-4.100000000000364,0.760608082911234,0.760608082911234,-0.8715752517223052,0.07702709989165157,-0.010976528223314047,0.0007731652980009773,2.0,-4.489999999999782,1.3923974304327444,1.3923974304327444,-0.7871886592474837,0.02914819559788029,-0.0042996116705990295,0.0007638270790512047,0,0
250,72.0,197.0,11003,0.8812622680890406,0.8812622680890406,35.00661239078634,15.566274048191731,0.23332967710424976,0.7906879718370473,1259.0,4.0,5.0,-1.203315720003543,-1.203315720003543,0.26056708077043567,-0.17832071668571103,0.0007763807795477806,9.754874733614027e-05,0.0,8.0,-0.3274054367253786,-0.3274054367253786,-0.27096445076109177,-0.5393205102639858,-0.012092303573471463,0.00016947515993370743,4.200000000000728,5.040000000000873,0.2170547520031828,0.2170547520031828,-0.2636380066699431,-0.4954185548208674,-0.006080938263389374,0.0010149417448959142,0,0
251,73.0,215.0,11021,0.7829082081791306,0.7829082081791306,35.955950489806725,15.233578312979594,0.23246555503986277,0.7907134681774379,1259.0,1.0,18.0,-0.09835405990990997,-0.09835405990990997,0.9493380990203875,-0.3326957352121376,-0.0008641220643869907,2.549634039061832e-05,5.0,23.0,-1.301669779913453,-1.301669779913453,1.2099051797908231,-0.5110164518978486,-8.774128483921007e-05,0.0001230450877267586,-1.0,18.899999999999636,-0.541061697002219,-0.541061697002219,0.3383299280685179,-0.43398935200619704,-0.011064269508153257,0.0008962103857277359,0,0
252,73.5,209.8000000000029,10931,0.7155037232632819,0.7155037232632819,34.691448239343394,15.532970780789613,0.22260840447674962,0.7905078673760412,1259.0,0.5,-5.19999999999709,-0.06740448491584872,-0.06740448491584872,-1.2645022504633303,0.29939246781001927,-0.009857150563113148,-0.00020560080139675474,1.5,12.80000000000291,-0.1657585448257587,-0.1657585448257587,-0.31516415144294285,-0.03330326740211831,-0.010721272627500139,-0.00018010446100613642,1.5,20.80000000000291,-0.4931639815511373,-0.4931639815511373,-0.5861286022040346,-0.5726237776661041,-0.022813576200971603,-1.0629301072428987e-05,0,0
253,64.0,203.0,10451,0.6578219842052613,0.6578219842052613,34.31322478157268,15.855367959902166,0.22884359324913123,0.7908511603986393,1259.0,-9.5,-6.80000000000291,-0.057681739058020653,-0.057681739058020653,-0.37822345777071575,0.32239717911255283,0.006235188772381606,0.00034329302259816785,-9.0,-12.0,-0.12508622397386937,-0.12508622397386937,-1.642725708234046,0.6217896469225721,-0.0036219617907315427,0.0001376922212014131,-4.0,11.0,-1.4267560038873224,-1.4267560038873224,-0.43282052844322294,0.11077319502472349,-0.0037097030755707527,0.0002607373089281717,0,0
254,65.0,172.0,10550,0.7780471988931942,0.7780471988931942,34.07984511517077,15.746996407966021,0.22663588142857388,0.790613930598434,1259.0,1.0,-31.0,0.1202252146879329,0.1202252146879329,-0.233379666401909,-0.10837155193614478,-0.0022077118205573454,-0.0002372298002053519,-8.5,-37.80000000000291,0.06254347562991225,0.06254347562991225,-0.6116031241726247,0.21402562717640805,0.00402747695182426,0.00010606322239281596,-7.0,-25.0,-0.10321506919584644,-0.10321506919584644,-0.9267672756155676,0.18072235977428974,-0.006693795675675879,-7.404123861332046e-05,0,0
255,72.0,204.45999999999913,11578,0.9409186857253665,0.9409186857253665,34.213019592269,15.795661398508344,0.22745746347373894,0.7905548453993794,1259.0,7.0,32.45999999999913,0.16287148683217234,0.16287148683217234,0.13317447709822972,0.04866499054232243,0.0008215820451650535,-5.9085199054620396e-05,8.0,1.4599999999991269,0.28309670152010524,0.28309670152010524,-0.10020518930367928,-0.059706561393822355,-0.0013861297753922919,-0.0002963149992599723,-1.0,-10.540000000000873,0.15801047754623587,0.15801047754623587,-1.7429308975377253,0.5620830855287497,-0.0050080915661238345,-0.00015862277805855918,0,0
256,68.0,183.27000000000044,11374,0.6460952394369421,0.6460952394369421,33.41687185597035,15.574477557358893,0.22706858929535792,0.7909892557915286,1259.0,-4.0,-21.18999999999869,-0.2948234462884244,-0.2948234462884244,-0.79614773629865,-0.22118384114945044,-0.0003888741783810157,0.0004344103921491982,3.0,11.270000000000437,-0.13195195945625204,-0.13195195945625204,-0.6629732592004203,-0.17251885060712802,0.00043270786678403783,0.0003753251930945778,-5.5,-26.530000000002474,-0.0694084838263398,-0.0694084838263398,-1.274576383373045,0.041506776569280035,0.004460184818608298,0.00048138841548739375,0,0
257,73.0,207.32999999999993,11268,0.7989143327050797,0.7989143327050797,33.56182817050569,15.55819912066066,0.22359513760516075,0.790617798793117,1259.0,5.0,24.05999999999949,0.15281909326813758,0.15281909326813758,0.1449563145353423,-0.016278436698232923,-0.0034734516901971657,-0.0003714569984115679,1.0,2.8700000000008004,-0.1420043530202868,-0.1420043530202868,-0.6511914217633077,-0.23746227784768337,-0.0038623258685781814,6.295339373763031e-05,9.0,4.329999999999927,0.14109234849981844,0.14109234849981844,-0.751396611066987,-0.2971688392415057,-0.005248455643970473,-0.00023336160552234197,0,0
258,69.0,215.0,11432,0.7198860810317363,0.7198860810317363,33.107565528196986,15.618872325615019,0.22464725851109113,0.7908888814750411,1259.0,-4.0,7.670000000000073,-0.07902825167334337,-0.07902825167334337,-0.4542626423087057,0.060673204954358795,0.001052120905930376,0.00027108268192410634,1.0,31.729999999999563,0.07379084159479421,0.07379084159479421,-0.3093063277733634,0.04439476825612587,-0.0024213307842667897,-0.00010037431648746153,4.0,43.0,-0.058161117861457834,-0.058161117861457834,-0.9722795869737837,-0.12812408235100214,-0.001988622917482752,0.00027495087660711626,0,0
259,75.79999999999927,199.28000000000065,11125,0.6479166449518658,0.6479166449518658,32.746518400847236,15.804177939159151,0.22207113110336746,0.7909541025911654,1259.0,6.799999999999272,-15.719999999999345,-0.0719694360798705,-0.0719694360798705,-0.36104712734974953,0.18530561354413244,-0.0025761274077236718,6.522111612428105e-05,2.7999999999992724,-8.049999999999272,-0.15099768775321387,-0.15099768775321387,-0.8153097696584553,0.24597881849849124,-0.0015240065017932958,0.0003363037980483874,3.7999999999992724,-5.179999999998472,-0.29300204077350067,-0.29300204077350067,-1.466501191421763,0.008516540650807869,-0.005386332370371477,0.0003992571917860177,0,0
260,69.0,198.47999999999956,11385,0.6387222975810275,0.6387222975810275,33.3374966904951,15.373765126697311,0.22314683566470625,0.7907581569847367,1259.0,-6.799999999999272,-0.8000000000010914,-0.009194347370838352,-0.009194347370838352,0.5909782896478646,-0.4304128124618405,0.0010757045613387917,-0.0001959456064286602,0.0,-16.520000000000437,-0.08116378345070885,-0.08116378345070885,0.22993116229811505,-0.24510719891770805,-0.00150042284638488,-0.00013072449030437916,1.0,15.209999999999127,-0.007372941855914639,-0.007372941855914639,-0.07937516547524837,-0.20071243066158218,-0.00392175363065167,-0.0002310988067918407,0,0
261,71.0,216.4399999999987,11329,0.9786319732797797,0.9786319732797797,33.05767805136352,15.496225648652858,0.223919849178698,0.7913163208222939,1259.0,2.0,17.959999999999127,0.3399096756987522,0.3399096756987522,-0.2798186391315838,0.12246052195554746,0.0007730135139917549,0.0005581638375571352,-4.799999999999272,17.159999999998035,0.33071532832791384,0.33071532832791384,0.3111596505162808,-0.307952290506293,0.0018487180753305466,0.00036221823112847495,-2.0,9.109999999998763,0.17971764057469997,0.17971764057469997,-0.5041501191421744,-0.06197347200780179,0.0003247115735372508,0.0006985220291768623,0,0
262,68.0,182.0,11448,0.7185102702086569,0.7185102702086569,33.163410113846965,15.39702577031546,0.2217874679968821,0.7909042138348883,1259.0,-3.0,-34.43999999999869,-0.2601217030711228,-0.2601217030711228,0.10573206248344746,-0.09919987833739796,-0.002132381181815912,-0.0004121069874055694,-1.0,-16.479999999999563,0.07978797262762938,0.07978797262762938,-0.17408657664813632,0.0232606436181495,-0.0013593676678241573,0.00014605685015156578,-1.0,-33.0,-0.0013758108230794708,-0.0013758108230794708,0.05584458564997874,-0.22184655529955855,-0.0028597905142090374,1.5332359847186616e-05,0,0
263,69.0,204.65999999999985,11635,0.6672854521829334,0.6672854521829334,33.03210881652105,15.39770843138387,0.22171864001704905,0.7909524135877444,1259.0,1.0,22.659999999999854,-0.05122481802572343,-0.05122481802572343,-0.131301297325912,0.0006826610684100842,-6.882797983304156e-05,4.81997528560818e-05,-2.0,-11.779999999998836,-0.31134652109684624,-0.31134652109684624,-0.02556923484246454,-0.09851721726898788,-0.0022012091616489537,-0.0003639072345494876,-6.799999999999272,5.3799999999992,0.019368807231067597,0.019368807231067597,0.28559041567381627,-0.4064695077752809,-0.0003524910863184072,-1.689003421012636e-06,0,0
264,75.0,221.0,11651,0.6646222166458167,0.6646222166458167,32.77607889859677,15.67703928890187,0.2198873723389321,0.7913423249227268,1259.0,6.0,16.340000000000146,-0.0026632355371167815,-0.0026632355371167815,-0.2560299179242804,0.2793308575179996,-0.001831267678116949,0.00038991133498245123,7.0,39.0,-0.05388805356284021,-0.05388805356284021,-0.38733121525019243,0.28001351858640966,-0.0019000956579499906,0.00043811108783853303,6.0,22.520000000000437,0.025899919064789167,0.025899919064789167,-0.5614177918983287,0.30327416220455916,-0.003259463325774148,0.0005841679379900988,0,0
265,67.0,178.70999999999913,11930,0.6195115371478677,0.6195115371478677,33.02207439767011,15.53802985149372,0.22344854815766982,0.7908807102889651,1259.0,-8.0,-42.29000000000087,-0.045110679497949,-0.045110679497949,0.24599549907333795,-0.1390094374081503,0.0035611758187377163,-0.00046161463376170886,-2.0,-25.950000000000728,-0.047773915035065784,-0.047773915035065784,-0.010034418850942473,0.14032142010984927,0.0017299081406207673,-7.170329877925763e-05,-4.0,-37.72999999999956,-0.359120436131912,-0.359120436131912,-0.03560365369340701,0.04180420284086139,-0.0004713010210281865,-0.0004356105333287452,0,0
266,72.0,192.96999999999935,11904,0.7499219486983503,0.7499219486983503,32.92563542494043,15.257658508441937,0.22260266294003367,0.7912501688511056,1259.0,5.0,14.260000000000218,0.1304104115504826,0.1304104115504826,-0.09643897272967905,-0.28037134305178313,-0.0008458852176361498,0.0003694585621404345,-3.0,-28.030000000000655,0.0852997320525336,0.0852997320525336,0.1495565263436589,-0.41938078045993343,0.0027152906011015665,-9.215607162127437e-05,4.0,10.969999999999345,0.031411678489693395,0.031411678489693395,-0.23777468890653353,-0.13936726187352377,0.0008151949431515759,0.00034595501621725866,0,0
267,71.0,188.79999999999927,11611,0.7163488534413722,0.7163488534413722,33.04424808048716,15.478099728722068,0.22298539894070382,0.7911063399553488,1259.0,-1.0,-4.170000000000073,-0.03357309525697805,-0.03357309525697805,0.11861265554672684,0.22044122028013113,0.000382736000670153,-0.00014382889575670355,4.0,10.090000000000146,0.09683731629350456,0.09683731629350456,0.02217368281704779,-0.059930122771651995,-0.00046314921696599676,0.00022562966638373094,2.0,-15.860000000000582,0.04906340125843878,0.04906340125843878,0.012139263966105318,0.08039129733819728,0.0012667589236547705,0.0001539263676044733,0,0
268,66.0,185.0699999999997,11494,0.7263975687355573,0.7263975687355573,33.18456446915542,15.701726016952232,0.22325589834632195,0.7910351372598371,1259.0,-5.0,-3.7299999999995634,0.010048715294185051,0.010048715294185051,0.14031638866826057,0.2236262882301645,0.0002704994056181298,-7.120269551175173e-05,-6.0,-7.899999999999636,-0.023524379962792996,-0.023524379962792996,0.2589290442149874,0.44406750851029564,0.0006532354062882828,-0.00021503159126845528,-9.0,-35.93000000000029,0.06177535208974061,0.06177535208974061,0.4084855705586463,0.024686728050362206,0.0033685260073898493,-0.00030718766288972965,0,0
269,64.0,179.46999999999935,11554,0.8583094987343289,0.8583094987343289,33.55098623245962,15.426428264532017,0.22281076745943892,0.7915820118167081,1259.0,-2.0,-5.600000000000364,0.13191192999877166,0.13191192999877166,0.36642176330420284,-0.27529775242021515,-0.00044513088688302727,0.0005468745568709688,-7.0,-9.329999999999927,0.1419606452929567,0.1419606452929567,0.5067381519724634,-0.05167146419005064,-0.00017463148126489747,0.000475671861359217,-3.0,0.7600000000002183,0.23879796158646127,0.23879796158646127,0.5289118347895112,-0.11160158696170264,-0.0006377806982308942,0.000701301527742948,0,0
270,68.0,202.6299999999992,10338,0.7619673709143142,0.7619673709143142,35.10961742123378,15.79693488524268,0.22692509611088477,0.7911930520729568,1259.0,4.0,23.159999999999854,-0.09634212782001472,-0.09634212782001472,1.5586311887741573,0.3705066207106622,0.004114328651445842,-0.0003889597437513048,2.0,17.55999999999949,0.03556980217875694,0.03556980217875694,1.9250529520783601,0.09520886829044706,0.003669197764562815,0.00015791481311966393,-4.0,9.659999999999854,0.012045422215963941,0.012045422215963941,2.1839819962933475,0.5392763768007427,0.004322433170851098,-5.711677814879135e-05,0,1
271,76.0,255.90000000000146,10356,0.6956314165028712,0.6956314165028712,33.96200688377019,15.553945339392401,0.23096184400492667,0.7913682560204891,1259.0,8.0,53.270000000002256,-0.06633595441144302,-0.06633595441144302,-1.147610537463592,-0.24298954585027843,0.004036747894041903,0.00017520394753234303,12.0,76.43000000000211,-0.16267808223145774,-0.16267808223145774,0.4110206513105652,0.12751707486038377,0.008151076545487745,-0.0002137557962189618,5.0,67.10000000000218,-0.020717436938501033,-0.020717436938501033,0.9177588032830286,0.07584561067033313,0.007976445064222848,0.00026191606514025523,1,0
272,79.0,234.89999999999964,9743,0.5835664332904901,0.5835664332904901,33.93388933015621,15.392365899140584,0.2239391286484506,0.7915264018667038,1259.0,3.0,-21.00000000000182,-0.11206498321238112,-0.11206498321238112,-0.028117553613974167,-0.16157944025181692,-0.007022715356476056,0.00015814584621465233,11.0,32.27000000000044,-0.17840093762382414,-0.17840093762382414,-1.1757280910775663,-0.40456898610209535,-0.0029859674624341526,0.00033334979374699536,13.0,49.82999999999993,-0.1428311354450672,-0.1428311354450672,0.7493248610007939,-0.3093601178116483,0.0006832303021286623,0.0004912646068666593,0,0
273,78.0,215.6800000000003,9417,0.6884651042438202,0.6884651042438202,33.23678845644692,15.287426473519115,0.22110887002432142,0.7911815634788835,1259.0,-1.0,-19.219999999999345,0.10489867095333016,0.10489867095333016,-0.6971008737092959,-0.10493942562146863,-0.002830258624129195,-0.00034483838782028986,2.0,-40.220000000001164,-0.007166312259050955,-0.007166312259050955,-0.72521842732327,-0.26651886587328555,-0.00985297398060525,-0.00018669254160563753,14.0,36.210000000000946,-0.1698443944905087,-0.1698443944905087,-0.3141977760127048,-0.13900179101290178,-0.0017018974351175054,-0.0004004483378245993,0,0
274,71.0,197.3199999999997,9235,0.6680346844853432,0.6680346844853432,32.988092401376754,15.357649302036762,0.21955275809890484,0.7915654745813965,1259.0,-7.0,-18.360000000000582,-0.020430419758477036,-0.020430419758477036,-0.24869605507016246,0.07022282851764672,-0.0015561119254165756,0.00038391110251301264,-8.0,-37.57999999999993,0.08446825119485313,0.08446825119485313,-0.9457969287794583,-0.03471659710382191,-0.0043863705495457705,3.9072714692722776e-05,3.0,-5.309999999999491,-0.09393268642897101,-0.09393268642897101,-2.1215250198570246,-0.43928558320591726,-0.007372338011979923,0.00037242250843971814,0,0
275,68.0,187.0,9352,0.8242567434848799,0.8242567434848799,33.44403627217368,15.36659556951655,0.22262330619062243,0.7913988284216313,1259.0,-3.0,-10.319999999999709,0.15622205899953667,0.15622205899953667,0.4559438707969292,0.00894626747978755,0.0030705480917175842,-0.00016664615976513808,-10.0,-28.68000000000029,0.13579163924105964,0.13579163924105964,0.20724781572676676,0.07916909599743427,0.0015144361663010086,0.00021726494274787456,-8.0,-68.90000000000146,0.12862532698200868,0.12862532698200868,-0.5179706115965033,-0.18734976987585128,-0.008338537814304242,3.057240114223703e-05,0,0
276,82.79999999999927,213.3199999999997,9385,0.7551120657837636,0.7551120657837636,33.149027005559965,15.535027770603023,0.22326395101172367,0.7914019869470331,1259.0,14.799999999999272,26.31999999999971,-0.06914467770111632,-0.06914467770111632,-0.29500926661371807,0.16843220108647294,0.0006406448211012383,3.158525401780743e-06,11.799999999999272,16.0,0.08707738129842035,0.08707738129842035,0.16093460418321115,0.1773784685662605,0.0037111929128188226,-0.00016348763436335734,3.7999999999992724,-21.579999999999927,0.17154563249327348,0.17154563249327348,-0.7848623245962472,0.14266187146243858,-0.000675177636726948,-0.00012441491967063456,0,0
277,76.0,207.73999999999978,9727,0.6631060827282607,0.6631060827282607,33.23845644691554,15.667062718658926,0.22259300489841008,0.7916152058753634,1259.0,-6.799999999999272,-5.579999999999927,-0.0920059830555029,-0.0920059830555029,0.08942944135557696,0.1320349480559031,-0.0006709461133135863,0.00021321892833026101,8.0,20.73999999999978,-0.1611506607566192,-0.1611506607566192,-0.2055798252581411,0.30046714914237604,-3.0301292212348008e-05,0.00021637745373204176,-2.0,-7.940000000000509,-0.025359021515559577,-0.025359021515559577,0.0016679904686256464,0.3796362451398103,0.0014841348740886606,0.0004336423964799163,0,0
278,78.0,227.9400000000005,11007,0.6894723378238558,0.6894723378238558,33.225867090283295,15.434177275971173,0.2224911768905203,0.7912645363637244,1259.0,2.0,20.200000000000728,0.026366255095595093,0.026366255095595093,-0.012589356632247473,-0.2328854426877527,-0.00010182800788977042,-0.0003506695116389791,-4.799999999999272,14.6200000000008,-0.0656397279599078,-0.0656397279599078,0.07684008472332948,-0.10085049463184959,-0.0007727741212033568,-0.00013745058330871807,7.0,30.6200000000008,0.021437653338512552,0.021437653338512552,0.23777468890654063,0.07652797393441091,0.002938418791615466,-0.0003009382176720754,0,1
279,73.0,240.63999999999942,10819,0.6694291660384133,0.6694291660384133,33.13901906274821,15.573668552909922,0.2183039947617357,0.7913859230455091,1259.0,-5.0,12.699999999998909,-0.02004317178544246,-0.02004317178544246,-0.08684802753508336,0.13949127693874885,-0.004187182128784606,0.00012138668178474088,-3.0,32.899999999999636,0.006323083310152633,0.006323083310152633,-0.09943738416733083,-0.09339416574900383,-0.004289010136674376,-0.0002292828298542382,5.0,53.63999999999942,-0.15482757744646658,-0.15482757744646658,-0.30501720942547195,0.2070729833933722,-0.004319311428886724,-1.2905376122196444e-05,1,0
280,70.0,188.09999999999854,11096,0.5709791481699205,0.5709791481699205,33.047590680434205,15.572430518293377,0.220670523011862,0.7915336209881202,1259.0,-3.0,-52.54000000000087,-0.09845001786849283,-0.09845001786849283,-0.09142838231400674,-0.0012380346165450362,0.0023665282501262874,0.00014769794261104696,-8.0,-39.840000000001965,-0.1184931896539353,-0.1184931896539353,-0.1782764098490901,0.13825324232220382,-0.0018206538786583182,0.00026908462439578784,-12.799999999999272,-25.220000000001164,-0.1841329176138431,-0.1841329176138431,-0.10143632512576062,0.03740274769035423,-0.002593427999861675,0.00013163404108706978,0,0
281,74.0,205.9300000000003,10908,0.6234430848418818,0.6234430848418818,37.77553613979349,13.52796766387608,0.22118432482369757,0.7913769880299345,1259.0,4.0,17.830000000001746,0.052463936671961364,0.052463936671961364,4.727945459359283,-2.044462854417297,0.0005138018118355792,-0.00015663295818568734,1.0,-34.70999999999913,-0.04598608119653147,-0.04598608119653147,4.636517077045276,-2.045700889033842,0.0028803300619618666,-8.935015574640381e-06,-2.0,-1.8099999999994907,-0.03966299788637884,-0.03966299788637884,4.5370796928779455,-2.139095054782846,-0.0014086800747125094,-0.00023821784542887858,0,0
282,76.0,198.0,10523,0.6962668418598046,0.6962668418598046,33.91913555732062,14.915601843000184,0.2243161638668734,0.7915280935213242,1259.0,2.0,-7.930000000000291,0.07282375701792276,0.07282375701792276,-3.8564005824728653,1.3876341791241043,0.0031318390431758214,0.00015110549138974694,6.0,9.900000000001455,0.12528769368988413,0.12528769368988413,0.8715448768864178,-0.6568286752931929,0.0036456408550114006,-5.5274667959404056e-06,-2.0,-29.94000000000051,0.006794504035948834,0.006794504035948834,0.6932684670373277,-0.5185754329709891,0.0018249869763530824,0.00026355715759984744,0,0
283,76.0,235.9399999999987,10603,0.579757416073637,0.579757416073637,33.28789383108287,15.236487852946382,0.22075206398070657,0.7914255821487087,1259.0,0.0,37.93999999999869,-0.11650942578616763,-0.11650942578616763,-0.6312417262377537,0.3208860099461983,-0.0035640998861668216,-0.00010251137261552135,2.0,30.0099999999984,-0.04368566876824487,-0.04368566876824487,-4.487642308710619,1.7085201890703026,-0.0004322608429910002,4.859411877422559e-05,3.0,-4.700000000000728,-0.08967174996477634,-0.08967174996477634,0.1488747683346574,-0.3371806999635396,0.0024480692189708664,3.965910319958521e-05,0,0
284,75.0,219.0,10382,0.6372130305743794,0.6372130305743794,33.380983584855706,15.252729125962777,0.21790005388216782,0.7914237420269191,1259.0,-1.0,-16.93999999999869,0.057455614500742436,0.057455614500742436,0.09308975377283701,0.01624127301639433,-0.0028520100985387487,-1.8401217896091282e-06,-1.0,21.0,-0.059053811285425195,-0.059053811285425195,-0.5381519724649166,0.33712728296259264,-0.00641610998470557,-0.00010435149440513047,5.0,30.900000000001455,0.06623388240445893,0.06623388240445893,0.33339290442150116,-0.31970139233060024,-0.0027704691296941697,-0.00010987896120107088,0,0
285,84.0,189.07999999999993,9593,0.7102938393991142,0.7102938393991142,34.31942017474186,15.335392500078939,0.21963449103851018,0.7916746182134929,1259.0,9.0,-29.920000000000073,0.07308080882473478,0.07308080882473478,0.9384365898861518,0.0826633741161622,0.001734437156342361,0.00025087618657382293,8.0,-46.85999999999876,0.1305364233254772,0.1305364233254772,1.0315263436589888,0.09890464713255653,-0.0011175729421963876,0.0002490360647842138,10.0,-16.850000000000364,0.08685075455723235,0.08685075455723235,-3.45611596505163,1.807424836202859,-0.0015498337851873878,0.0002976301835584394,0,0
286,71.0,205.22999999999956,9578,0.6470079777680406,0.6470079777680406,33.76896346306592,15.137016908386032,0.2220887378605961,0.7914973728423842,1259.0,-13.0,16.149999999999636,-0.06328586163107353,-0.06328586163107353,-0.5504567116759347,-0.19837559169290664,0.0024542468220859204,-0.00017724537110874738,-4.0,-13.770000000000437,0.009794947193661252,0.009794947193661252,0.38797987821021707,-0.11571221757674444,0.0041886839784282814,7.363081546507555e-05,-5.0,7.229999999999563,-0.04925886409176394,-0.04925886409176394,-0.15017209425469957,0.2214150653858482,-0.002227426006277289,-3.0720678940054924e-05,0,0
287,79.0,186.9300000000003,9208,0.7086471970162881,0.7086471970162881,34.00661900979614,15.18369052310649,0.21985142075110148,0.7914841070925082,1259.0,8.0,-18.299999999999272,0.061639219248247445,0.061639219248247445,0.23765554673021683,0.046673614720457834,-0.0022373171094946243,-1.3265749876034683e-05,-5.0,-2.149999999999636,-0.0016466423828260801,-0.0016466423828260801,-0.31280116494571786,-0.1517019769724488,0.00021692971259129612,-0.00019051112098478207,3.0,-49.0099999999984,0.12888978094265113,0.12888978094265113,0.7187251787132709,-0.05279732983989227,-0.0009006432296050915,5.852494379943174e-05,0,0
288,77.0,209.39999999999418,9721,0.9192185284756453,0.9192185284756453,33.933644426793755,15.352686772840615,0.22146071157534108,0.791784112087974,1259.0,-2.0,22.469999999993888,0.21057133145935725,0.21057133145935725,-0.07297458300238446,0.16899624973412486,0.0016092908242396065,0.00030000499546578574,6.0,4.169999999994616,0.2722105507076047,0.2722105507076047,0.16468096372783236,0.2156698644545827,-0.0006280262852550178,0.00028673924558975106,2.0,-9.60000000000582,0.28200549790126594,0.28200549790126594,0.5526608419380494,0.09995764687783826,0.0035606576931732636,0.0003603700610548266,0,0
289,69.0,216.21999999999935,9579,0.6120844496911463,0.6120844496911463,33.63165872385491,14.966271355396557,0.21622742652339183,0.7916347076250884,1259.0,-8.0,6.820000000005166,-0.30713407878449905,-0.30713407878449905,-0.3019857029388433,-0.3864154174440575,-0.005233285051949255,-0.00014940446288558284,-10.0,29.289999999999054,-0.0965627473251418,-0.0965627473251418,-0.37496028594122777,-0.21741916770993264,-0.003623994227709648,0.0001506005325802029,-15.0,27.139999999999418,-0.09820938970796789,-0.09820938970796789,-0.6877614508869456,-0.36912114468238144,-0.003407064515118352,-3.991058840457917e-05,0,1
290,75.0,249.35999999999694,9495,0.5734094212269922,0.5734094212269922,34.14723325390522,14.943360979093404,0.21672653270205383,0.7917967857682013,1259.0,6.0,33.1399999999976,-0.03867502846415405,-0.03867502846415405,0.5155745300503085,-0.022910376303153512,0.000499106178662001,0.00016207814311297586,-2.0,39.960000000002765,-0.3458091072486531,-0.3458091072486531,0.2135888271114652,-0.409325793747211,-0.004734178873287254,1.2673680227393014e-05,4.0,44.12999999999738,-0.07359855654104841,-0.07359855654104841,0.37826979083929757,-0.19365592929262831,-0.005362205158542271,0.00029941292581714407,1,0
291,82.0,199.89999999999782,9471,0.8294838562669251,0.8294838562669251,34.05768467037331,15.010956350963651,0.2212033994137452,0.791911184835093,1259.0,7.0,-49.45999999999913,0.2560744350399329,0.2560744350399329,-0.08954858353190787,0.06759537187024733,0.0044768667116913685,0.00011439906689170165,13.0,-16.320000000001528,0.21739940657577883,0.21739940657577883,0.42602594651840064,0.04468499556709382,0.0049759728903533695,0.0002764772100046775,3.0,12.969999999997526,0.12083665925063702,0.12083665925063702,0.05106566057717288,-0.17273417214283882,0.0013519786626437214,0.0004270777425848804,0,0
292,74.0,195.5699999999997,10444,0.7188406616303158,0.7188406616303158,34.45936589886153,14.848896676725486,0.2151475706715626,0.7916992466254685,1259.0,-8.0,-4.329999999998108,-0.11064319463660932,-0.11064319463660932,0.40168122848821497,-0.16205967423816503,-0.006055828742182606,-0.00021193820962450705,-1.0,-53.789999999997235,0.14543124040332356,0.14543124040332356,0.3121326449563071,-0.0944643023679177,-0.0015789620304912377,-9.75391427328054e-05,-3.0,-13.82999999999447,-0.20037786684532954,-0.20037786684532954,0.5257214720677723,-0.5037900961151287,-0.006313140903778491,-8.486546250541238e-05,0,1
293,83.29999999999927,238.65999999999985,11235,0.663374365703839,0.663374365703839,34.30998146677258,15.189013061514336,0.215284668267395,0.7920293499308034,1259.0,9.299999999999272,43.090000000000146,-0.05546629592647678,-0.05546629592647678,-0.1493844320889508,0.34011638478884976,0.00013709759583241388,0.0003301033053348945,1.2999999999992724,38.76000000000204,-0.1661094905630861,-0.1661094905630861,0.25229679639926417,0.17805671055068473,-0.005918731146350192,0.00011816509571038747,14.299999999999272,22.44000000000051,0.05128991601269273,0.05128991601269273,0.6783227429176648,0.22274170611777855,-0.0009427582559968228,0.000394642305715065,1,0
294,79.04999999999927,213.02000000000044,11300,0.8358975733009235,0.8358975733009235,34.575145618215515,14.96788352816346,0.21436394451861845,0.7918138886558527,1259.0,-4.25,-25.639999999999418,0.1725232075970845,0.1725232075970845,0.2651641514429386,-0.22112953335087582,-0.0009207237487765529,-0.00021546127495075673,5.049999999999272,17.450000000000728,0.11705691167060772,0.11705691167060772,0.11577971935398779,0.11898685143797394,-0.0007836261529441391,0.00011464203038413778,4.049999999999272,-36.33999999999651,0.2624881520739313,0.2624881520739313,0.4279123643102949,0.024522549070056243,-0.002362588183435377,1.7102887651332388e-05,0,0
295,77.0,224.63999999999942,11260,0.5624380693541433,0.5624380693541433,35.5984643897273,14.718937864291311,0.21194210287645257,0.7917164423997862,1259.0,-2.0499999999992724,11.619999999998981,-0.2734595039467802,-0.2734595039467802,1.0233187715117822,-0.24894566387214923,-0.002421841642165884,-9.744625606644686e-05,-6.299999999999272,-14.020000000000437,-0.1009362963496957,-0.1009362963496957,1.2884829229547208,-0.47007519722302504,-0.003342565390942437,-0.0003129075310172036,-5.0,24.7400000000016,-0.2670457869127818,-0.2670457869127818,1.540779719353985,-0.2920184866723403,-0.00926129653729263,-0.00019474243530681612,0,0
296,75.10000000000036,202.02000000000044,11099,0.6844816791927143,0.6844816791927143,35.647133968758276,14.623736636603034,0.21124547466847152,0.7921440704556284,1259.0,-1.8999999999996362,-22.61999999999898,0.12204360983857099,0.12204360983857099,0.04866957903097813,-0.09520122768827655,-0.0006966282079810537,0.00042762805584217745,-3.9499999999989086,-11.0,-0.15141589410820921,-0.15141589410820921,1.0719883505427603,-0.34414689156042577,-0.0031184698501469377,0.0003301817997757306,1.1000000000003638,6.450000000000728,-0.03435898243760149,-0.03435898243760149,1.187768069896748,-0.22516004012245183,-0.0039020960030910767,0.00044482383015986837,0,0
297,78.0,187.15999999999985,11193,0.9219154501207881,0.9219154501207881,36.18039449298385,14.545740262019336,0.21155292623059052,0.7917506459973178,1259.0,2.899999999999636,-14.860000000000582,0.23743377092807383,0.23743377092807383,0.5332605242255752,-0.07799637458369801,0.0003074515621190044,-0.00039342445831058726,1.0,-37.47999999999956,0.3594773807666448,0.3594773807666448,0.5819301032565534,-0.17319760227197456,-0.00038917664586204936,3.420359753159019e-05,-5.299999999999272,-51.5,0.2585410844169491,0.2585410844169491,1.8704130262112741,-0.6432727994949996,-0.0037317420368044862,-0.0002787039334856134,0,0
298,78.0,215.0,11238,0.9523032554271624,0.9523032554271624,36.69600211808313,14.884033584978367,0.2153852143616933,0.7920333289077492,1259.0,0.0,27.840000000000146,0.030387805306374305,0.030387805306374305,0.5156076250992783,0.33829332295903036,0.0038322881311027845,0.000282682910431431,2.899999999999636,12.979999999999563,0.26782157623444813,0.26782157623444813,1.0488681493248535,0.26029694837533235,0.004139739693221789,-0.00011074154787915624,-1.0499999999992724,1.9799999999995634,0.11640568212623892,0.11640568212623892,2.120856499867614,-0.08384994318509342,0.0010212698430748512,0.00021944025189657435,0,0
299,84.0,227.90999999999985,11910,0.5600587660600943,0.5600587660600943,38.36760656605772,14.925889429943998,0.21701215175809552,0.7921270560991016,1259.0,6.0,12.909999999999854,-0.3922444893670681,-0.3922444893670681,1.6716044479745875,0.04185584496563166,0.0016269373964022116,9.372719135236629e-05,6.0,40.75,-0.3618566840606938,-0.3618566840606938,2.187212073073866,0.380149167924662,0.005459225527504996,0.0003764101017837973,7.0,3.2700000000004366,-0.0023793032940490066,-0.0023793032940490066,2.769142176330419,0.20695156565268746,0.005070048881642947,0.0004106136993153875,0,0
300,81.0,230.86000000000058,11358,0.7637978570045473,0.7637978570045473,42.17227296796399,15.583661650535259,0.22840711958006835,0.7919630965512361,1259.0,-3.0,2.9500000000007276,0.20373909094445297,0.20373909094445297,3.8046664019062746,0.6577722205912604,0.011394967821972829,-0.00016395954786552203,3.0,15.860000000000582,-0.18850539842261516,-0.18850539842261516,5.476270849880862,0.699628065556892,0.01302190521837504,-7.023235651315574e-05,5.899999999999636,28.840000000000146,0.07931617781183298,0.07931617781183298,6.525138999205716,0.9599250139322244,0.01716164491159683,-0.00018097390439231198,0,1
301,86.0,244.0,11395,0.8299652116940497,0.8299652116940497,41.16596505162828,15.266306815316291,0.23725454080656164,0.7925291388067014,1259.0,5.0,13.139999999999418,0.06616735468950241,0.06616735468950241,-1.0063079163357145,-0.3173548352189677,0.00884742122649329,0.0005660422554653044,2.0,16.090000000000146,0.2699064456339554,0.2699064456339554,2.79835848557056,0.3404173853722927,0.02024238904846612,0.0004020827075997824,8.0,56.840000000000146,-0.09195023842673844,-0.09195023842673844,4.985570558644426,0.7205665532969547,0.025701614575971116,0.0007784928093835797,1,0
302,88.54999999999927,203.11000000000058,11790,0.7981251749346328,0.7981251749346328,40.83932353719883,14.721879308423187,0.22560643821992532,0.7920836275583983,1259.0,2.5499999999992724,-40.88999999999942,-0.031840036759416934,-0.031840036759416934,-0.326641514429447,-0.5444275068931042,-0.011648102586636316,-0.00044551124830305433,7.549999999999272,-27.75,0.03432731793008548,0.03432731793008548,-1.3329494307651615,-0.8617823421120718,-0.002800681360143026,0.00012053100716225007,10.549999999999272,-11.889999999999418,-0.15417808049252968,-0.15417808049252968,4.143321419115701,-0.16215427655517978,0.010221223858232015,5.0298650649094334e-05,0,0
303,85.39999999999964,226.47999999999956,12753,0.5704494823416484,0.5704494823416484,40.83434604183214,15.055493121105703,0.22977985034111043,0.7921233249146187,1259.0,-3.149999999999636,23.36999999999898,-0.22767569259298437,-0.22767569259298437,-0.004977495366688345,0.33361381268251655,0.004173412121185105,3.969735622033621e-05,-0.6000000000003638,-17.520000000000437,-0.2595157293524013,-0.2595157293524013,-0.33161900979613534,-0.2108136942105876,-0.007474690465451211,-0.0004058138920827181,1.3999999999996362,-1.430000000000291,0.01039071628155408,0.01039071628155408,2.4667394757744248,0.12960369116170511,0.012767698583014908,-3.7311844829357455e-06,0,1
304,93.0,241.0,12282,0.8779962973055988,0.8779962973055988,41.157055864442675,15.05518781912555,0.23129824755817271,0.7925527971637353,1259.0,7.600000000000364,14.520000000000437,0.3075468149639504,0.3075468149639504,0.32270982261053405,-0.0003053019801537715,0.0015183972170622895,0.00042947224911660253,4.450000000000728,37.88999999999942,0.07987112237096605,0.07987112237096605,0.3177323272438457,0.3333085107023628,0.0056918093382473944,0.00046916960533693874,12.0,10.139999999999418,0.11419844030105153,0.11419844030105153,-1.0152171035213158,-0.528473831409709,0.0028911279781043686,0.0005897006124991888,1,1
305,83.0,244.11999999999716,12197,0.683958749918884,0.683958749918884,42.11851337039979,15.21164785738263,0.232688869188735,0.7923445955356783,1259.0,-10.0,3.1199999999971624,-0.19403754738671486,-0.19403754738671486,0.9614575059571138,0.15646003825708021,0.0013906216305622776,-0.00020820162805701425,-2.399999999999636,17.6399999999976,0.11350926757723556,0.11350926757723556,1.2841673285676478,0.15615473627692644,0.002909018847624567,0.00022127062105958828,-3.0,0.11999999999716238,-0.14600646177516574,-0.14600646177516574,0.9525483187715125,-0.054658957933661156,-0.004565671617826644,-0.00018454327102312984,1,0
306,81.0,211.3099999999995,11770,0.8963655742440733,0.8963655742440733,42.077640984908655,15.151438363578114,0.23666750530150593,0.7930128135976572,1259.0,-2.0,-32.80999999999767,0.21240682432518931,0.21240682432518931,-0.040872385491134366,-0.0602094938045159,0.003978636112770939,0.0006682180619789202,-12.0,-29.69000000000051,0.018369276938474455,0.018369276938474455,0.9205851204659794,0.09625054445256431,0.005369257743333217,0.00046001643392190594,-7.549999999999272,8.199999999998909,0.09824039930944051,0.09824039930944051,1.238317447709825,0.4295590551549271,0.011061067081580611,0.0009291860392588447,0,1
307,94.25,272.7000000000007,12216,0.666507270831623,0.666507270831623,42.904613449827906,15.01358656580428,0.23207098778410806,0.7931870051657425,1259.0,13.25,61.39000000000124,-0.22985830341245028,-0.22985830341245028,0.8269724649192511,-0.13785179777383405,-0.004596517517397869,0.00017419156808529124,11.25,28.580000000003565,-0.017451479087260968,-0.017451479087260968,0.7861000794281168,-0.19806129157834995,-0.0006178814046269299,0.0008424096300642114,8.850000000000364,46.220000000001164,0.0960577884899746,0.0960577884899746,2.0702674079957646,-0.04190655530142351,0.0022911374429976372,0.0010636802511237997,1,0
308,78.89999999999964,201.0,13023,0.6816252023286105,0.6816252023286105,43.32386814932486,14.982322032802703,0.23072599811406982,0.7932438666712585,1259.0,-15.350000000000364,-71.70000000000073,0.01511793149698748,0.01511793149698748,0.41925469949695326,-0.03126453300157728,-0.001344989670038238,5.686150551598157e-05,-2.100000000000364,-10.30999999999949,-0.2147403719154628,-0.2147403719154628,1.2462271644162044,-0.16911633077541133,-0.005941507187436107,0.0002310530736012728,-14.100000000000364,-40.0,-0.19637109497698835,-0.19637109497698835,2.166812284882184,-0.07286578632284701,-0.0005722494441028902,0.0006910695075231787,0,0
309,85.0,208.0,13088,0.9558240015048421,0.9558240015048421,43.33888668255229,14.961794057713888,0.23034714614700535,0.7937520108969085,1259.0,6.100000000000364,7.0,0.2741987991762317,0.2741987991762317,0.015018533227433295,-0.020527975088814543,-0.00037885196706446966,0.0005081442256500424,-9.25,-64.70000000000073,0.28931673067321917,0.28931673067321917,0.43427323272438656,-0.05179250809039182,-0.0017238416371027077,0.0005650057311660239,2.0,-36.11999999999716,0.2718652515859582,0.2718652515859582,1.2203733121525033,-0.24985379966874177,-0.0023417230417296375,0.0014074153612302354,0,0
310,82.0,215.0,13892,0.7529072584034285,0.7529072584034285,44.586940693672226,15.124133284280466,0.2360152155744554,0.7932928614052067,1259.0,-3.0,7.0,-0.2029167431014136,-0.2029167431014136,1.2480540111199332,0.16233922656657818,0.005668069427450045,-0.00045914949170178243,3.100000000000364,14.0,0.07128205607481808,0.07128205607481808,1.2630725443473665,0.14181125147776363,0.005289217460385576,4.899473394825993e-05,1.0,3.6900000000005093,-0.14345831584064472,-0.14345831584064472,2.509299708763571,-0.027305079297647694,-0.0006522897270505312,0.00028004780754953273,0,0
311,78.0,225.3099999999995,14070,1.9024920960421081,1.9024920960421081,47.766090812814404,13.89105484258218,0.24511073090058227,0.7935645277297525,1259.0,-4.0,10.30999999999949,1.1495848376386797,1.1495848376386797,3.1791501191421787,-1.2330784416982858,0.009095515326126874,0.0002716663245457829,-7.0,17.30999999999949,0.946668094537266,0.946668094537266,4.427204130262112,-1.0707392151317077,0.01476358475357692,-0.00018748316715599955,-16.25,-47.39000000000124,1.235984825210485,1.235984825210485,4.8614773629864985,-1.1225317232220995,0.013039743116474212,0.0003775225640100244,0,0
312,79.0,218.3199999999997,14469,0.6965709679495783,0.6965709679495783,48.76353587503309,13.873489721898958,0.23254779005604914,0.7937460758081971,1259.0,1.0,-6.989999999999782,-1.20592112809253,-1.20592112809253,0.9974450622186879,-0.0175651206832228,-0.012562940844533133,0.0001815480784446155,-3.0,3.319999999999709,-0.056336290453850246,-0.056336290453850246,4.176595181360867,-1.2506435623815086,-0.0034674255184062586,0.0004532144029903984,0.1000000000003638,17.31999999999971,0.014945765620967832,0.014945765620967832,5.439667725708233,-1.108832310903745,0.0018217919419793172,0.0005022091369386583,0,0
313,97.0,226.0,14369,0.8404086934889133,0.8404086934889133,48.72804474450622,14.120801169288496,0.23597889396644653,0.7934802429746123,1259.0,18.0,7.680000000000291,0.14383772553933505,0.14383772553933505,-0.03549113052687147,0.24731144738953859,0.0034311039103973873,-0.00026583283358483367,19.0,0.6900000000005093,-1.0620834025531947,-1.0620834025531947,0.9619539316918164,0.22974632670631578,-0.009131836934135745,-8.428475514021816e-05,12.0,18.0,-0.11541530801592881,-0.11541530801592881,5.389158061953928,-0.8409928884253919,0.005631747819441174,-0.0002717679222962177,0,1
314,100.0,241.14999999999964,14586,0.590891068252037,0.590891068252037,46.84919248080487,14.920819112119148,0.2338393112047782,0.7938882618124661,1259.0,3.0,15.149999999999636,-0.24951762523687637,-0.24951762523687637,-1.8788522637013543,0.8000179428306513,-0.0021395827616683405,0.00040801883785379633,21.0,22.829999999999927,-0.10567989969754132,-0.10567989969754132,-1.9143433942282257,1.04732939022019,0.0012915211487290468,0.00014218600426896266,18.0,26.149999999999636,-0.16201619015139157,-0.16201619015139157,2.262251787132641,-0.20331417216131875,-0.002175904369677212,0.000595400407259361,1,1
315,115.0,307.0,15103,0.7363120575131173,0.7363120575131173,48.24650516282764,15.315624002394665,0.24076446479385347,0.7937284275309446,1259.0,15.0,65.85000000000036,0.14542098926108038,0.14542098926108038,1.397312682022772,0.3948048902755179,0.006925153589075278,-0.00015983428152144263,18.0,81.0,-0.10409663597579599,-0.10409663597579599,-0.48153958167858235,1.1948228331061692,0.0047855708274069375,0.0002481845563323537,37.0,81.69000000000051,-1.1661800385289909,-1.1661800385289909,0.48041435001323407,1.424569159812485,-0.004346266106728808,0.00016389980119213554,1,0
316,112.0,225.39999999999964,14961,0.686013666705676,0.686013666705676,48.18958829759068,14.986725396067134,0.2556434844289103,0.7938604940015991,1259.0,-3.0,-81.60000000000036,-0.05029839080744136,-0.05029839080744136,-0.05691686523695694,-0.328898606327531,0.014879019635056806,0.0001320664706544461,12.0,-15.75,0.09512259845363902,0.09512259845363902,1.340395816785815,0.06590628394798692,0.021804173224132084,-2.7767810866996534e-05,33.0,7.079999999999927,-0.010557301243902306,-0.010557301243902306,-0.5739475774424108,1.1132356741681768,0.02309569437286113,0.00011441819340196613,0,0
317,100.0,222.3099999999995,15370,0.8470129297577906,0.8470129297577906,49.07998411437649,14.964711923623508,0.24475811409575826,0.7941558819332228,1259.0,-12.0,-3.0900000000001455,0.16099926305211465,0.16099926305211465,0.890395816785805,-0.022013472443626725,-0.010885370333152011,0.0002953879316237584,-15.0,-84.69000000000051,0.11070087224467329,0.11070087224467329,0.8334789515488481,-0.3509120787711577,0.003993649301904795,0.0004274544022782045,3.0,-3.6900000000005093,0.006604236268877295,0.006604236268877295,0.35193936987026575,0.8439107543350115,0.008779220129311732,0.0006756389586105582,0,0
318,92.84999999999854,225.3100000000013,15124,0.6073684261825885,0.6073684261825885,48.907175006619006,15.230177327566649,0.24648557659733303,0.7939425214497792,1259.0,-7.150000000001455,3.000000000001819,-0.23964450357520217,-0.23964450357520217,-0.17280910775748026,0.265465403943141,0.0017274625015747669,-0.00021336048344366976,-19.150000000001455,-0.08999999999832653,-0.07864524052308752,-0.07864524052308752,0.7175867090283248,0.24345193149951427,-0.009157907831577244,8.202744818008867e-05,-7.150000000001455,-15.839999999998327,0.016477357930551495,0.016477357930551495,2.0579825258141398,0.3093582154475012,0.01264626539255484,5.4259637313092135e-05,0,0
319,83.64999999999964,220.0,15728,0.7665692000633588,0.7665692000633588,49.0239740534816,15.460603338719904,0.2521049146368163,0.7942313740800732,1259.0,-9.199999999998909,-5.31000000000131,0.15920077388077036,0.15920077388077036,0.1167990468625959,0.23042601115325567,0.0056193380394832515,0.0002888526302939898,-16.350000000000364,-2.3099999999994907,-0.08044372969443181,-0.08044372969443181,-0.05601006089488436,0.49589141509639667,0.007346800541058018,7.549214685032002e-05,-31.350000000000364,-87.0,0.030257142550241478,0.030257142550241478,0.7774688906539637,0.14497933632523896,0.011340449842962813,0.0005029465491285245,0,0
320,101.0,216.0,15651,0.6943835330457427,0.6943835330457427,50.094181890389194,14.910187249065993,0.2571601418769701,0.7944431887248663,1259.0,17.350000000000364,-4.0,-0.07218566701761608,-0.07218566701761608,1.070207836907592,-0.5504160896539112,0.005055227240153837,0.00021181464479314016,8.150000000001455,-9.31000000000131,0.08701510686315428,0.08701510686315428,1.187006883770188,-0.31999007850065553,0.010674565279637088,0.0005006672750871299,-11.0,-9.399999999999636,0.008369866340066756,0.008369866340066756,1.9045935927985127,-0.07653814700114125,0.0015166574480598438,0.0005826947232672186,0,0
321,109.0,234.0,15700,0.6769906711708829,0.6769906711708829,50.21106036536934,15.11766767732698,0.24884750352933743,0.7944390517174961,1259.0,8.0,18.0,-0.01739286187485989,-0.01739286187485989,0.11687847498014747,0.20748042826098612,-0.008312638347632684,-4.137007370230705e-06,25.350000000000364,14.0,-0.08957852889247597,-0.08957852889247597,1.1870863118877395,-0.3429356613929251,-0.003257411107478847,0.00020767763742290946,9.0,11.69000000000051,-0.17002225858690778,-0.17002225858690778,1.1310762509928551,0.1529557537034716,0.004089389433579171,0.0002831697842732295,0,0
322,104.0,225.0,15181,0.6550810735677378,0.6550810735677378,51.130050304474445,14.93691791461541,0.24365533749999504,0.7946241771161698,1259.0,-5.0,-9.0,-0.021909597603145037,-0.021909597603145037,0.9189899391051028,-0.18074976271156906,-0.005192166029342388,0.00018512539867376887,3.0,9.0,-0.039302459478004925,-0.039302459478004925,1.0358684140852503,0.026730665549417054,-0.013504804376975071,0.00018098839130353817,11.150000000001455,-0.3100000000013097,0.047712647385149354,0.047712647385149354,2.2228752978554382,-0.2932594129512385,-0.002830239097337983,0.0006816556663906681,0,0
323,85.0,188.86999999999898,14214,0.7403740882067905,0.7403740882067905,51.23635160180037,14.91754907282284,0.24564185304911615,0.79458420924292,1259.0,-19.0,-36.13000000000102,0.0852930146390527,0.0852930146390527,0.10630129732592764,-0.019368841792569924,0.001986515549121104,-3.996787324989093e-05,-24.0,-45.13000000000102,0.06338341703590766,0.06338341703590766,1.0252912364310305,-0.20011860450413899,-0.0032056504802212837,0.00014515752542387794,1.3500000000003638,-31.13000000000102,-0.02619511185656831,-0.02619511185656831,2.21237754831877,-0.5430542658970641,-0.006463061587700131,0.0003528351628467874,0,0
324,87.69999999999891,234.13999999999942,14887,0.8098353189848158,0.8098353189848158,51.49782896478686,14.935386596862713,0.2436854503325055,0.7946469517716157,1259.0,2.6999999999989086,45.27000000000044,0.06946123077802524,0.06946123077802524,0.26147736298648994,0.017837524039872932,-0.0019564027166106557,6.274252869575836e-05,-16.30000000000109,9.139999999999418,0.15475424541707794,0.15475424541707794,0.36777866031241757,-0.0015313177526969923,3.0112832510448273e-05,2.277465544586743e-05,-13.300000000001091,18.139999999999418,0.11545178593907302,0.11545178593907302,1.403647074397668,0.025199347796720062,-0.013474691544464623,0.0002037630467494056,0,0
325,83.0,188.0,15123,0.7736021558867374,0.7736021558867374,52.33032830288589,14.90217865003314,0.24266169313989336,0.7948878372918053,1259.0,-4.699999999998909,-46.13999999999942,-0.036233163098078336,-0.036233163098078336,0.8324993380990264,-0.03320794682957384,-0.0010237571926121347,0.0002408855201896376,-2.0,-0.8699999999989814,0.033228067679946904,0.033228067679946904,1.0939767010855164,-0.01537042278970091,-0.0029801599092227904,0.00030362804888539596,-26.0,-46.0,0.09661148471585457,0.09661148471585457,2.119267937516547,-0.2154890272938399,-0.006185810389444074,0.0004487855743092739,0,0
326,103.0,229.65000000000146,16636,0.8597527187472591,0.8597527187472591,53.11822213396875,14.954939779543036,0.24800651857073758,0.7947884424041433,1259.0,20.0,41.650000000001455,0.0861505628605217,0.0861505628605217,0.7878938310828616,0.05276112950989642,0.005344825430844219,-9.939488766208537e-05,15.300000000001091,-4.489999999997963,0.04991739976244336,0.04991739976244336,1.620393169181888,0.01955318268032258,0.004321068238232084,0.00014149063252755223,-1.0,4.650000000001455,0.2046716451795213,0.2046716451795213,1.9881718294943056,0.018021864927625586,0.0043511810707425325,0.00016426528797341966,0,1
327,90.0,239.0,16521,0.9033926599677751,0.9033926599677751,53.7998279057453,14.88096960733162,0.25098812176548196,0.7947922318203284,1259.0,-13.0,9.349999999998545,0.043639941220515954,0.043639941220515954,0.6816057717765531,-0.07397017221141589,0.0029816031947443866,3.7894161851736996e-06,7.0,51.0,0.12979050408103765,0.12979050408103765,1.4694996028594147,-0.021209042701519465,0.008326428625588606,-9.560547147691167e-05,5.0,50.13000000000102,0.16301857176098455,0.16301857176098455,2.563476303944931,-0.036579465491220375,0.005346268716365815,0.0002080225774084843,1,0
328,105.0,235.0,17096,0.7764277607732555,0.7764277607732555,54.94534021710352,15.025555161828093,0.24847068000272138,0.7951473344215048,1259.0,15.0,-4.0,-0.1269648991945196,-0.1269648991945196,1.1455123113582175,0.14458555449647292,-0.002517441762760586,0.00035510260117632697,2.0,5.349999999998545,-0.08332495797400363,-0.08332495797400363,1.8271180831347706,0.07061538228505704,0.00046416143198380055,0.00035889201736150067,17.30000000000109,0.8600000000005821,-0.03340755821156027,-0.03340755821156027,3.4475112523166587,0.09016856496537962,0.004785229670215885,0.0005003826498890529,0,0
329,86.0,220.8100000000013,17720,0.9214831087146105,0.9214831087146105,57.281532962668784,15.26409983255615,0.24858805478121046,0.7950437958984738,1259.0,-19.0,-14.18999999999869,0.145055347941355,0.145055347941355,2.3361927455652634,0.23854467072805718,0.00011737477848908218,-0.00010353852303091049,-4.0,-18.18999999999869,0.018090448746835408,0.018090448746835408,3.481705056923481,0.3831302252245301,-0.002400066984271504,0.0002515640781454165,3.0,32.81000000000131,0.14788095282787306,0.14788095282787306,4.951204659782896,0.36192118252301064,0.005926361641317102,0.0001559586066685048,0,1
330,110.0,245.72000000000116,20315,0.6786661692594562,0.6786661692594562,67.39410908128144,15.156774735370508,0.2704829305065361,0.7952846228082185,1259.0,24.0,24.909999999999854,-0.24281693945515426,-0.24281693945515426,10.112576118612658,-0.1073250971856421,0.02189487572532564,0.00024082690974469578,5.0,10.720000000001164,-0.09776159151379926,-0.09776159151379926,12.448768864177922,0.1312195735424151,0.022012250503814723,0.0001372883867137853,7.0,16.06999999999971,-0.1810865494878029,-0.1810865494878029,14.275886947312692,0.20183495582747213,0.022476411935798524,0.000496180404075286,1,1
331,89.0,245.0,20122,0.9083670951713776,0.9083670951713776,65.13068572941488,14.730922506303394,0.2834755765428047,0.7954366703275842,1259.0,-21.0,-0.7200000000011642,0.22970092591192137,0.22970092591192137,-2.263423351866564,-0.4258522290671145,0.012992646036268596,0.0001520475193657056,3.0,24.18999999999869,-0.013116013543232885,-0.013116013543232885,7.849152766746094,-0.5331773262527566,0.03488752176159424,0.0003928744291104014,-1.0,6.0,0.004974435203602523,0.004974435203602523,11.330857823669575,-0.1500471010282265,0.03248745477732273,0.0006444385072558179,1,0
332,97.0,224.8399999999965,19809,0.9105684534888046,0.9105684534888046,64.40227693936987,14.464522593537586,0.2656619133523045,0.7952064125191323,1259.0,8.0,-20.160000000003492,0.00220135831742696,0.00220135831742696,-0.7284087900450089,-0.26639991276580766,-0.017813663190500206,-0.00023025780845198351,-13.0,-20.880000000004657,0.23190228422934833,0.23190228422934833,-2.9918321419115728,-0.6922521418329222,-0.0048210171542316105,-7.821028908627792e-05,-8.0,-10.160000000003492,0.13414069271554907,0.13414069271554907,9.456936722266349,-0.5610325682905071,0.017191233349583113,5.9078097627507375e-05,0,1
333,102.0,270.0,20330,0.9888551941292748,0.9888551941292748,64.21873179772305,14.464322258750656,0.26550226429349477,0.7955804687345472,1259.0,5.0,45.16000000000349,0.07828674064047025,0.07828674064047025,-0.18354514164681746,-0.00020033478693015638,-0.0001596490588097188,0.00037405621541497514,13.0,25.0,0.08048809895789721,0.08048809895789721,-0.9119539316918264,-0.2666002475527378,-0.017973312249309925,0.00014379840696299162,16.0,49.18999999999869,0.06737208541466433,0.06737208541466433,6.937198835054268,-0.7997775738054944,0.01691420951228431,0.000536672836073393,1,1
334,115.0,242.4900000000016,20052,0.9885959474310053,0.9885959474310053,64.0034286470744,14.576181556018662,0.26134988180124524,0.7954221262261449,1259.0,13.0,-27.5099999999984,-0.00025924669826948854,-0.00025924669826948854,-0.21530315064865135,0.11185929726800659,-0.004152382492249529,-0.00015834250840229824,18.0,17.650000000005093,0.07802749394220077,0.07802749394220077,-0.3988482922954688,0.11165896248107643,-0.004312031551059248,0.0002157137070126769,5.0,-3.2299999999995634,0.3099297781715491,0.3099297781715491,-3.3906804342070416,-0.5805931793518457,-0.009133048705290858,0.00013750341792639897,1,1
335,114.0,242.0,20773,0.6672319584090531,0.6672319584090531,64.36298649722002,14.52736115858762,0.26152285430243144,0.7954154250354782,1259.0,-1.0,-0.4900000000016007,-0.3213639890219522,-0.3213639890219522,0.35955785014562025,-0.04882039743104194,0.00017297250118619711,-6.7011906667024945e-06,12.0,-28.0,-0.32162323572022167,-0.32162323572022167,0.1442546994969689,0.06303889983696465,-0.003979409991063332,-0.00016504369906900074,25.0,-3.0,-0.24113513676232445,-0.24113513676232445,-0.7676992321948575,-0.20356134771577317,-0.021952722240373257,-2.1245292106009117e-05,1,1
336,111.0,247.9300000000003,21308,0.67815805365167,0.67815805365167,64.38333995234314,14.747591517241826,0.2613193091633123,0.7959031104284018,1259.0,-3.0,5.930000000000291,0.010926095242616896,0.010926095242616896,0.020353455123114372,0.22023035865420582,-0.0002035451391191323,0.0004876853929235425,-4.0,5.43999999999869,-0.3104378937793353,-0.3104378937793353,0.3799113052687346,0.17140996122316388,-3.057263793293519e-05,0.00048098420225684,14.0,23.090000000003783,-0.23241039983713452,-0.23241039983713452,-0.018936987026734187,0.2830689237042403,-0.004342604188992183,0.0006966979092695169,1,1
337,103.54999999999927,252.70999999999913,22730,0.5909990638848891,0.5909990638848891,63.93893963463066,14.566087472150071,0.2610257430029762,0.7954908687032528,1259.0,-7.450000000000728,4.779999999998836,-0.08715898976678094,-0.08715898976678094,-0.44440031771247845,-0.18150404509175466,-0.0002935661603361006,-0.0004122417251489763,-10.450000000000728,10.709999999999127,-0.07623289452416404,-0.07623289452416404,-0.4240468625893641,0.03872631356245115,-0.0004971112994552329,7.544366777456624e-05,1.5499999999992724,-17.290000000000873,-0.3978561302443857,-0.3978561302443857,-0.2797921630923952,0.1017652133994158,-0.004476521290518565,-8.96000312944345e-05,1,1
338,114.0,262.0,20496,0.8824768067515822,0.8824768067515822,64.31883108286999,14.699355943723589,0.2591365278525735,0.795742769578414,1259.0,10.450000000000728,9.290000000000873,0.29147774286669315,0.29147774286669315,0.3798914482393343,0.1332684715735173,-0.00188921515040269,0.00025190087516124837,3.0,14.069999999999709,0.2043187530999122,0.2043187530999122,-0.06450886947314416,-0.048235573518237373,-0.0021827813107387906,-0.0001603408499877279,-1.0,19.5099999999984,-0.10611914067942307,-0.10611914067942307,0.31540243579559046,0.1231743877049265,-0.0022133539486717257,0.0003206433522691121,1,0
339,102.0,210.15000000000146,20986,0.6748849394610404,0.6748849394610404,63.636100079428125,14.85486303716804,0.26604015454062063,0.7957638468980979,1259.0,-12.0,-51.849999999998545,-0.2075918672905418,-0.2075918672905418,-0.6827310034418659,0.15550709344445046,0.006903626688047115,2.1077319683815432e-05,-1.5499999999992724,-42.55999999999767,0.08388587557615135,0.08388587557615135,-0.3028395552025316,0.28877556501796775,0.005014411537644425,0.0002729781948450638,-12.0,-31.849999999998545,0.0076529810519873065,0.0076529810519873065,-0.7268864177918957,0.3275018785804189,0.0045173002381891925,0.00034842186261963004,0,0
340,84.0,211.0,21296,0.6754394201008349,0.6754394201008349,64.47026740799576,14.895956718112595,0.2613577824238273,0.795540253258206,1259.0,-18.0,0.8499999999985448,0.0005544806397944635,0.0005544806397944635,0.8341673285676379,0.0410936809445559,-0.004682372116793343,-0.00022359363989188363,-30.0,-51.0,-0.20703738665074733,-0.20703738665074733,0.151436325125772,0.19660077438900636,0.0022212545712537723,-0.0002025163202080682,-27.0,-36.93000000000029,-0.0027186335508351256,-0.0027186335508351256,0.08692745565262783,0.148365200870769,3.847326051498179e-05,-0.0003628571701957961,0,1
341,110.14999999999782,244.02999999999884,22298,0.5683510892403798,0.5683510892403798,68.59891448239344,14.183271893212247,0.26479431372105144,0.7961195703533739,1259.0,26.149999999997817,33.029999999998836,-0.1070883308604551,-0.1070883308604551,4.128647074397676,-0.7126848249003483,0.0034365312972241546,0.0005793170951678972,8.149999999997817,33.87999999999738,-0.10653385022066064,-0.10653385022066064,4.962814402965314,-0.6715911439557924,-0.0012458408195691884,0.00035572345527601357,6.599999999998545,-8.680000000000291,-0.022647974644509294,-0.022647974644509294,4.659974847762783,-0.3828155789378247,0.003768570718075237,0.0006287016501210774,1,1
342,91.04999999999927,242.62000000000262,22120,0.7053838410678038,0.7053838410678038,69.46585914747153,14.03259510743141,0.26161790440639954,0.7956785250505443,1259.0,-19.099999999998545,-1.4099999999962165,0.13703275182742403,0.13703275182742403,0.8669446650780941,-0.15067678578083665,-0.003176409314651907,-0.0004410453028296235,7.049999999999272,31.62000000000262,0.02994442096696892,0.02994442096696892,4.9955917394757705,-0.863361610681185,0.00026012198257224783,0.0001382717923382737,-22.950000000000728,-19.37999999999738,-0.1770929656837784,-0.1770929656837784,5.1470280646015425,-0.6667608362921786,0.00248137655382602,-6.424452786979451e-05,1,0
343,97.0,207.0,22426,0.971629125806607,0.971629125806607,67.58334657135292,14.55323103249303,0.2655567250703888,0.7957419078439072,1259.0,5.950000000000728,-35.62000000000262,0.26624528473880316,0.26624528473880316,-1.8825125761186143,0.5206359250616206,0.003938820663989262,6.338279336293162e-05,-13.149999999997817,-37.029999999998836,0.4032780365662272,0.4032780365662272,-1.0155679110405202,0.36995913928078394,0.0007624113493373552,-0.0003776625094666919,-5.0,-3.150000000001455,0.29674418634556654,0.29674418634556654,3.947246491924794,-0.3016320046750085,-0.00048342947023183314,-2.193905419067832e-05,0,0
344,97.0,224.27999999999884,24173,0.6753232047458956,0.6753232047458956,66.65728752978553,14.77448946697727,0.26063992768778366,0.7961598742661541,1259.0,0.0,17.279999999998836,-0.2963059210607114,-0.2963059210607114,-0.9260590415673846,0.22125843448423943,-0.0049167973826051425,0.00041796642224689595,5.950000000000728,-18.340000000003783,-0.030060636321908252,-0.030060636321908252,-2.808571617685999,0.74189435954586,-0.0009779767186158805,0.0004813492156098276,13.0,13.279999999998836,-0.00011621535493933077,-0.00011621535493933077,2.1870201217897716,-0.12146725113532497,-0.0007178547360436327,0.0006196210079481013,0,1
345,107.0,240.98999999999796,25702,0.5883818033443681,0.5883818033443681,67.30798252581414,15.003703821036476,0.26273951975939275,0.7957684805319364,1259.0,10.0,16.709999999999127,-0.08694140140152751,-0.08694140140152751,0.650694996028605,0.22921435405920576,0.002099592071609091,-0.0003913937342177043,10.0,33.98999999999796,-0.3832473224622389,-0.3832473224622389,-0.2753640455387796,0.4504727885434452,-0.0028172053109960515,2.657268802919166e-05,-3.149999999997817,-3.040000000000873,0.020030714103988267,0.020030714103988267,-1.2909319565792998,0.8204319278242291,-0.0020547939616586963,-0.0003510898214375002,1,0
346,85.0,210.0,26506,0.8020394989106062,0.8020394989106062,66.6551231135822,14.919261631852889,0.26865916944955714,0.7962399027099488,1259.0,-22.0,-30.989999999997963,0.21365769556623815,0.21365769556623815,-0.6528594122319333,-0.08444218918358715,0.005919649690164397,0.00047142217801243724,-12.0,-14.279999999998836,0.12671629416471064,0.12671629416471064,-0.002164416203328301,0.14477216487561861,0.008019241761773488,8.002844379473295e-05,-6.049999999999272,-32.62000000000262,0.09665565784280239,0.09665565784280239,-2.8107360338893272,0.8866665244214786,0.007041265043157607,0.0005613776594045605,0,0
347,106.0,234.0,25496,0.6777602917405535,0.6777602917405535,67.65797590680434,14.713008590776688,0.269503699103877,0.7960936494816666,1259.0,21.0,24.0,-0.1242792071700527,-0.1242792071700527,1.0028527932221323,-0.20625304107620046,0.0008445296543198588,-0.00014625322828221154,-1.0,-6.989999999997963,0.08937848839618545,0.08937848839618545,0.34999338099019894,-0.2906952302597876,0.006764179344484256,0.0003251689497302257,9.0,27.0,-0.29386883406605346,-0.29386883406605346,0.07462933545141937,0.15977755828365758,0.003946974033488204,0.00035174163775941736,0,0
348,84.0,199.84000000000015,26117,0.8666812668793882,0.8666812668793882,67.51675933280382,14.773239510393935,0.267147942654069,0.7960615471490704,1259.0,-22.0,-34.159999999999854,0.18892097513883466,0.18892097513883466,-0.14121657400052356,0.060230919617247025,-0.002355756449808011,-3.210233259620665e-05,-1.0,-10.159999999999854,0.06464176796878196,0.06464176796878196,0.8616362192216087,-0.14602212145895344,-0.001511226795488152,-0.0001783555608784182,-13.0,-24.43999999999869,0.1913580621334926,0.1913580621334926,0.8594718030182804,-0.0012499565833348214,0.006508014966285336,-9.832711708368524e-05,0,1
349,87.0,239.61999999999898,26939,0.8991451066718219,0.8991451066718219,67.20796266878475,14.729996228813604,0.26286861779874343,0.7965837601539727,1259.0,3.0,39.779999999998836,0.032463839792433724,0.032463839792433724,-0.30879666401907,-0.04324328158033097,-0.004279324855325561,0.0005222130049022944,-19.0,5.619999999998981,0.22138481493126838,0.22138481493126838,-0.4500132380195936,0.016987638036916053,-0.006635081305133572,0.0004901106723060877,-20.0,-1.3699999999989814,0.31076330332745383,0.31076330332745383,-0.10001985702939464,-0.27370759222287155,0.00012909803935068354,0.0008152796220363134,1,0
350,92.64999999999782,222.0,27428,0.7339709404965946,0.7339709404965946,68.3207175006619,15.152040093952456,0.2747583662702597,0.7963479855782082,1259.0,5.649999999997817,-17.61999999999898,-0.1651741661752273,-0.1651741661752273,1.1127548318771545,0.4220438651388516,0.011889748471516248,-0.00023577457576451355,8.649999999997817,22.159999999999854,-0.13271032638279356,-0.13271032638279356,0.8039581678580845,0.37880058355852064,0.007610423616190687,0.00028643842913778084,7.649999999997817,12.0,-0.0680685584140116,-0.0680685584140116,1.6655943870796932,0.2327784620995672,0.006099196820702535,0.00010808286825936264,0,0
351,88.0,210.0,28323,1.0033070463588587,1.0033070463588587,68.17962668784749,14.857090131103119,0.2694905241032029,0.796515897591025,1259.0,-4.649999999997817,-12.0,0.2693361058622641,0.2693361058622641,-0.1410908128144115,-0.29494996284933706,-0.00526784216705678,0.00016791201281685098,1.0,-29.61999999999898,0.1041619396870368,0.1041619396870368,0.971664019062743,0.12709390228951456,0.006621906304459468,-6.786256294766257e-05,-18.0,-24.0,0.3255467546183052,0.3255467546183052,0.5216507810431494,0.1440815403264306,-1.317500067410382e-05,0.00042224810935842516,0,0
352,104.0,231.73999999999796,28014,0.5737244605951969,0.5737244605951969,68.53362456976436,14.826635102324538,0.2661857891219962,0.796744405323783,1259.0,16.0,21.739999999997963,-0.4295825857636618,-0.4295825857636618,0.3539978819168681,-0.030455028778581195,-0.003304734981206703,0.00022850773275795433,11.350000000002183,9.739999999997963,-0.16024647990139773,-0.16024647990139773,0.2129070691024566,-0.32540499162791825,-0.008572577148263483,0.0003964197455748053,20.0,31.899999999997817,-0.2929568062841913,-0.2929568062841913,1.016865236960541,0.05339559193060239,-0.0009621535320727959,0.0006828581747125861,0,0
353,90.0,211.0,27101,1.1379284971937522,1.1379284971937522,68.7144029653164,14.904344258383263,0.26622639061775083,0.7964979762402293,1259.0,-14.0,-20.739999999997963,0.5642040365985553,0.5642040365985553,0.18077839555203923,0.07770915605872553,4.060149575463301e-05,-0.00024642908355365645,2.0,1.0,0.13462145083489352,0.13462145083489352,0.5347762774689073,0.04725412728014433,-0.00326413348545207,-1.7921350795702118e-05,3.0,-28.61999999999898,0.23878339052193032,0.23878339052193032,1.5064402965316503,0.1743480295696589,0.0033577728190073985,-8.578391374336469e-05,0,0
354,96.09999999999854,224.0,26639,0.8717283345579918,0.8717283345579918,68.72752846174212,14.982814342455578,0.2646741734540634,0.796864815796056,1259.0,6.099999999998545,13.0,-0.2662001626357604,-0.2662001626357604,0.013125496425729466,0.0784700840723147,-0.0015522171636874194,0.00036683955582661465,-7.900000000001455,-7.739999999997963,0.29800387396279493,0.29800387396279493,0.1939038919777687,0.15617924013104023,-0.0015116156679327863,0.0001204104722729582,3.4500000000007276,2.0,0.1377573940613972,0.1377573940613972,0.4068109610802253,-0.16922575149687802,-0.010084192816196269,0.0005168302178477635,0,0
355,91.0,216.0,27896,0.8612903855051065,0.8612903855051065,69.14553878739741,15.047948471024899,0.2699148147760967,0.7966447120814971,1259.0,-5.099999999998545,-8.0,-0.01043794905288531,-0.01043794905288531,0.4180103256552883,0.06513412856932099,0.005240641322033279,-0.00022010371455882805,1.0,5.0,-0.2766381116886457,-0.2766381116886457,0.43113582208101775,0.1436042126416357,0.00368842415834586,0.0001467358412677866,3.0,6.0,-0.1420166608537522,-0.1420166608537522,0.9659120995499251,0.19085833992178003,0.0004242906728937901,0.00012881449047208449,0,0
356,83.0,214.0,28749,0.6705136948974181,0.6705136948974181,69.453084458565,14.805446194342368,0.2650846181228312,0.7967221037180675,1259.0,-8.0,-2.0,-0.19077669060768843,-0.19077669060768843,0.30754567116758835,-0.2425022766825311,-0.004830196653265506,7.739163657038972e-05,-13.099999999998545,-10.0,-0.20121463966057374,-0.20121463966057374,0.7255559968228766,-0.1773681481132101,0.0004104446687677732,-0.00014271207798843832,-21.0,-17.739999999997963,0.0967892343022212,0.0967892343022212,0.9194598888006453,-0.02118890798216988,-0.0011011709991650132,-2.2301605715480122e-05,0,0
357,80.0,206.77999999999884,27723,0.8486499916144411,0.8486499916144411,70.32936854646545,14.877094764970902,0.2639120535590653,0.7970131353502523,1259.0,-3.0,-7.220000000001164,0.17813629671702302,0.17813629671702302,0.8762840879004443,0.07164857062853436,-0.00117256456376591,0.00029103163218480166,-11.0,-9.220000000001164,-0.012640393890665402,-0.012640393890665402,1.1838297590680327,-0.17085370605399675,-0.006002761217031416,0.0003684232687551914,-10.0,-4.220000000001164,-0.2892785055793111,-0.2892785055793111,1.6149655811490504,-0.027249493412361048,-0.002314337058685556,0.000515159110022978,0,0
358,78.0,224.0,28832,1.0307307728814945,1.0307307728814945,70.84303018268467,14.874167556589544,0.26208027711031584,0.7967380003099691,1259.0,-2.0,17.220000000001164,0.1820807812670534,0.1820807812670534,0.5136616362192257,-0.0029272083813580707,-0.0018317764487494337,-0.0002751350402832031,-5.0,10.0,0.36021707798407643,0.36021707798407643,1.38994572411967,0.06872136224717629,-0.0030043410125153436,1.5896591901598534e-05,-18.099999999998545,0.0,0.1590024383235027,0.1590024383235027,2.1155017209425466,-0.10864678586603382,-0.0025938963437475704,-0.0001268154860868398,0,0
359,81.0,213.0,30449,0.7143301059094821,0.7143301059094821,71.71032565528198,15.113060370526298,0.26186115917041075,0.7969698352033511,1259.0,3.0,-11.0,-0.3164006669720124,-0.3164006669720124,0.8672954725973057,0.23889281393675432,-0.0002191179399050891,0.00023183489338196583,1.0,6.220000000001164,-0.134319885704959,-0.134319885704959,1.3809571088165313,0.23596560555539625,-0.0020508943886545228,-4.330014690123729e-05,-10.0,-3.0,-0.1469602795956244,-0.1469602795956244,2.564786867884564,0.0651118995013995,-0.008053655605685939,0.0003251231218539541,0,0
