time_bucket,p95_latency_ms,p99_latency_ms,call_count,HTTP_MCR,HTTP_RT,providerRPC_MCR,providerRPC_RT,cpu_utilization,memory_utilization,active_instances,p95_latency_ms_delta1,p99_latency_ms_delta1,HTTP_MCR_delta1,HTTP_RT_delta1,providerRPC_MCR_delta1,providerRPC_RT_delta1,cpu_utilization_delta1,memory_utilization_delta1,p95_latency_ms_delta2,p99_latency_ms_delta2,HTTP_MCR_delta2,HTTP_RT_delta2,providerRPC_MCR_delta2,providerRPC_RT_delta2,cpu_utilization_delta2,memory_utilization_delta2,p95_latency_ms_delta4,p99_latency_ms_delta4,HTTP_MCR_delta4,HTTP_RT_delta4,providerRPC_MCR_delta4,providerRPC_RT_delta4,cpu_utilization_delta4,memory_utilization_delta4,violation_now,label_next_violation
0,457.0,528.0,35662.0,137.84003213215712,137.84003213215712,19.262173202614377,183.8287979166324,0.31888570685549955,0.734088772652196,306.0,,,,,,,,,,,,,,,,,,,,,,,,,0,0
1,466.0,532.0,38122.0,139.2526151767474,139.2526151767474,19.350953159041392,183.63320133070383,0.3202900165906735,0.7341429037985459,306.0,9.0,4.0,1.412583044590292,1.412583044590292,0.08877995642701464,-0.19559658592856977,0.0014043097351739697,5.413114634988947e-05,,,,,,,,,,,,,,,,,0,0
2,470.0,535.0,38357.0,139.1098953903105,139.1098953903105,19.388916122004357,183.30855246318598,0.32024893702696783,0.7340066440744337,306.0,4.0,3.0,-0.1427197864369134,-0.1427197864369134,0.03796296296296475,-0.32464886751785116,-4.1079563705692657e-05,-0.00013625972411213105,13.0,7.0,1.2698632581533786,1.2698632581533786,0.1267429193899794,-0.5202454534464209,0.001363230171468277,-8.212857776224158e-05,,,,,,,,,0,0
3,463.0,524.0,37937.0,138.97653746600955,138.97653746600955,19.505174291938996,183.22601735485839,0.3209723190401773,0.7340282965329737,306.0,-7.0,-11.0,-0.1333579243009524,-0.1333579243009524,0.116258169934639,-0.08253510832759048,0.0007233820132094837,2.16524585400224e-05,-3.0,-8.0,-0.2760777107378658,-0.2760777107378658,0.15422113289760375,-0.40718397584544164,0.000682302449503791,-0.00011460726557210865,,,,,,,,,0,0
4,461.0,526.0,38470.0,138.8440652765148,138.8440652765148,19.570098039215686,182.74353872542824,0.3187407534435683,0.7340726747232325,306.0,-2.0,2.0,-0.1324721894947345,-0.1324721894947345,0.06492374727669059,-0.4824786294301475,-0.002231565596609031,4.437819025870926e-05,-9.0,-9.0,-0.2658301137956869,-0.2658301137956869,0.1811819172113296,-0.565013737757738,-0.0015081835833995472,6.603064879873166e-05,4.0,-2.0,1.0040331443576918,1.0040331443576918,0.307924836601309,-1.085259191204159,-0.0001449534119312701,-1.6097928963509922e-05,0,0
5,456.0,530.0,38084.0,139.45857974327612,139.45857974327612,19.865277777777777,183.28523850253458,0.3210594447683145,0.734040795198453,306.0,-5.0,4.0,0.6145144667613067,0.6145144667613067,0.2951797385620907,0.541699777106345,0.0023186913247462138,-3.187952477945455e-05,-7.0,6.0,0.4820422772665722,0.4820422772665722,0.36010348583878127,0.05922114767619746,8.712572813718289e-05,1.2498665479254711e-05,-10.0,-2.0,0.20596456652870643,0.20596456652870643,0.514324618736385,-0.3479628281692442,0.0007694281776409739,-0.00010210860009285394,0,0
6,452.0,520.0,37890.0,140.1578082121745,140.1578082121745,19.94311002178649,183.12914223110104,0.32491928146010424,0.7340625847866332,306.0,-4.0,-10.0,0.699228468898383,0.699228468898383,0.07783224400871447,-0.15609627143354032,0.003859836691789742,2.178958818022103e-05,-9.0,-6.0,1.3137429356596897,1.3137429356596897,0.37301198257080515,0.38560350567280466,0.006178528016535956,-1.0089936599233518e-05,-18.0,-15.0,1.0479128218640028,1.0479128218640028,0.5541938997821347,-0.17941023208493334,0.004670344433136409,5.5940712199498144e-05,0,0
7,452.04999999999563,518.0,37140.0,140.09976459776166,140.09976459776166,19.964950980392157,182.68790841191637,0.32348202906637663,0.7340887348636304,306.0,0.049999999995634425,-2.0,-0.05804361441283845,-0.05804361441283845,0.02184095860566515,-0.4412338191846743,-0.001437252393727606,2.6150076997133453e-05,-3.9500000000043656,-12.0,0.6411848544855445,0.6411848544855445,0.09967320261437962,-0.5973300906182146,0.002422584298062136,4.7939665177354485e-05,-10.950000000004366,-6.0,1.1232271317521167,1.1232271317521167,0.4597766884531609,-0.5381089429420172,0.002509710026199319,6.0438330656609196e-05,0,0
8,450.0,517.0,37164.0,139.80086393424628,139.80086393424628,19.969880174291937,183.52055760785393,0.32585466008247377,0.7339644393110587,306.0,-2.0499999999956344,-1.0,-0.2989006635153828,-0.2989006635153828,0.004929193899780415,0.832649195937563,0.0023726310160971376,-0.0001242955525716516,-2.0,-3.0,-0.35694427792822125,-0.35694427792822125,0.026770152505445566,0.39141537675288873,0.0009353786223695315,-9.814547557451814e-05,-11.0,-9.0,0.9567986577314684,0.9567986577314684,0.3997821350762507,0.7770188824256934,0.007113906638905487,-0.00010823541217375166,0,0
9,450.0,514.0,36765.0,140.09201899343037,140.09201899343037,20.028295206971677,183.0747188767942,0.32709546607783485,0.7340219180568371,306.0,0.0,-3.0,0.2911550591840921,0.2911550591840921,0.05841503267973991,-0.44583873105972316,0.0012408059953610828,5.74787457784387e-05,-2.0499999999956344,-4.0,-0.007745604331290679,-0.007745604331290679,0.06334422657952032,0.3868104648778399,0.0036134370114582204,-6.681680679321289e-05,-6.0,-16.0,0.6334392501542538,0.6334392501542538,0.16301742919389994,-0.21051962574037475,0.006036021309520356,-1.8877141615858406e-05,0,0
10,447.0,512.0,36542.0,140.04167195222232,140.04167195222232,20.03662854030501,183.17233529625923,0.32661275536798207,0.7339930175955779,306.0,-3.0,-2.0,-0.050347041208056,-0.050347041208056,0.00833333333333286,0.09761641946502664,-0.00048271070985278497,-2.8900461259251387e-05,-3.0,-5.0,0.24080801797603613,0.24080801797603613,0.06674836601307277,-0.3482223115946965,0.0007580952855082979,2.8578284519187314e-05,-5.0,-8.0,-0.11613625995218513,-0.11613625995218513,0.09351851851851833,0.04319306515819221,0.0016934739078778294,-6.956719105533082e-05,0,0
11,446.0,514.0,37593.0,140.3639277776592,140.3639277776592,20.110511982570806,183.70138849493893,0.32788244474405337,0.7339367340592777,306.0,-1.0,2.0,0.32225582543688347,0.32225582543688347,0.0738834422657959,0.5290531986796907,0.0012696893760713035,-5.628353630016125e-05,-4.0,0.0,0.27190878422882747,0.27190878422882747,0.08221677559912877,0.6266696181447173,0.0007869786662185185,-8.518399755941264e-05,-6.049999999995634,-4.0,0.2641631798975368,0.2641631798975368,0.1455610021786491,1.0134800830225572,0.004400415677676739,-0.00015200080435262553,0,0
12,444.0,512.0,36567.0,141.02714061283373,141.02714061283373,20.09281045751634,183.38790588013492,0.32757362938488627,0.7340371262014301,306.0,-2.0,-2.0,0.6632128351745337,0.6632128351745337,-0.017701525054466316,-0.31348261480400197,-0.0003088153591671028,0.00010039214215240566,-3.0,0.0,0.9854686606114171,0.9854686606114171,0.05618191721132959,0.21557058387568873,0.0009608740169042007,4.410860585224441e-05,-6.0,-5.0,1.2262766785874533,1.2262766785874533,0.12293028322440236,-0.1326517277190078,0.0017189693024124986,7.268689037143172e-05,0,0
13,443.0,506.0,36902.0,140.19894386724204,140.19894386724204,20.098257080610022,182.7059096014755,0.32626622820134454,0.7340049661842047,306.0,-1.0,-6.0,-0.828196745591697,-0.828196745591697,0.00544662309368249,-0.681996278659426,-0.0013074011835417232,-3.216001722539108e-05,-3.0,-8.0,-0.16498391041716332,-0.16498391041716332,-0.012254901960783826,-0.995478893463428,-0.001616216542708826,6.823212492701458e-05,-7.0,-8.0,0.10692487381166416,0.10692487381166416,0.06996187363834494,-0.36880927531871066,-0.0008292378764903074,-1.6951872632398057e-05,0,0
14,445.0,511.0,37909.0,139.71052609490275,139.71052609490275,20.050571895424834,182.5590201854631,0.3251660089029746,0.7339897880367204,306.0,2.0,5.0,-0.4884177723392895,-0.4884177723392895,-0.047685185185187606,-0.14688941601238525,-0.0011002192983699532,-1.5178147484307125e-05,1.0,-1.0,-1.3166145179309865,-1.3166145179309865,-0.042238562091505116,-0.8288856946718113,-0.0024076204819116764,-4.7338164709698205e-05,-2.0,-1.0,-0.33114585731956936,-0.33114585731956936,0.013943355119824474,-0.6133151107961226,-0.0014467464650074757,-3.229558857453796e-06,0,0
15,444.0,513.0,36717.0,139.85493745906624,139.85493745906624,20.265359477124182,183.16491567376818,0.32582055486531225,0.7340008546324337,306.0,-1.0,2.0,0.14441136416348854,0.14441136416348854,0.21478758169934764,0.605895488305066,0.0006545459623376604,1.1066595713260519e-05,1.0,7.0,-0.34400640817580097,-0.34400640817580097,0.16710239651416003,0.45900607229268076,-0.00044567333603229287,-4.1115517710466065e-06,-2.0,-1.0,-0.5089903185929643,-0.5089903185929643,0.1548474945533762,-0.5364728211707472,-0.002061889878741119,6.412057315596797e-05,0,0
16,443.0,508.0,37210.0,139.84341543659968,139.84341543659968,20.252777777777776,182.62083852948953,0.3255261181675876,0.7340203788545396,306.0,-1.0,-5.0,-0.011522022466550652,-0.011522022466550652,-0.012581699346405628,-0.5440771442786456,-0.00029443669772466485,1.952422210593774e-05,-2.0,-3.0,0.1328893416969379,0.1328893416969379,0.202205882352942,0.06181834402642039,0.00036010926461299553,3.059081781919826e-05,-1.0,-4.0,-1.1837251762340486,-1.1837251762340486,0.1599673202614369,-0.7670673506453909,-0.002047511217298681,-1.6747346890499948e-05,0,0
17,450.0,519.0,36998.0,140.34876118003277,140.34876118003277,20.33423202614379,182.92370027784153,0.32454084465077593,0.7340058029866686,306.0,7.0,11.0,0.5053457434330824,0.5053457434330824,0.08145424836601478,0.30286174835200086,-0.0009852735168116578,-1.4575867871013948e-05,6.0,6.0,0.4938237209665317,0.4938237209665317,0.06887254901960915,-0.24121539592664476,-0.0012797102145363226,4.948354234923791e-06,7.0,13.0,0.14981731279073074,0.14981731279073074,0.2359749455337692,0.217790676366036,-0.0017253835505686155,8.368024638771843e-07,0,0
18,454.0,524.0,37306.0,140.04465242595535,140.04465242595535,20.383632897603484,181.8818153060583,0.32310134938409574,0.734119900301391,306.0,4.0,5.0,-0.30410875407741855,-0.30410875407741855,0.0494008714596923,-1.0418849717832472,-0.0014394952666801908,0.00011409731472233897,11.0,16.0,0.2012369893556638,0.2012369893556638,0.13085511982570708,-0.7390232234312464,-0.0024247687834918485,9.952144685132502e-05,9.0,13.0,0.3341263310526017,0.3341263310526017,0.3330610021786491,-0.677204879404826,-0.002064659518878853,0.00013011226467052328,0,0
19,452.0,519.7200000000012,36929.0,140.17420991723446,140.17420991723446,20.415305010893245,183.3920437085942,0.326052740202647,0.7343127263916863,306.0,-2.0,-4.279999999998836,0.1295574912791153,0.1295574912791153,0.03167211328976194,1.5102284025359154,0.0029513908185512805,0.00019282609029536157,2.0,0.7200000000011642,-0.17455126279830324,-0.17455126279830324,0.08107298474945424,0.46834343075266816,0.0015118955518710897,0.00030692340501770055,8.0,6.720000000001164,0.31927245816822847,0.31927245816822847,0.1499455337690634,0.2271280348260234,0.0002321853373347671,0.00031187175925262434,0,0
20,449.0,523.7300000000032,37828.0,141.12655726281955,141.12655726281955,20.663779956427014,183.57083023898312,0.32867044536532725,0.7342568857997072,306.0,-3.0,4.010000000002037,0.9523473455850819,0.9523473455850819,0.24847494553376848,0.17878653038891912,0.0026177051626802283,-5.584059197916158e-05,-5.0,-0.2699999999967986,1.0819048368641973,1.0819048368641973,0.2801470588235304,1.6890149329248345,0.005569095981231509,0.0001369854983162,6.0,15.730000000003201,1.283141826219861,1.283141826219861,0.4110021786492375,0.9499917094935881,0.0031443271977396603,0.00023650694516752502,0,0
21,449.0,522.0,37254.0,141.54538832558544,141.54538832558544,20.656181917211327,183.26136461562626,0.33021252836891574,0.7342591605155296,306.0,0.0,-1.7300000000032014,0.41883106276588933,0.41883106276588933,-0.0075980392156864696,-0.3094656233568571,0.0015420830035884903,2.274715822481177e-06,-3.0,2.279999999998836,1.3711784083509713,1.3711784083509713,0.240876906318082,-0.130679092967938,0.004159788166268719,-5.35658761566804e-05,-1.0,3.0,1.196627145552668,1.196627145552668,0.32194989106753624,0.33766433778473015,0.005671683718139808,0.00025335752886102014,0,0
22,447.0,520.1900000000023,37982.0,141.8350539369665,141.8350539369665,20.745642701525053,184.330657259022,0.33043606946901916,0.7342920708500482,306.0,-2.0,-1.8099999999976717,0.2896656113810536,0.2896656113810536,0.08946078431372584,1.0692926433957268,0.00022354110010341932,3.291033451857661e-05,-2.0,-3.540000000000873,0.708496674146943,0.708496674146943,0.08186274509803937,0.7598270200388697,0.0017656241036919096,3.518505034105779e-05,-7.0,-3.8099999999976717,1.7904015110111402,1.7904015110111402,0.3620098039215698,2.448841952963704,0.007334720084923418,0.00017217054865725778,0,0
23,450.0,516.0,38468.0,142.24341676302654,142.24341676302654,20.798583877995643,184.32103144890843,0.3321950973435952,0.7342431915351768,306.0,3.0,-4.190000000002328,0.40836282606005625,0.40836282606005625,0.052941176470589824,-0.009625810113561784,0.0017590278745760468,-4.88793148714084e-05,1.0,-6.0,0.6980284374411099,0.6980284374411099,0.14240196078431566,1.059666833282165,0.001982568974679466,-1.5968980352831785e-05,-2.0,-3.720000000001164,2.069206845792081,2.069206845792081,0.38327886710239767,0.928987740314227,0.006142357140948185,-6.953485650951219e-05,0,0
24,448.0,515.0,38929.0,142.91555133018596,142.91555133018596,20.96228213507625,184.5190811962497,0.3333275766203923,0.7343464661267848,306.0,-2.0,-1.0,0.6721345671594179,0.6721345671594179,0.1636982570806076,0.19804974734125835,0.0011324792767971048,0.00010327459160797137,1.0,-5.190000000002328,1.0804973932194741,1.0804973932194741,0.2166394335511974,0.18842393722769657,0.0028915071513731516,5.439527673656297e-05,-1.0,-8.730000000003201,1.788994067366417,1.788994067366417,0.2985021786492368,0.9482509572665663,0.004657131255065061,8.958032707762076e-05,0,0
25,453.0,524.0,39109.0,142.75053573351033,142.75053573351033,21.138316993464052,185.07639855571347,0.3351219130458371,0.734488992519628,306.0,5.0,9.0,-0.16501559667563015,-0.16501559667563015,0.1760348583878013,0.5573173594637808,0.001794336425444798,0.00014252639284317858,3.0,8.0,0.5071189704837877,0.5071189704837877,0.3397331154684089,0.7553671068050392,0.002926815702241903,0.00024580098445114995,4.0,2.0,1.2051474079248976,1.2051474079248976,0.48213507625272456,1.8150339400872042,0.004909384676921369,0.00022983200409831817,0,0
26,452.0,519.0,39194.0,143.67552154373678,143.67552154373678,21.148747276688454,184.5175048400699,0.3356176769290143,0.7344085523505616,306.0,-1.0,-5.0,0.9249858102264454,0.9249858102264454,0.010430283224401649,-0.5588937156435634,0.0004957638831771805,-8.044016906638696e-05,4.0,4.0,0.7599702135508153,0.7599702135508153,0.18646514161220296,-0.0015763561797825787,0.0022901003086219784,6.208622377679163e-05,5.0,-1.1900000000023283,1.8404676067702894,1.8404676067702894,0.40310457516340037,0.186847581047914,0.00518160745999513,0.0001164815005133546,0,0
27,448.0,513.0,39311.0,142.9047141772939,142.9047141772939,21.20819716775599,184.38683779348833,0.333784559809225,0.7343689565565071,306.0,-4.0,-6.0,-0.770807366442881,-0.770807366442881,0.05944989106753695,-0.13066704658157846,-0.0018331171197892848,-3.9595794054436695e-05,-5.0,-11.0,0.1541784437835645,0.1541784437835645,0.0698801742919386,-0.6895607622251418,-0.0013373532366121044,-0.00012003596312082365,-2.0,-3.0,0.6612974142673522,0.6612974142673522,0.4096132897603475,0.06580634457989731,0.0015894624656297984,0.0001257650213303263,0,0
28,451.0,520.0,39191.0,143.4186048403954,143.4186048403954,21.502913943355118,184.75229300943766,0.33509492346994546,0.734382905601676,306.0,3.0,7.0,0.5138906631015061,0.5138906631015061,0.29471677559912735,0.36545521594933916,0.0013103636607204594,1.3949045168826224e-05,-1.0,1.0,-0.25691670334137484,-0.25691670334137484,0.3541666666666643,0.2347881693677607,-0.0005227534590688254,-2.564674888561047e-05,3.0,5.0,0.5030535102094404,0.5030535102094404,0.5406318082788673,0.23321181318797812,0.001767346849553153,3.6439474891181156e-05,0,0
29,456.0,521.0,40850.0,144.67805709875617,144.67805709875617,22.17807734204793,184.21400375983725,0.3397831680939506,0.7343758656308542,306.0,5.0,1.0,1.259452258360767,1.259452258360767,0.6751633986928134,-0.5382892496004104,0.004688244624005133,-7.0399708217427914e-06,8.0,8.0,1.7733429214622731,1.7733429214622731,0.9698801742919407,-0.1728340336510712,0.005998608284725593,6.909074347083433e-06,3.0,-3.0,1.9275213652458376,1.9275213652458376,1.0397603485838793,-0.862394795876213,0.0046612550481134885,-0.00011312688877374022,0,0
30,461.0,525.0,40301.0,147.33282525721103,147.33282525721103,22.628050108932463,187.12120550047578,0.34792414142861744,0.7344474545027907,306.0,5.0,4.0,2.654768158454857,2.654768158454857,0.4499727668845317,2.907201740638527,0.008140973334666846,7.158887193647878e-05,10.0,5.0,3.914220416815624,3.914220416815624,1.125136165577345,2.3689124910381167,0.012829217958671979,6.454890111473599e-05,9.0,6.0,3.657303713474249,3.657303713474249,1.4793028322440094,2.6037006604058774,0.012306464499603154,3.890215222912552e-05,0,0
31,459.0,533.0,39798.0,146.6564429218948,146.6564429218948,22.218082788671023,186.19582673478385,0.3475461017831036,0.7344439738293979,306.0,-2.0,8.0,-0.6763823353162195,-0.6763823353162195,-0.40996732026144045,-0.9253787656919314,-0.00037803964551386127,-3.480673392841638e-06,3.0,12.0,1.9783858231386375,1.9783858231386375,0.040005446623091245,1.9818229749465957,0.007762933689152984,6.810819854363714e-05,11.0,20.0,3.7517287446009107,3.7517287446009107,1.009885620915032,1.8089889412955245,0.013761541973878577,7.501727289072058e-05,0,0
32,456.0,521.0,39768.0,146.2601686900403,146.2601686900403,22.13248910675381,186.55048526619274,0.3449529973349419,0.7343513316087762,306.0,-3.0,-12.0,-0.3962742318545054,-0.3962742318545054,-0.08559368191721362,0.35465853140888726,-0.002593104448161687,-9.264222062166372e-05,-5.0,-4.0,-1.0726565671707249,-1.0726565671707249,-0.49556100217865406,-0.5707202342830442,-0.0029711440936755484,-9.612289401450536e-05,5.0,1.0,2.841563849644899,2.841563849644899,0.629575163398691,1.7981922567550725,0.00985807386499643,-3.1573992899769365e-05,0,0
33,456.0,522.0,39234.0,147.0231668535636,147.0231668535636,22.09109477124183,186.4700532117912,0.34337898648859133,0.7343473083426678,306.0,0.0,1.0,0.7629981635232923,0.7629981635232923,-0.04139433551197769,-0.08043205440154111,-0.0015740108463505598,-4.0232661083772214e-06,-3.0,-11.0,0.3667239316687869,0.3667239316687869,-0.1269880174291913,0.27422647700734615,-0.004167115294512247,-9.666548673004094e-05,0.0,1.0,2.3451097548074245,2.3451097548074245,-0.08698257080610006,2.256049451953942,0.0035958183946407374,-2.8557288186403795e-05,0,0
34,456.0,522.0,39070.0,146.52267343851958,146.52267343851958,22.102069716775596,186.52958805226066,0.34537213676704054,0.734462630807666,306.0,0.0,0.0,-0.5004934150440192,-0.5004934150440192,0.010974945533764213,0.059534840469467554,0.0019931502784492072,0.0001153224649982354,0.0,1.0,0.2625047484792731,0.2625047484792731,-0.030419389978213474,-0.020897213932073555,0.00041913943209864746,0.00011129919888985818,-5.0,-3.0,-0.8101518186914518,-0.8101518186914518,-0.5259803921568675,-0.5916174482151177,-0.002552004661576901,1.517630487535282e-05,0,0
35,451.29999999999563,514.0,39415.0,146.79703354163732,146.79703354163732,22.068246187363833,187.17167508875784,0.34949107435307114,0.734350450146836,306.0,-4.700000000004366,-8.0,0.2743601031177434,0.2743601031177434,-0.033823529411762365,0.6420870364971734,0.004118937586030602,-0.00011218066083007461,-4.700000000004366,-8.0,-0.22613331192627584,-0.22613331192627584,-0.022848583877998152,0.7016218769666409,0.006112087864479809,3.141804168160789e-06,-7.700000000004366,-19.0,0.14059061974251108,0.14059061974251108,-0.14983660130718945,0.9758483539739871,0.0019449725699675624,-9.352368256188015e-05,0,0
36,455.0,524.0,40152.0,146.99633162116285,146.99633162116285,22.054629629629627,187.62312825117013,0.34986678336483656,0.734382888630548,306.0,3.7000000000043656,10.0,0.19929807952553347,0.19929807952553347,-0.013616557734206225,0.4514531624122924,0.0003757090117654238,3.243848371203839e-05,-1.0,2.0,0.47365818264327686,0.47365818264327686,-0.04744008714596859,1.0935401989094657,0.004494646597796026,-7.974217711803622e-05,-1.0,3.0,0.7361629311225499,0.7361629311225499,-0.07785947712418206,1.0726429849773922,0.004913786029894673,3.155702177182196e-05,0,0
37,455.0,519.0,39767.0,147.53800064116453,147.53800064116453,22.09722222222222,187.62899328314276,0.34929321115388284,0.7344213116806722,306.0,0.0,-5.0,0.5416690200016774,0.5416690200016774,0.042592592592594514,0.005865031972632551,-0.0005735722109537211,3.8423050124136715e-05,3.7000000000043656,5.0,0.7409670995272108,0.7409670995272108,0.02897603485838829,0.45731819438492494,-0.0001978631991882973,7.08615338361751e-05,-1.0,-3.0,0.514833787600935,0.514833787600935,0.006127450980390137,1.1589400713515658,0.005914224665291512,7.40033380043359e-05,0,0
38,454.0,522.0,38580.0,147.33526807727222,147.33526807727222,22.115114379084964,187.29358579797267,0.3510604697012458,0.7343471764927556,306.0,-1.0,3.0,-0.20273256389231165,-0.20273256389231165,0.017892156862743036,-0.33540748517009433,0.001767258547362982,-7.413518791654639e-05,-1.0,-2.0,0.33893645610936574,0.33893645610936574,0.06048474945533755,-0.3295424531974618,0.001193686336409261,-3.571213779240967e-05,-2.0,0.0,0.8125946387526426,0.8125946387526426,0.01304466230936896,0.763997745712004,0.005688332934205287,-0.00011545431491044589,0,0
39,455.0,523.0,38923.0,147.44983532361292,147.44983532361292,22.246405228758167,187.2366932511324,0.34810530235507325,0.7344067141917355,306.0,1.0,1.0,0.11456724634069815,0.11456724634069815,0.13129084967320281,-0.05689254684025968,-0.0029551673461725714,5.953769897992789e-05,0.0,4.0,-0.0881653175516135,-0.0881653175516135,0.14918300653594585,-0.392300032010354,-0.0011879087988095893,-1.4597488936618497e-05,3.7000000000043656,9.0,0.6528017819755974,0.6528017819755974,0.17815904139433414,0.06501816237457092,-0.0013857719979978866,5.626404489955661e-05,0,0
40,457.0,524.2900000000009,38972.0,148.0071400251329,148.0071400251329,22.255718954248366,188.1653226498447,0.35103245555581175,0.7343662933798025,306.0,2.0,1.2900000000008731,0.5573047015199961,0.5573047015199961,0.009313725490198266,0.9286293987123031,0.002927153200738497,-4.0420811933006284e-05,3.0,2.290000000000873,0.6718719478606943,0.6718719478606943,0.14060457516340108,0.8717368518720434,-2.8014145434074322e-05,1.9116887046921605e-05,2.0,0.2900000000008731,1.01080840397006,1.01080840397006,0.20108932461873863,0.5421943986745816,0.0011656721909751866,-1.6595250745488066e-05,0,0
41,459.0,527.0,38747.0,147.24753824578897,147.24753824578897,22.204193899782133,188.03335736401067,0.3468899810418607,0.7342994424857592,306.0,2.0,2.709999999999127,-0.7596017793439387,-0.7596017793439387,-0.051525054466232234,-0.13196528583404188,-0.0041424745139510555,-6.685089404334654e-05,4.0,4.0,-0.20229707782394257,-0.20229707782394257,-0.04221132897603397,0.7966641128782612,-0.0012153213132125584,-0.00010727170597635283,4.0,8.0,-0.29046239537555607,-0.29046239537555607,0.10697167755991188,0.4043640808679072,-0.0024032301120221478,-0.00012186919491297132,0,0
42,453.0,519.0,38972.0,148.13435701603146,148.13435701603146,22.130038126361654,187.40125415615185,0.3560397555615373,0.7343782183550132,306.0,-6.0,-8.0,0.8868187702424848,0.8868187702424848,-0.07415577342047897,-0.6321032078588189,0.009149774519676579,7.87758692539775e-05,-4.0,-5.290000000000873,0.1272169908985461,0.1272169908985461,-0.1256808278867112,-0.7640684936928608,0.0050073000057255235,1.1924975210630961e-05,-1.0,-3.0,0.7990889387592404,0.7990889387592404,0.01492374727668988,0.10766835817918263,0.004979285860291449,3.1041862257552566e-05,0,0
43,453.0,522.0,38897.0,147.66213575770576,147.66213575770576,22.212254901960783,188.18000402423655,0.34672081724656467,0.7343897520265336,306.0,0.0,3.0,-0.4722212583257033,-0.4722212583257033,0.08221677559912877,0.7787498680847023,-0.009318938314972602,1.1533671520402855e-05,-6.0,-5.0,0.4145975119167815,0.4145975119167815,0.008061002178649801,0.14664666022588335,-0.00016916379529602343,9.030954077438036e-05,-2.0,-1.0,0.21230043409283894,0.21230043409283894,-0.03415032679738417,0.9433107731041446,-0.0013844851085085819,-1.6962165201972468e-05,0,0
44,453.0,526.0,40511.0,147.92893496492954,147.92893496492954,22.259885620915032,188.266559455472,0.34565634557868447,0.7343578951867867,306.0,0.0,4.0,0.2667992072237837,0.2667992072237837,0.04763071895424886,0.08655543123543907,-0.0010644716678802069,-3.1856839746824406e-05,0.0,7.0,-0.20542205110191958,-0.20542205110191958,0.12984749455337763,0.8653052993201413,-0.01038340998285281,-2.032316822642155e-05,-4.0,1.7099999999991269,-0.07820506020337348,-0.07820506020337348,0.00416666666666643,0.10123680562728055,-0.005376109977127286,-8.39819301579059e-06,0,0
45,456.0,522.9199999999983,38409.0,148.4145330739499,148.4145330739499,22.524373638344226,189.1619510493651,0.3464536966036183,0.7343469283252537,306.0,3.0,-3.0800000000017462,0.4855981090203727,0.4855981090203727,0.26448801742919414,0.8953915938930948,0.0007973510249338345,-1.096686153301274e-05,3.0,0.9199999999982538,0.7523973162441564,0.7523973162441564,0.312118736383443,0.9819470251285338,-0.0002671206429463724,-4.2823701279837145e-05,-3.0,-4.080000000001746,1.166994828160938,1.166994828160938,0.3201797385620928,1.1285936853544172,-0.0004362844382423958,4.7485839494543214e-05,0,0
46,454.0,520.0,38504.0,149.2120340986296,149.2120340986296,22.46576797385621,189.5982987558478,0.34781993491556434,0.7343981845852569,306.0,-2.0,-2.9199999999982538,0.7975010246796899,0.7975010246796899,-0.05860566448801663,0.4363477064827066,0.0013662383119460442,5.125626000312966e-05,1.0,-6.0,1.2830991337000626,1.2830991337000626,0.20588235294117752,1.3317393003758013,0.0021635893368798786,4.028939847011692e-05,1.0,1.0,1.077677082598143,1.077677082598143,0.33572984749455514,2.1970445996959427,-0.00821982064597293,1.996623024369537e-05,0,0
47,454.0,521.0,38063.0,149.4516486064591,149.4516486064591,22.415114379084965,189.59930132881382,0.34839298642148653,0.7343463795917179,306.0,0.0,1.0,0.23961450782948646,0.23961450782948646,-0.050653594771244315,0.001002572966029902,0.0005730515059221841,-5.180499353896195e-05,-2.0,-1.9199999999982538,1.0371155325091763,1.0371155325091763,-0.10925925925926094,0.4373502794487365,0.0019392898178682283,-5.487335358322909e-07,1.0,-1.0,1.7895128487533327,1.7895128487533327,0.20285947712418206,1.4192973045772703,0.001672169174921856,-4.3372434815669436e-05,0,0
48,454.0,523.0,38991.0,148.90297277407265,148.90297277407265,22.493246187363834,189.34992173909492,0.34845490131006185,0.7344480981552062,306.0,0.0,2.0,-0.5486758323864365,-0.5486758323864365,0.07813180827886868,-0.24937958971889884,6.191488857532068e-05,0.00010171856348828445,0.0,3.0,-0.30906132455695,-0.30906132455695,0.02747821350762436,-0.24837701675286894,0.0006349663944975048,4.99135699493225e-05,1.0,-3.0,0.9740378091431126,0.9740378091431126,0.23336056644880188,1.0833622836229324,0.0027985557313773834,9.020296841943942e-05,0,0
49,456.0,524.0,38332.0,149.4726500870386,149.4726500870386,22.452832244008714,189.92807328767066,0.34840866998375386,0.7345953984694047,306.0,2.0,1.0,0.5696773129659505,0.5696773129659505,-0.040413943355119386,0.5781515485757325,-4.623132630798832e-05,0.0001473003141985174,2.0,3.0,0.02100148057951401,0.02100148057951401,0.03771786492374929,0.32877195885683363,1.5683562267332363e-05,0.00024901887768680186,0.0,1.0800000000017462,1.0581170130886903,1.0581170130886903,-0.07154139433551165,0.7661222383055701,0.0019549733801355607,0.0002484701441509696,0,0
50,459.0,530.0,38354.0,149.84481799692608,149.84481799692608,22.46781045751634,190.12634115752687,0.3540245532217677,0.734522445536842,306.0,3.0,6.0,0.37216790988748016,0.37216790988748016,0.014978213507625071,0.1982678698562097,0.005615883238013819,-7.295293256270874e-05,5.0,7.0,0.9418452228534306,0.9418452228534306,-0.025435729847494315,0.7764194184319422,0.005569651911705831,7.434738163580867e-05,5.0,10.0,0.6327838982964806,0.6327838982964806,0.0020424836601300456,0.5280424016790732,0.0062046183062033355,0.00012426095158513117,0,0
51,453.0,523.0,39380.0,149.68671156069402,149.68671156069402,22.452696078431373,190.5791892539764,0.3521885270867254,0.7346404228681399,306.0,-6.0,-7.0,-0.15810643623206033,-0.15810643623206033,-0.0151143790849666,0.45284809644954294,-0.0018360261350423013,0.00011797733129792487,-3.0,-1.0,0.21406147365541983,0.21406147365541983,-0.00013616557734152934,0.6511159663057526,0.0037798571029715178,4.502439873521613e-05,-1.0,2.0,0.23506295423493384,0.23506295423493384,0.03758169934640776,0.9798879251625863,0.00379554066523885,0.000294043276422018,0,0
52,455.0,521.0,38030.0,149.89315876808232,149.89315876808232,22.451851851851853,189.37843093211768,0.35699474999516123,0.7347311757185279,306.0,2.0,-2.0,0.20644720738829392,0.20644720738829392,-0.0008442265795203241,-1.2007583218587286,0.004806222908435853,9.0752850387954e-05,-4.0,-9.0,0.048340771156233586,0.048340771156233586,-0.015958605664486925,-0.7479102254091856,0.002970196773393552,0.00020873018168587887,1.0,-2.0,0.9901859940096642,0.9901859940096642,-0.04139433551198124,0.028509193022756563,0.008539848685099383,0.00028307756332168754,0,0
53,455.0,526.2300000000032,36578.0,149.81276007002882,149.81276007002882,22.431427015250545,189.26428936707222,0.34934485440294355,0.7346088909789136,306.0,0.0,5.230000000003201,-0.08039869805350008,-0.08039869805350008,-0.02042483660130756,-0.11414156504545758,-0.0076498955922176815,-0.00012228473961428676,2.0,3.2300000000032014,0.12604850933479383,0.12604850933479383,-0.021269063180827885,-1.3148998869041861,-0.0028436726837818282,-3.1531889226332765e-05,-1.0,2.2300000000032014,0.34010998299021367,0.34010998299021367,-0.021405228758169415,-0.6637839205984335,0.0009361844191896895,1.3492509508883366e-05,0,0
54,457.0,529.0,37111.0,148.89296085305895,148.89296085305895,22.53404139433551,190.1420041207605,0.3476240350027622,0.7347364405971436,306.0,2.0,2.7699999999967986,-0.9197992169698637,-0.9197992169698637,0.10261437908496518,0.8777147536882808,-0.0017208194001813726,0.0001275496182300273,2.0,8.0,-1.0001979150233637,-1.0001979150233637,0.08218954248365762,0.7635731886428232,-0.009370714992399054,5.2648786157405425e-06,-2.0,-1.0,-0.9518571438671302,-0.9518571438671302,0.0662309368191707,0.015662963233637583,-0.006400518219005502,0.0002139950603016194,0,0
55,458.54999999999563,532.0,36670.0,150.4105773613741,150.4105773613741,22.66677559912854,190.4046118387293,0.34955684178040175,0.7347232146482718,306.0,1.5499999999956344,3.0,1.5176165083151432,1.5176165083151432,0.132734204793028,0.2626077179687911,0.001932806777639573,-1.3225948871764537e-05,3.5499999999956344,5.769999999996799,0.5978172913452795,0.5978172913452795,0.23534858387799318,1.140322471657072,0.0002119873774582004,0.00011432366935826277,5.549999999995634,9.0,0.7238658006800733,0.7238658006800733,0.2140795206971653,-0.17457741524711423,-0.002631685306323628,8.279178013193e-05,0,0
56,458.0,521.0,37860.0,150.8192262578969,150.8192262578969,22.490522875816993,191.12419114233816,0.35176478531691746,0.7346726813332083,306.0,-0.5499999999956344,-11.0,0.40864889652280567,0.40864889652280567,-0.17625272331154562,0.7195793036088673,0.0022079435365157107,-5.053331506355008e-05,1.0,-8.0,1.9262654048379488,1.9262654048379488,-0.043518518518517624,0.9821870215776585,0.004140750314155284,-6.375926393531461e-05,3.0,0.0,0.9260674898145851,0.9260674898145851,0.038671023965139995,1.7457602102204817,-0.00522996467824377,-5.849438531957407e-05,0,0
57,456.0,526.0,38874.0,150.7529858732284,150.7529858732284,22.490659041394334,191.51108584877204,0.3522586736003903,0.7347283985989153,306.0,-2.0,5.0,-0.0662403846685038,-0.0662403846685038,0.00013616557734152934,0.38689470643387835,0.0004938882834728542,5.571726570696711e-05,-2.5499999999956344,-6.0,0.3424085118543019,0.3424085118543019,-0.1761165577342041,1.1064740100427457,0.002701831819988565,5.183950643417035e-06,1.0,-0.23000000000320142,0.9402258031995814,0.9402258031995814,0.059232026143789085,2.2467964816998176,0.0029138191974467653,0.0001195076200016798,0,0
58,453.0,520.0,40318.0,150.60836952175157,150.60836952175157,22.55738017429194,190.608029085896,0.34906664221748795,0.734698308903987,306.0,-3.0,-6.0,-0.14461635147682728,-0.14461635147682728,0.06672113289760517,-0.903056762876048,-0.0031920313829023605,-3.0089694928236987e-05,-5.0,-1.0,-0.21085673614533107,-0.21085673614533107,0.0668572984749467,-0.5161620564421696,-0.0026981430994295064,2.5627570778730124e-05,-4.0,-9.0,1.7154086686926178,1.7154086686926178,0.02333877995642908,0.46602496513548886,0.0014426072147257774,-3.813169315658449e-05,0,0
59,455.0,519.0,41573.0,150.5152358735778,150.5152358735778,22.648366013071893,190.6122680568865,0.3499388647505986,0.7347451506423636,306.0,2.0,-1.0,-0.09313364817376169,-0.09313364817376169,0.09098583877995381,0.004238970990513735,0.0008722225331106448,4.684173837654626e-05,-1.0,-7.0,-0.23774999965058896,-0.23774999965058896,0.15770697167755898,-0.8988177918855342,-0.0023198088497917158,1.6752043448309273e-05,-3.5499999999956344,-13.0,0.10465851220371292,0.10465851220371292,-0.01840958605664511,0.20765621815721147,0.00038202297019684917,2.1935994091726307e-05,0,0
60,459.0,525.8700000000026,39714.0,151.65816810439972,151.65816810439972,22.784558823529412,193.37524155691858,0.3550752652768952,0.7347254149274889,306.0,4.0,6.870000000002619,1.1429322308219128,1.1429322308219128,0.1361928104575192,2.762973500032075,0.005136400526296603,-1.9735714874680177e-05,6.0,5.870000000002619,1.049798582648151,1.049798582648151,0.227178649237473,2.7672124710225887,0.006008623059407248,2.7106023501866083e-05,1.0,4.870000000002619,0.83894184650282,0.83894184650282,0.2940359477124197,2.251050414580419,0.0033104799599777412,5.273359428059621e-05,0,0
61,457.0,529.0,39970.0,152.98125916502428,152.98125916502428,22.75392156862745,193.37565938407013,0.35760653701276657,0.7346767841600904,306.0,-2.0,3.1299999999973807,1.323091060624563,1.323091060624563,-0.03063725490196134,0.0004178271515513643,0.0025312717358713654,-4.863076739847205e-05,2.0,10.0,2.4660232914464757,2.4660232914464757,0.10555555555555785,2.7633913271836263,0.007667672262167968,-6.836648227315223e-05,1.0,3.0,2.2282732917958867,2.2282732917958867,0.2632625272331168,1.864573535298092,0.0053478634123762525,-5.1614438824842956e-05,0,0
62,457.0,526.0,41117.0,152.91402977793192,152.91402977793192,22.709340958605665,193.2227112262803,0.35769549806294465,0.7346004559323679,306.0,0.0,-3.0,-0.06722938709236814,-0.06722938709236814,-0.044580610021785816,-0.15294815778983661,8.896105017808242e-05,-7.63282277225219e-05,-2.0,0.12999999999738066,1.2558616735321948,1.2558616735321948,-0.07521786492374716,-0.15253033063828525,0.002620232786049448,-0.00012495899512099395,4.0,6.0,2.305660256180346,2.305660256180346,0.15196078431372584,2.6146821403843035,0.008628855845456695,-9.785297161912787e-05,0,0
63,460.0,525.0,41306.0,152.7335839470787,152.7335839470787,22.648638344226576,192.913685201566,0.3603964164636469,0.734575555215474,306.0,3.0,-1.0,-0.1804458308532162,-0.1804458308532162,-0.06070261437908897,-0.3090260247142851,0.0027009184007022458,-2.4900716893871966e-05,3.0,-4.0,-0.24767521794558434,-0.24767521794558434,-0.10528322440087479,-0.4619741825041217,0.002789879450880328,-0.00010122894461639387,5.0,6.0,2.2183480735008914,2.2183480735008914,0.0002723311546830587,2.3014171446795046,0.010457551713048296,-0.0001695954268895461,0,0
64,457.0,525.0,42315.0,152.27325526922397,152.27325526922397,22.68886165577342,193.5822729313979,0.35237023474395485,0.734667447657367,306.0,-3.0,0.0,-0.46032867785473286,-0.46032867785473286,0.040223311546842666,0.6685877298318985,-0.00802618171969205,9.18924418930045e-05,0.0,-1.0,-0.640774508707949,-0.640774508707949,-0.020479302832246304,0.35956170511761343,-0.0053252633189898035,6.699172499913253e-05,-2.0,-0.8700000000026193,0.6150871648242457,0.6150871648242457,-0.09569716775599346,0.20703137447932818,-0.0027050305329403557,-5.7967270121861425e-05,0,0
65,458.25,528.0,42136.0,153.3440977837271,153.3440977837271,22.58115468409586,193.54729256652564,0.3577991234535456,0.7346383983792822,306.0,1.25,3.0,1.0708425145031413,1.0708425145031413,-0.10770697167755827,-0.03498036487226841,0.00542888870959074,-2.904927808478064e-05,-1.75,3.0,0.6105138366484084,0.6105138366484084,-0.0674836601307156,0.6336073649596301,-0.002597293010101309,6.284316380822386e-05,1.25,-1.0,0.3628386187028241,0.3628386187028241,-0.1727668845315904,0.1716331824555084,0.00019258644077901899,-3.838578080817001e-05,0,0
66,456.0,527.0,44038.0,152.17851289053434,152.17851289053434,22.490958605664485,192.75564726047378,0.3584004395720065,0.7346793981938581,306.0,-2.25,-1.0,-1.1655848931927721,-1.1655848931927721,-0.09019607843137578,-0.791645306051862,0.0006013161184609261,4.0999814575837235e-05,-1.0,2.0,-0.09474237868963087,-0.09474237868963087,-0.19790305010893405,-0.8266256709241304,0.006030204828051666,1.1950536491056596e-05,-1.0,1.0,-0.7355168873975799,-0.7355168873975799,-0.21838235294118036,-0.467063965806517,0.0007049415090618627,7.894226149018913e-05,0,0
67,456.0,527.0,44312.0,151.7803459958705,151.7803459958705,22.566857298474943,192.2164421084921,0.3513559436198976,0.7347702995624418,306.0,0.0,0.0,-0.3981668946638308,-0.3981668946638308,0.07589869281045836,-0.5392051519816903,-0.007044495952108931,9.090136858369569e-05,-2.25,-1.0,-1.563751787856603,-1.563751787856603,-0.014297385620917424,-1.3308504580335523,-0.006443179833648005,0.00013190118315953292,-4.0,2.0,-0.9532379512081945,-0.9532379512081945,-0.08178104575163303,-0.6972430930739222,-0.009040472843749314,0.00019474434696775678,0,0
68,457.0,526.0,43350.0,151.33848573254153,151.33848573254153,22.584449891067536,191.76752181852416,0.352942094594999,0.7347298576161753,306.0,1.0,-1.0,-0.44186026332897654,-0.44186026332897654,0.017592592592592382,-0.4489202899679299,0.001586150975101397,-4.0441946266511763e-05,1.0,-1.0,-0.8400271579928074,-0.8400271579928074,0.09349128540305074,-0.9881254419496202,-0.005458344977007534,5.045942231718392e-05,0.0,1.0,-0.9347695366824382,-0.9347695366824382,-0.10441176470588331,-1.8147511128737506,0.000571859851044132,6.240995880824052e-05,0,0
69,456.0,525.0,43649.0,151.274104776923,151.274104776923,22.453758169934638,191.6498573218144,0.3520157345018243,0.7347868638100967,306.0,-1.0,-1.0,-0.06438095561853174,-0.06438095561853174,-0.13069172113289795,-0.11766449670975021,-0.0009263600931747051,5.700619392146056e-05,0.0,-2.0,-0.5062412189475083,-0.5062412189475083,-0.11309912854030557,-0.5665847866776801,0.0006597908819266918,1.6564247654948794e-05,-2.25,-3.0,-2.0699930068041112,-2.0699930068041112,-0.127396514161223,-1.8974352447112324,-0.005783388951721313,0.00014846543081448171,0,0
70,458.0,527.0,43911.0,151.62629688517558,151.62629688517558,22.54419934640523,192.3407943510992,0.3522977815472249,0.7346623824312796,306.0,2.0,2.0,0.35219210825258074,0.35219210825258074,0.09044117647059124,0.6909370292847825,0.0002820470454006352,-0.00012448137881715393,1.0,1.0,0.287811152634049,0.287811152634049,-0.04025054466230671,0.5732725325750323,-0.00064431304777407,-6.747518489569337e-05,2.0,0.0,-0.5522160053587584,-0.5522160053587584,0.05324074074074403,-0.41485290937458785,-0.006102658024781604,-1.7015762578509452e-05,0,0
71,455.0,519.0,43495.0,151.09311715606447,151.09311715606447,22.470152505446624,190.6647871889449,0.3473172864433363,0.7345752299221513,306.0,-3.0,-8.0,-0.5331797291111116,-0.5331797291111116,-0.07404684095860503,-1.676007162154292,-0.004980495103888594,-8.715250912827432e-05,-1.0,-6.0,-0.18098762085853082,-0.18098762085853082,0.016394335511986213,-0.9850701328695095,-0.0046984480584879584,-0.00021163388794542826,-1.0,-8.0,-0.6872288398060391,-0.6872288398060391,-0.09670479302831936,-1.5516549195471896,-0.004038657176561267,-0.00019506964029047946,0,0
72,456.0,522.5599999999977,43645.0,150.06067836063835,150.06067836063835,22.537227668845315,190.87946836633847,0.3467820025049071,0.7346208711075627,306.0,1.0,3.5599999999976717,-1.032438795426117,-1.032438795426117,0.06707516339869102,0.2146811773935724,-0.0005352839384292207,4.5641185411393614e-05,-2.0,-4.440000000002328,-1.5656185245372285,-1.5656185245372285,-0.0069716775599140135,-1.4613259847607196,-0.005515779042317814,-4.151132371688071e-05,-1.0,-3.4400000000023283,-1.2778073719031795,-1.2778073719031795,-0.04722222222222072,-0.8880534521856873,-0.006160092090091884,-0.00010898650861257408,0,0
73,454.0,523.0,44165.0,150.53371577239017,150.53371577239017,22.532189542483657,191.46153460620897,0.3474981416746467,0.7346313089327096,306.0,-2.0,0.4400000000023283,0.4730374117518181,0.4730374117518181,-0.005038126361657902,0.5820662398704997,0.0007161391697396158,1.0437825146869528e-05,-1.0,4.0,-0.5594013836742988,-0.5594013836742988,0.062037037037033116,0.796747417264072,0.00018085523131039505,5.607901055826314e-05,-2.0,-2.0,-0.7403890045328296,-0.7403890045328296,0.07843137254901933,-0.18832271560543745,-0.004517592827177563,-0.00015555487738716511,0,0
74,451.0,520.0,44682.0,150.9274194508844,150.9274194508844,22.41162854030501,190.8040015261312,0.3492207812467835,0.7345986315627503,306.0,-3.0,-3.0,0.3937036784942336,0.3937036784942336,-0.12056100217864696,-0.6575330800777692,0.0017226395721368082,-3.26773699592664e-05,-5.0,-2.5599999999976717,0.8667410902460517,0.8667410902460517,-0.12559912854030486,-0.07546684020726957,0.002438778741876424,-2.2239544812396872e-05,-7.0,-7.0,-0.6988774342911768,-0.6988774342911768,-0.13257080610021887,-1.5367928249679892,-0.0030770003004413904,-6.375086852927758e-05,0,0
75,452.0,520.4000000000015,41861.0,150.5534776098088,150.5534776098088,22.39708605664488,191.8100847098021,0.3487637982946846,0.7346337881742739,306.0,1.0,0.4000000000014552,-0.3739418410756059,-0.3739418410756059,-0.014542483660129335,1.0060831836709099,-0.0004569829520988944,3.515661152364569e-05,-2.0,-2.599999999998545,0.019761837418627692,0.019761837418627692,-0.1351034858387763,0.34855010359314065,0.0012656566200379138,2.4792415643792864e-06,-3.0,1.4000000000014552,-0.5396395462556711,-0.5396395462556711,-0.07306644880174318,1.1452975208572127,0.0014465118513483088,5.855825212264243e-05,0,0
76,456.0,527.0,41425.0,150.62228046412636,150.62228046412636,22.132843137254902,191.13431775706266,0.3475644095152061,0.7347522728583392,306.0,4.0,6.599999999998545,0.06880285431756761,0.06880285431756761,-0.2642429193899787,-0.6757669527394512,-0.0011993887794785052,0.00011848468406527868,5.0,7.0,-0.3051389867580383,-0.3051389867580383,-0.278785403050108,0.3303162309314587,-0.0016563717315773996,0.00015364129558892436,0.0,4.440000000002328,0.5616021034880134,0.5616021034880134,-0.4043845315904129,0.2548493907241891,0.0007824070102990244,0.0001314017507765275,0,0
77,455.0,527.0,41557.0,149.9074556072204,149.9074556072204,22.018736383442263,190.85598876437282,0.3448989351957603,0.7346693885092642,306.0,-1.0,0.0,-0.714824856905949,-0.714824856905949,-0.11410675381263857,-0.27832899268983624,-0.002665474319445804,-8.288434907499642e-05,3.0,6.599999999998545,-0.6460220025883814,-0.6460220025883814,-0.37834967320261725,-0.9540959454292874,-0.0038648630989243093,3.5600334990282256e-05,1.0,4.0,-0.6262601651697537,-0.6262601651697537,-0.5134531590413935,-0.6055458418361468,-0.0025992064788863956,3.807957655466154e-05,0,0
78,453.0,519.0,41941.0,149.9823411923402,149.9823411923402,21.892238562091503,191.78058233487985,0.3415504134511126,0.7347509120804032,306.0,-2.0,-8.0,0.07488558511977317,0.07488558511977317,-0.12649782135076038,0.9245935705070281,-0.0033485217446477256,8.152357113899722e-05,-3.0,-8.0,-0.6399392717861758,-0.6399392717861758,-0.24060457516339895,0.6462645778171918,-0.00601399606409353,-1.3607779359992023e-06,2.0,-1.0,-0.9450782585442141,-0.9450782585442141,-0.519389978213507,0.9765808087486505,-0.007670367795670929,0.00015228051765292516,0,0
79,453.0,523.5500000000029,41946.0,149.43601733795535,149.43601733795535,21.88254357298475,190.77450082392804,0.341757638277888,0.7349509491639978,306.0,0.0,4.55000000000291,-0.5463238543848377,-0.5463238543848377,-0.009694989106751706,-1.006081510951816,0.00020722482677543175,0.00020003708359461747,-2.0,-3.4499999999970896,-0.4714382692650645,-0.4714382692650645,-0.13619281045751208,-0.08148794044478791,-0.003141296917872294,0.0002815606547336147,1.0,3.150000000001455,-1.1174602718534459,-1.1174602718534459,-0.5145424836601293,-1.0355838858740753,-0.007006160016796603,0.00031716098972389695,0,0
80,457.0,526.0,42293.0,149.10102939171304,149.10102939171304,21.928513071895424,191.05844525440315,0.3462607960593867,0.7349290949067259,306.0,4.0,2.4499999999970896,-0.33498794624230754,-0.33498794624230754,0.04596949891067226,0.28394443047511686,0.004503157781498679,-2.1854257271969324e-05,4.0,7.0,-0.8813118006271452,-0.8813118006271452,0.03627450980392055,-0.7221370804766991,0.004710382608274111,0.00017818282632264815,1.0,-1.0,-1.521251072413321,-1.521251072413321,-0.2043300653594784,-0.07587250265950729,-0.001303613455819419,0.00017682204838664894,0,0
81,454.0,525.0,42963.0,149.24923455806,149.24923455806,21.85958605664488,190.9313594423437,0.3445826942934688,0.7349759110438279,306.0,-3.0,-1.0,0.148205166346969,0.148205166346969,-0.06892701525054434,-0.12708581205944824,-0.001678101765917872,4.68161371020015e-05,1.0,1.4499999999970896,-0.18678277989533854,-0.18678277989533854,-0.022957516339872086,0.15685861841566862,0.002825056015580807,2.4961879830032174e-05,-1.0,-2.0,-0.658221049160403,-0.658221049160403,-0.15915032679738417,0.0753706779708807,-0.00031624090229148694,0.00030652253456364686,0,0
82,454.0,526.0,41821.0,148.63556437157408,148.63556437157408,21.888099128540304,189.65814068089887,0.34171074760506587,0.7349765569555993,306.0,0.0,1.0,-0.6136701864859333,-0.6136701864859333,0.028513071895424957,-1.2732187614448378,-0.00287194668840296,6.459117714019413e-07,-3.0,0.0,-0.4654650201389643,-0.4654650201389643,-0.040413943355119386,-1.400304573504286,-0.004550048454320832,4.746204887340344e-05,1.0,7.0,-1.3467768207661095,-1.3467768207661095,-0.0041394335511988345,-2.122441653980985,0.00016033415395327877,0.00022564487519605159,0,0
83,455.0,528.0,41224.0,148.6183656531193,148.6183656531193,21.915114379084965,189.87245855029087,0.3442266960975148,0.7348973992603277,306.0,1.0,2.0,-0.017198718454778827,-0.017198718454778827,0.02701525054466103,0.21431786939200492,0.002515948492448905,-7.915769527155891e-05,1.0,3.0,-0.6308689049407121,-0.6308689049407121,0.055528322440085986,-1.0589008920528329,-0.0003559981959540548,-7.851178350015697e-05,2.0,4.44999999999709,-0.8176516848360507,-0.8176516848360507,0.0325708061002139,-0.9020422736371643,0.002469057819626752,-5.35499036701248e-05,0,0
84,457.0,528.0,41723.0,148.6805519955148,148.6805519955148,21.911056644880173,190.60069134617143,0.3452505350524369,0.7349971895124398,306.0,2.0,0.0,0.062186342395506244,0.062186342395506244,-0.004057734204792496,0.7282327958805581,0.0010238389549221405,9.979025211204196e-05,3.0,2.0,0.04498762394072742,0.04498762394072742,0.022957516339868533,0.942550665272563,0.0035397874473710456,2.063255684048304e-05,0.0,2.0,-0.4204773961982369,-0.4204773961982369,-0.017456427015250853,-0.457753908231723,-0.0010102610069497864,6.809460571388648e-05,0,0
85,454.0,524.0,42420.0,149.03281499882956,149.03281499882956,21.98641067538126,189.90881486522156,0.34566453552775656,0.734998913761837,306.0,-3.0,-4.0,0.3522630033147607,0.3522630033147607,0.07535403050108869,-0.6918764809498725,0.00041400047531964246,1.724249397261346e-06,-1.0,-4.0,0.4144493457102669,0.4144493457102669,0.07129629629629619,0.036356314930685585,0.001437839430241783,0.0001015145015093033,0.0,-1.0,-0.2164195592304452,-0.2164195592304452,0.12682461873638218,-1.0225445771221473,0.0010818412342877282,2.3002718009146328e-05,0,0
86,449.29999999999563,520.0,42335.0,148.6933330362814,148.6933330362814,21.983251633986928,190.225475138464,0.34559136702680027,0.7349732093561708,306.0,-4.700000000004366,-4.0,-0.3394819625481773,-0.3394819625481773,-0.0031590413943334283,0.31666027324243373,-7.31685009562888e-05,-2.5704405666182595e-05,-7.700000000004366,-8.0,0.012781040766583374,0.012781040766583374,0.07219498910675526,-0.3752162077074388,0.00034083197436335366,-2.398015626892125e-05,-4.700000000004366,-6.0,0.05776866470731079,0.05776866470731079,0.09515250544662379,0.5673344575651242,0.0038806194217343992,-3.3475994284382082e-06,0,0
87,456.0,522.0,43312.0,148.4839797399646,148.4839797399646,21.94861111111111,189.92521661003425,0.3432451250435113,0.7350508336927376,306.0,6.700000000004366,2.0,-0.20935329631677746,-0.20935329631677746,-0.03464052287581865,-0.30025852842973677,-0.002346241983288977,7.762433656677281e-05,2.0,-2.0,-0.5488352588649548,-0.5488352588649548,-0.037799564270152075,0.01640174481269696,-0.0024194104842452657,5.1919930900590217e-05,1.0,-6.0,-0.13438591315468784,-0.13438591315468784,0.033496732026144116,0.052758059743382546,-0.0009815710540034828,0.00015343443240989352,0,0
88,455.0,520.0,44462.0,148.9416103065182,148.9416103065182,21.953295206971678,190.26238760167507,0.34516968423431976,0.734978149529376,306.0,-1.0,-2.0,0.457630566553604,0.457630566553604,0.004684095860568505,0.3371709916408179,0.0019245591908084725,-7.268416336159156e-05,5.700000000004366,0.0,0.24827727023682655,0.24827727023682655,-0.029956427015250142,0.036912463211081104,-0.00042168279248050444,4.940173205181253e-06,-2.0,-8.0,0.2610583110034099,0.2610583110034099,0.042238562091505116,-0.3383037444963577,-8.085081811715078e-05,-1.9039983063739996e-05,0,0
89,457.0,526.0,44408.0,148.46589507373574,148.46589507373574,21.890659041394333,189.96371893807506,0.3449894345310946,0.7349966959236494,306.0,2.0,6.0,-0.47571523278247696,-0.47571523278247696,-0.06263616557734508,-0.29866866360001154,-0.00018024970322516598,1.854639427334437e-05,1.0,4.0,-0.018084666228872948,-0.018084666228872948,-0.05795206971677658,0.03850232804080633,0.0017443094875833065,-5.413776908824719e-05,3.0,2.0,-0.5669199250938277,-0.5669199250938277,-0.09575163398692865,0.054904072853503294,-0.0006751009966619592,-2.217838187656973e-06,0,0
90,456.0,517.0,43768.0,149.31963818847404,149.31963818847404,22.396595860566446,188.45907752196905,0.3456131884590937,0.7349728509491565,306.0,-1.0,-9.0,0.8537431147383074,0.8537431147383074,0.5059368191721134,-1.5046414161060113,0.0006237539279991267,-2.3844974492814863e-05,1.0,-3.0,0.3780278819558305,0.3780278819558305,0.44330065359476833,-1.8033100797060229,0.0004435042247739607,-5.2985802194704945e-06,6.700000000004366,-3.0,0.626305152192657,0.626305152192657,0.4133442265795182,-1.7663976164949418,2.1821432293456233e-05,-3.584070142892415e-07,0,0
91,452.0,520.0,44304.0,147.2257350897108,147.2257350897108,22.128703703703703,187.912797194962,0.3442785807377411,0.7350477506132687,306.0,-4.0,3.0,-2.093903098763235,-2.093903098763235,-0.26789215686274304,-0.5462803270070538,-0.001334607721352632,7.48996641121158e-05,-5.0,-6.0,-1.2401599840249276,-1.2401599840249276,0.23804466230937038,-2.050921743113065,-0.0007108537933535053,5.105468961930093e-05,-4.0,-2.0,-1.2582446502538005,-1.2582446502538005,0.1800925925925938,-2.0124194150722587,0.0010334556942298012,-3.0830794689462593e-06,0,0
92,458.0,526.0,42251.0,147.44558352688168,147.44558352688168,21.82976579520697,188.4919493966598,0.34245329078025827,0.7349125918220071,306.0,6.0,6.0,0.21984843717086733,0.21984843717086733,-0.2989379084967325,0.5791522016978092,-0.001825289957482823,-0.00013515879126158037,2.0,9.0,-1.8740546615923677,-1.8740546615923677,-0.5668300653594756,0.032871874690755476,-0.003159897678835455,-6.0259127149464575e-05,3.0,6.0,-1.4960267796365372,-1.4960267796365372,-0.12352941176470722,-1.7704382050152674,-0.0027163934540614942,-6.555770736893507e-05,0,0
93,460.0,525.0,39951.0,147.01435803190157,147.01435803190157,21.86988017429194,188.90585329880489,0.34235409244532744,0.7349569143033495,306.0,2.0,-1.0,-0.43122549498011153,-0.43122549498011153,0.04011437908496873,0.4139039021450799,-9.919833493082786e-05,4.4322481342451425e-05,8.0,5.0,-0.2113770578092442,-0.2113770578092442,-0.2588235294117638,0.9930561038428891,-0.0019244882924136508,-9.083630991912894e-05,3.0,-1.0,-1.4515370418341718,-1.4515370418341718,-0.020778867102393406,-1.057865639270176,-0.002635342085767156,-3.978162029982801e-05,0,0
94,459.0,525.0,39876.0,147.7279551834085,147.7279551834085,21.87175925925926,191.08004488497008,0.34221389742239317,0.7349479977601494,306.0,-1.0,0.0,0.7135971515069457,0.7135971515069457,0.001879084967320921,2.1741915861651933,-0.00014019502293427522,-8.916543200121474e-06,1.0,-1.0,0.28237165652683416,0.28237165652683416,0.04199346405228965,2.588095488310273,-0.00023939335786510307,3.540593814232995e-05,3.0,8.0,-1.5916830050655335,-1.5916830050655335,-0.5248366013071859,2.6209673630010286,-0.003399291036700558,-2.4853189007134624e-05,0,0
95,464.0,529.0,40239.0,148.7075072306372,148.7075072306372,21.94248366013072,190.68108082029798,0.3436934277995422,0.7348825230317957,306.0,5.0,4.0,0.9795520472286796,0.9795520472286796,0.07072440087145893,-0.3989640646721,0.001479530377149041,-6.547472835372048e-05,4.0,4.0,1.6931491987356253,1.6931491987356253,0.07260348583877985,1.7752275214930933,0.0013393353542147657,-7.439127155384195e-05,12.0,9.0,1.481772140926381,1.481772140926381,-0.18622004357298394,2.7682836253359824,-0.0005851529381988851,-0.0001652275814729709,0,0
96,462.0,527.0,40780.0,149.0336453497369,149.0336453497369,22.006862745098037,190.66585321620747,0.3413376911708702,0.7349836257548114,306.0,-2.0,-2.0,0.3261381190997099,0.3261381190997099,0.06437908496731737,-0.015227604090512159,-0.0023557366286720005,0.00010110272301566692,3.0,2.0,1.3056901663283895,1.3056901663283895,0.1351034858387763,-0.41419166876261215,-0.0008762062515229596,3.562799466194644e-05,4.0,1.0,1.5880618228552237,1.5880618228552237,0.17709694989106595,2.173903819547661,-0.0011155996093880627,7.103393280427639e-05,0,0
97,465.0,534.0,40809.0,149.69788810201163,149.69788810201163,22.101688453159042,192.39356504016087,0.3452148330073653,0.7348872068660711,306.0,3.0,7.0,0.6642427522747312,0.6642427522747312,0.09482570806100554,1.727711823953399,0.0038771418364950683,-9.641888874023508e-05,1.0,5.0,0.9903808713744411,0.9903808713744411,0.1592047930283229,1.712484219862887,0.0015214052078230678,4.683834275431842e-06,5.0,9.0,2.6835300701100664,2.6835300701100664,0.23180827886710276,3.48771174135598,0.0028607405620378334,-6.970743727841011e-05,0,0
98,467.0,538.0,41137.0,150.79302839042074,150.79302839042074,22.2354302832244,191.26702362724058,0.34566689408860135,0.7348807921596602,306.0,2.0,4.0,1.0951402884091124,1.0951402884091124,0.13374183006535745,-1.1265414129202895,0.000452061081236077,-6.4147064109398855e-06,5.0,11.0,1.7593830406838435,1.7593830406838435,0.228567538126363,0.6011704110331095,0.004329202917731145,-0.00010283359515117496,8.0,13.0,3.065073207012233,3.065073207012233,0.3636710239651393,0.18697874227049738,0.0034529966662081857,-6.720560048922852e-05,0,0
99,466.0,526.0,41055.0,149.89958808882452,149.89958808882452,22.326062091503267,192.29321685930154,0.34502694259544414,0.734934436339958,306.0,-1.0,-12.0,-0.8934403015962289,-0.8934403015962289,0.09063180827886796,1.0261932320609617,-0.0006399514931572092,5.364418029785156e-05,1.0,-8.0,0.20169998681288348,0.20169998681288348,0.2243736383442254,-0.10034818085932784,-0.0001878904119211322,4.722947388691168e-05,2.0,-3.0,1.1920808581873246,1.1920808581873246,0.3835784313725483,1.612136039003559,0.0013335147959019356,5.191330816234352e-05,0,1
100,469.0,539.0,41685.0,151.48035199499478,151.48035199499478,22.555664488017428,193.77159371624316,0.34612072658958437,0.7349327872781193,306.0,3.0,13.0,1.5807639061702616,1.5807639061702616,0.22960239651416003,1.4783768569416225,0.0010937839941402294,-1.6490618387487999e-06,2.0,1.0,0.6873236045740327,0.6873236045740327,0.320234204793028,2.504570089002584,0.0004538325009830202,5.199511845910276e-05,7.0,12.0,2.4467066452578763,2.4467066452578763,0.548801742919391,3.1057405000356937,0.0047830354187141655,-5.08384766920722e-05,1,1
101,469.0,542.0,42336.0,152.3741562160674,152.3741562160674,22.62698801742919,193.46238292745292,0.3460940667296813,0.7348745858747195,306.0,0.0,3.0,0.893804221072628,0.893804221072628,0.07132352941176379,-0.30921078879023867,-2.665985990307762e-05,-5.8201403399738005e-05,3.0,16.0,2.4745681272428897,2.4745681272428897,0.3009259259259238,1.1691660681513838,0.0010671241342371518,-5.9850465238486805e-05,4.0,8.0,2.676268114055773,2.676268114055773,0.5252995642701492,1.068817887292056,0.0008792337223160196,-1.2620991351575128e-05,1,0
102,463.0,531.0,42490.0,152.33315885566557,152.33315885566557,22.801470588235293,193.94890682886583,0.34554981644505867,0.7348847821647045,306.0,-6.0,-11.0,-0.040997360401831884,-0.040997360401831884,0.1744825708061022,0.4865239014129088,-0.0005442502846226271,1.019628998499833e-05,-6.0,-8.0,0.8528068606707961,0.8528068606707961,0.24580610021786597,0.17731311262267013,-0.0005709101445257048,-4.8005113414739675e-05,-4.0,-7.0,1.5401304652448289,1.5401304652448289,0.566040305010894,2.6818832016252543,-0.00011707764354268457,3.9900050443630874e-06,0,0
103,467.0,533.0,42750.0,152.88054441140238,152.88054441140238,22.734531590413944,194.31625494096147,0.3466553498562237,0.7348769716188019,306.0,4.0,2.0,0.5473855557368097,0.5473855557368097,-0.06693899782134949,0.367348112095641,0.0011055334111650383,-7.810545902597887e-06,-2.0,-9.0,0.5063881953349778,0.5063881953349778,0.1075435729847527,0.8538720135085498,0.0005612831265424112,2.3857440824004428e-06,1.0,7.0,2.9809563225778675,2.9809563225778675,0.4084694989106765,2.0230380816599336,0.001628407260779563,-5.746472115608636e-05,0,0
104,466.0,535.0,42876.0,153.1220009387635,153.1220009387635,22.796160130718953,194.33000849232408,0.3487628274197426,0.7348932343370774,306.0,-1.0,2.0,0.2414565273611231,0.2414565273611231,0.06162854030500853,0.013753551362611915,0.0021074775635189225,1.6262718275483756e-05,3.0,4.0,0.7888420830979328,0.7888420830979328,-0.005310457516340961,0.3811016634582529,0.003213010974683961,8.452172372885869e-06,-3.0,-4.0,1.641648943768729,1.641648943768729,0.24049564270152501,0.558414776080923,0.002642100830158256,-3.9552941041853806e-05,0,1
105,474.0,542.0,43987.0,153.94268771375704,153.94268771375704,22.941203703703703,196.0271922888662,0.3525957832332801,0.7349722116601234,306.0,8.0,7.0,0.8206867749935327,0.8206867749935327,0.14504357298475057,1.697183796542106,0.0038329558135374864,7.897732304595895e-05,7.0,9.0,1.0621433023546558,1.0621433023546558,0.2066721132897591,1.7109373479047179,0.005940433377056409,9.52400413214427e-05,5.0,0.0,1.5685314976896336,1.5685314976896336,0.3142156862745118,2.5648093614132677,0.00650171650359882,9.762578540384315e-05,1,0
106,467.0,537.0,43629.0,154.43352648443232,154.43352648443232,23.02962962962963,195.33983996007703,0.3522269852177391,0.7349408635126999,306.0,-7.0,-5.0,0.4908387706752819,0.4908387706752819,0.08842592592592524,-0.6873523287891601,-0.00036879801554101643,-3.1348147423448935e-05,1.0,2.0,1.3115255456688146,1.3115255456688146,0.2334694989106758,1.0098314677529459,0.00346415779799647,4.762917562251001e-05,4.0,6.0,2.1003676287667474,2.1003676287667474,0.22815904139433485,1.3909331312111988,0.006677168772680431,5.608134799539588e-05,0,0
107,469.0,537.0,43404.0,154.62333022208315,154.62333022208315,23.0807734204793,196.31354219433976,0.35037249991068153,0.73487292161954,306.0,2.0,0.0,0.18980373765083414,0.18980373765083414,0.05114379084967169,0.9737022342627313,-0.0018544853070575629,-6.79418931599507e-05,-5.0,-5.0,0.6806425083261161,0.6806425083261161,0.13956971677559693,0.2863499054735712,-0.0022232833225985793,-9.929004058339963e-05,2.0,4.0,1.7427858106807719,1.7427858106807719,0.346241830065356,1.997287253378289,0.0037171500544578295,-4.049999261956927e-06,0,0
108,469.0,536.8199999999997,43019.0,155.42185934320588,155.42185934320588,23.156372549019608,195.26952545118402,0.3525010512727205,0.7350319004526326,306.0,0.0,-0.18000000000029104,0.7985291211227263,0.7985291211227263,0.0755991285403077,-1.044016743155737,0.0021285513620389884,0.00015897883309257121,2.0,-0.18000000000029104,0.9883328587735605,0.9883328587735605,0.1267429193899794,-0.07031450889300572,0.00027406605498142556,9.103693993262052e-05,3.0,1.819999999999709,2.299858404442375,2.299858404442375,0.3602124183006552,0.9395169588599401,0.0037382238529778955,0.00013866611555513053,0,1
109,473.0,541.0,43836.0,154.4134016144603,154.4134016144603,23.19485294117647,194.8294446421079,0.34968977854126354,0.7351755866038254,306.0,4.0,4.180000000000291,-1.008457728745583,-1.008457728745583,0.038480392156863275,-0.4400808090761359,-0.002811272731456982,0.00014368615119286776,4.0,4.0,-0.2099286076228566,-0.2099286076228566,0.11407952069717098,-1.484097552231873,-0.0006827213694179934,0.000302664984285439,-1.0,-1.0,0.47071390070325947,0.47071390070325947,0.2536492374727679,-1.1977476467583017,-0.0029060046920165727,0.00020337494370203935,1,1
110,471.0,539.0,43847.0,154.91596428364952,154.91596428364952,23.312472766884532,196.1904387800901,0.34944757334032234,0.7351594824416965,306.0,-2.0,-2.0,0.5025626691892171,0.5025626691892171,0.1176198257080614,1.3609941379822033,-0.00024220520094120346,-1.610416212893817e-05,2.0,2.180000000000291,-0.5058950595563658,-0.5058950595563658,0.15610021786492467,0.9209133289060674,-0.0030534779323981853,0.0001275819890639296,4.0,2.0,0.48243779921719465,0.48243779921719465,0.28284313725490406,0.8505988200130616,-0.0027794118774167598,0.0002186189289965501,1,0
111,466.0,535.0,43408.0,156.25979307746798,156.25979307746798,23.17600762527233,196.63634818773596,0.352502394559309,0.735166988341637,306.0,-5.0,-4.0,1.34382879381846,1.34382879381846,-0.13646514161220225,0.44590940764587117,0.0030548212189866475,7.505899940474237e-06,-7.0,-6.0,1.8463914630076772,1.8463914630076772,-0.018845315904140847,1.8069035456280744,0.002812616018045444,-8.598262188463934e-06,-3.0,-2.0,1.6364628553848206,1.6364628553848206,0.09523420479303013,0.32280599339620153,0.0021298946486274506,0.00029406672209697504,0,0
112,466.0,533.0,43581.0,154.92925925112053,154.92925925112053,23.01143790849673,194.85885384008355,0.3511112472766677,0.7351807445482491,306.0,0.0,-2.0,-1.3305338263474482,-1.3305338263474482,-0.16456971677559906,-1.7774943476524072,-0.0013911472826412807,1.3756206612147714e-05,-5.0,-6.0,0.013294967471011887,0.013294967471011887,-0.3010348583878013,-1.331584940006536,0.0016636739363453668,2.126210655262195e-05,-3.0,-3.819999999999709,-0.49260009208535394,-0.49260009208535394,-0.14493464052287663,-0.4106716111004687,-0.0013898039960528186,0.00014884409561655154,0,0
113,466.0,532.0,42606.0,154.45914197374142,154.45914197374142,22.900871459694986,195.60238847429304,0.3477039419935543,0.7350977655329736,306.0,0.0,-1.0,-0.4701172773791029,-0.4701172773791029,-0.1105664488017446,0.7435346342094817,-0.003407305283113393,-8.297901527554163e-05,0.0,-3.0,-1.8006511037265511,-1.8006511037265511,-0.27513616557734366,-1.0339597134429255,-0.004798452565754674,-6.922280866339392e-05,-7.0,-9.0,0.045740359281126075,0.045740359281126075,-0.2939814814814845,0.772943832185149,-0.00198583654770923,-7.782107085185785e-05,0,0
114,468.0,536.0,42132.0,154.3243125018376,154.3243125018376,22.935239651416122,195.19143365187486,0.34728068185212313,0.7352352068315144,306.0,2.0,4.0,-0.13482947190382788,-0.13482947190382788,0.03436819172113559,-0.4109548224181765,-0.00042326014143118096,0.0001374412985408746,2.0,3.0,-0.6049467492829308,-0.6049467492829308,-0.07619825708060901,0.33257981179130525,-0.003830565424544574,5.446228326533298e-05,-3.0,-3.0,-0.5916517818119189,-0.5916517818119189,-0.3772331154684103,-0.9990051282152308,-0.0021668914881992074,7.572438981795493e-05,0,0
115,469.15000000000146,536.0,42358.0,154.01343563757166,154.01343563757166,22.930010893246187,195.37124305459164,0.3493118111123431,0.7352048415763706,306.0,1.1500000000014552,0.0,-0.31087686426593564,-0.31087686426593564,-0.005228758169934622,0.17980940271678492,0.002031129260219977,-3.0365255143882663e-05,3.150000000001455,4.0,-0.4457063361697635,-0.4457063361697635,0.029139433551200966,-0.23114541970139157,0.0016078691187887961,0.00010707604339699195,3.150000000001455,1.0,-2.2463574398963146,-2.2463574398963146,-0.2459967320261427,-1.265105133144317,-0.003190583446965878,3.785323473359803e-05,0,0
116,468.0,533.0,42622.0,155.41052401671496,155.41052401671496,22.725599128540303,196.31647172420216,0.34762508938511,0.7351721478443519,306.0,-1.1500000000014552,-3.0,1.3970883791432982,1.3970883791432982,-0.20441176470588474,0.9452286696105148,-0.0016867217272331092,-3.2693732018640453e-05,0.0,-3.0,1.0862115148773626,1.0862115148773626,-0.20964052287581936,1.1250380723272997,0.0003444075329868679,-6.305898716252312e-05,2.0,0.0,0.48126476559443176,0.48126476559443176,-0.28583877995642837,1.457617884118605,-0.0034861578915577063,-8.596703897190139e-06,0,0
117,466.0,530.0,42682.0,154.0242366387482,154.0242366387482,22.69858387799564,195.78699566526618,0.3455700687690392,0.7351936098017724,306.0,-2.0,-3.0,-1.3862873779667666,-1.3862873779667666,-0.02701525054466103,-0.5294760589359839,-0.002055020616070824,2.146195742047663e-05,-3.150000000001455,-6.0,0.0108010011765316,0.0108010011765316,-0.23142701525054576,0.41575261067453084,-0.003741742343303933,-1.1231774598163824e-05,0.0,-2.0,-0.4349053349932319,-0.4349053349932319,-0.2022875816993448,0.18460719097313927,-0.002133873224515137,9.584426879882812e-05,0,0
118,463.0,528.0,43050.0,154.23605991708618,154.23605991708618,22.720615468409587,195.76500649300087,0.3458079705176494,0.7352061092463973,306.0,-3.0,-2.0,0.21182327833798809,0.21182327833798809,0.022031590413945423,-0.02198917226530739,0.00023790174861021418,1.2499444624891609e-05,-5.0,-5.0,-1.1744640996287785,-1.1744640996287785,-0.004983660130715606,-0.5514652312012913,-0.0018171188674606098,3.396140204536824e-05,-5.0,-8.0,-0.08825258475141595,-0.08825258475141595,-0.21462418300653496,0.5735728411260084,-0.001472711334473742,-2.9097585117154878e-05,0,0
119,461.0,531.3099999999977,43070.0,154.63789203336046,154.63789203336046,22.714787581699344,194.98630252885405,0.3434462933963618,0.7351648776359807,306.0,-2.0,3.3099999999976717,0.40183211627427795,0.40183211627427795,-0.005827886710243035,-0.7787039641468141,-0.0023616771212875975,-4.123161041658108e-05,-5.0,1.3099999999976717,0.613655394612266,0.613655394612266,0.016203703703702388,-0.8006931364121215,-0.0021237753726773834,-2.8732165791689468e-05,-8.150000000001455,-4.690000000002328,0.6244563957887976,0.6244563957887976,-0.21522331154684338,-0.38494052573759063,-0.0058655177159813165,-3.996394038985329e-05,0,0
120,466.0,531.0,43694.0,153.98051244374423,153.98051244374423,22.61571350762527,196.49764186398681,0.34653877919220866,0.7352062031334522,306.0,5.0,-0.3099999999976717,-0.6573795896162267,-0.6573795896162267,-0.09907407407407476,1.5113393351327602,0.0030924857958468666,4.132549747148939e-05,3.0,3.0,-0.2555474733419487,-0.2555474733419487,-0.1049019607843178,0.7326353709859461,0.000730808674559269,9.388705490831484e-08,-2.0,-2.0,-1.4300115729707272,-1.4300115729707272,-0.1098856209150334,0.1811701397846548,-0.0010863101929013408,3.4055289100276553e-05,0,0
121,465.0,537.0,43231.0,154.746758132403,154.746758132403,22.47946623093682,194.97850491914906,0.3457164190016142,0.735175169371312,306.0,-1.0,6.0,0.7662456886587563,0.7662456886587563,-0.13624727668845082,-1.5191369448377543,-0.0008223601905944511,-3.103376214019793e-05,4.0,5.690000000002328,0.10886609904252964,0.10886609904252964,-0.23532135076252558,-0.007797609704994102,0.0022701256052524155,1.0291735331291463e-05,-1.0,7.0,0.7225214936547957,0.7225214936547957,-0.2191176470588232,-0.8084907461171156,0.0001463502325750321,-1.8440430460398005e-05,0,0
122,466.0,533.0,41550.0,153.5490400288234,153.5490400288234,22.536410675381262,195.60683754276235,0.3411918035737555,0.7351058183931837,306.0,1.0,-4.0,-1.1977181035795752,-1.1977181035795752,0.056944444444443576,0.6283326236132893,-0.0045246154278587025,-6.935097812832414e-05,0.0,2.0,-0.4314724149208189,-0.4314724149208189,-0.07930283224400725,-0.890804321224465,-0.005346975618453154,-0.00010038474026852207,3.0,5.0,-0.6870198882627676,-0.6870198882627676,-0.18420479302832504,-0.15816895023851885,-0.004616166943893885,-0.00010029085321361375,0,0
123,465.0,537.0,40293.0,153.70106023585294,153.70106023585294,22.39093137254902,194.50843525908283,0.34505585294246066,0.7351082123182957,306.0,-1.0,4.0,0.15202020702952268,0.15202020702952268,-0.14547930283224275,-1.098402283679519,0.003864049368705158,2.3939251120319582e-06,0.0,0.0,-1.0456978965500525,-1.0456978965500525,-0.08853485838779918,-0.47006966006622974,-0.0006605660591535445,-6.695705301629218e-05,4.0,5.690000000002328,-0.9368317975075229,-0.9368317975075229,-0.32385620915032476,-0.47786726977122385,0.001609559546098871,-5.6665317685000716e-05,0,0
124,465.0,533.0,39927.0,152.82979813503877,152.82979813503877,22.100054466230937,195.2867827685274,0.34069466949218014,0.7351547374444849,306.0,0.0,-4.0,-0.8712621008141639,-0.8712621008141639,-0.2908769063180827,0.7783475094445578,-0.004361183450280526,4.652512618918969e-05,-1.0,0.0,-0.7192418937846412,-0.7192418937846412,-0.43635620915032547,-0.3200547742349613,-0.0004971340815753678,4.891905130122165e-05,-1.0,2.0,-1.15071430870546,-1.15071430870546,-0.5156590413943327,-1.2108590954594263,-0.005844109700028521,-5.1465688967300416e-05,0,0
125,468.0,534.0,40211.0,153.014777225864,153.014777225864,22.146514161220043,195.9122992403158,0.34342595939037734,0.735108384119919,306.0,3.0,1.0,0.18497909082523734,0.18497909082523734,0.04645969498910674,0.6255164717884156,0.002731289898197209,-4.6353324565928666e-05,3.0,-3.0,-0.6862830099889266,-0.6862830099889266,-0.24441721132897598,1.4038639812329734,-0.0016298935520833169,1.7180162326102533e-07,3.0,-3.0,-1.731980906538979,-1.731980906538979,-0.33295206971677516,0.9337943211667437,-0.0022904596112368614,-6.678525139303115e-05,0,0
126,466.0,530.0,39991.0,153.77319020195392,153.77319020195392,21.977995642701526,195.73027916240815,0.34404706439835764,0.7351295764929329,306.0,-2.0,-4.0,0.7584129760899145,0.7584129760899145,-0.16851851851851762,-0.1820200779076515,0.0006211050079802938,2.1192373013900756e-05,1.0,-3.0,0.9433920669151519,0.9433920669151519,-0.12205882352941089,0.4434963938807641,0.0033523949061775027,-2.516095155202791e-05,0.0,-3.0,0.22415017313051067,0.22415017313051067,-0.5584150326797364,0.1234416196458028,0.002855260824602135,2.375809974919374e-05,0,0
127,467.0,535.0,39874.0,153.78236688359377,153.78236688359377,21.925925925925924,195.62890244594175,0.34560724423961175,0.7351143325076384,306.0,1.0,5.0,0.00917668163984331,0.00917668163984331,-0.052069716775601904,-0.10137671646640456,0.0015601798412541168,-1.5243985294510765e-05,-1.0,1.0,0.7675896577297578,0.7675896577297578,-0.22058823529411953,-0.28339679437405607,0.0021812848492344106,5.9483877193899914e-06,2.0,-2.0,0.0813066477408313,0.0813066477408313,-0.4650054466230955,1.1204671868589173,0.0005513912971510937,6.120189342651017e-06,0,0
128,464.0,531.0,39040.0,152.53134258968558,152.53134258968558,21.67690631808279,195.61356951418827,0.3382034302562631,0.7349930460156958,306.0,-3.0,-4.0,-1.2510242939081877,-1.2510242939081877,-0.2490196078431346,-0.015332931753476942,-0.007403813983348662,-0.00012128649194254049,-2.0,1.0,-1.2418476122683444,-1.2418476122683444,-0.3010893246187365,-0.1167096482198815,-0.005843634142094545,-0.00013653047723705125,-1.0,-2.0,-0.2984555453531925,-0.2984555453531925,-0.4231481481481474,0.3267867456608826,-0.002491239235917042,-0.00016169142878907916,0,0
129,468.0,534.0,38998.0,152.30894608180057,152.30894608180057,21.562726757369614,195.1584312984514,0.3387662798547494,0.7351617014486026,306.0,4.0,3.0,-0.22239650788500853,-0.22239650788500853,-0.11417956071317548,-0.4551382157368664,0.0005628495984862925,0.00016865543290678353,1.0,-1.0,-1.4734208017931962,-1.4734208017931962,-0.36319916855631007,-0.47047114749034336,-0.006840964384862369,4.7368940964243045e-05,0.0,0.0,-0.7058311440634384,-0.7058311440634384,-0.5837874038504296,-0.7538679418643994,-0.0046596795356279586,5.3317328683633036e-05,0,0
130,466.0,538.0,38693.0,152.3756076090646,152.3756076090646,21.61745642701525,194.77137073411177,0.3376334345948135,0.7350596871251375,306.0,-2.0,4.0,0.0666615272640172,0.0666615272640172,0.05472966964563497,-0.38706056433963454,-0.0011328452599358996,-0.00010201432346512718,2.0,7.0,-0.15573498062099134,-0.15573498062099134,-0.059449891067540506,-0.842198780076501,-0.0005699956614496071,6.664110944165635e-05,0.0,8.0,-1.3975825928893357,-1.3975825928893357,-0.360539215686277,-0.9589084282963825,-0.006413629803544152,-6.98893677953949e-05,0,0
131,462.0,528.0,38610.0,151.44151028897707,151.44151028897707,21.59155773420479,194.4115388579585,0.33425112175809124,0.7350146283511243,306.0,-4.0,-10.0,-0.9340973200875169,-0.9340973200875169,-0.025898692810457646,-0.3598318761532653,-0.0033823128367222455,-4.50587740131736e-05,-6.0,-6.0,-0.8674357928234997,-0.8674357928234997,0.028830976835177324,-0.7468924404928998,-0.004515158096658145,-0.00014707309747830077,-5.0,-7.0,-2.340856594616696,-2.340856594616696,-0.33436819172113275,-1.2173635879832432,-0.011356122481520514,-9.970415651405773e-05,0,0
132,459.0,530.0,38546.0,151.76044201331248,151.76044201331248,21.556944444444444,195.32272056175538,0.3357570725324302,0.7350815476155749,306.0,-3.0,2.0,0.31893172433541395,0.31893172433541395,-0.0346132897603475,0.9111817037968706,0.00150595077433896,6.691926445057117e-05,-7.0,-8.0,-0.615165595752103,-0.615165595752103,-0.060511982570805145,0.5513498276436053,-0.0018763620623832855,2.1860490437397573e-05,-5.0,-1.0,-0.7709005763730943,-0.7709005763730943,-0.11996187363834565,-0.29084895243289566,-0.0024463577238328926,8.850159987905393e-05,0,0
133,459.0,529.9700000000012,38804.0,151.91734233851363,151.91734233851363,21.587881263616556,195.2485063099815,0.33659596919807067,0.7351182060304031,306.0,0.0,-0.029999999998835847,0.15690032520114983,0.15690032520114983,0.030936819172111996,-0.07421425177386709,0.0008388966656404651,3.665841482825005e-05,-3.0,1.9700000000011642,0.4758320495365638,0.4758320495365638,-0.003676470588235503,0.8369674520230035,0.002344847439979425,0.00010357767927882122,-9.0,-4.029999999998836,-0.3916037432869359,-0.3916037432869359,0.02515450624694182,0.09007501153010367,-0.00217031065667872,-4.349541819947955e-05,0,0
134,462.0,533.0,38331.0,152.64195846345592,152.64195846345592,21.633469498910674,195.301048723275,0.3375484118851878,0.7350507366891,306.0,3.0,3.029999999998836,0.7246161249422869,0.7246161249422869,0.04558823529411882,0.052542413293480195,0.0009524426871171388,-6.746934130308357e-05,3.0,3.0,0.8815164501434367,0.8815164501434367,0.07652505446623081,-0.021671838480386896,0.0017913393527576038,-3.081092647483352e-05,-4.0,-5.0,0.26635085439133377,0.26635085439133377,0.016013071895425668,0.5296779891632184,-8.50227096256817e-05,-8.95043603743595e-06,0,0
135,463.0,533.0,36771.0,152.2053244841381,152.2053244841381,21.70049019607843,195.5957130872,0.3369190530639721,0.7350653199588552,306.0,1.0,0.0,-0.43663397931783265,-0.43663397931783265,0.06702069716775583,0.2946643639250226,-0.0006293588212157308,1.4583269755119588e-05,4.0,3.029999999998836,0.28798214562445423,0.28798214562445423,0.11260893246187464,0.3472067772185028,0.0003230838659014079,-5.2886071547963986e-05,1.0,5.0,0.763814195161018,0.763814195161018,0.10893246187363914,1.1841742292415063,0.002667931305880833,5.0691607730857235e-05,0,0
136,460.0,531.0,37115.0,152.10255599410942,152.10255599410942,21.495588235294118,194.87942173467636,0.3392560883871401,0.7350750631756253,306.0,-3.0,-2.0,-0.10276849002866584,-0.10276849002866584,-0.2049019607843121,-0.7162913525236547,0.002337035323168035,9.743216770163876e-06,-2.0,-2.0,-0.5394024693464985,-0.5394024693464985,-0.13788126361655628,-0.4216269885986321,0.0017076765019523044,2.4326486525283464e-05,1.0,1.0,0.3421139807969382,0.3421139807969382,-0.06135620915032547,-0.443298827079019,0.003499015854709908,-6.484439949550058e-06,0,0
137,458.0,533.0,37252.0,151.30410130364064,151.30410130364064,21.480337690631806,195.03046033439364,0.3338026822500422,0.7350724323902255,306.0,-2.0,2.0,-0.7984546904687875,-0.7984546904687875,-0.015250544662311682,0.15103859971728184,-0.005453406137097883,-2.6307853998597253e-06,-5.0,0.0,-0.9012231804974533,-0.9012231804974533,-0.2201525054466238,-0.5652527528063729,-0.0031163708139298474,7.112431370304151e-06,-1.0,3.029999999998836,-0.6132410348729991,-0.6132410348729991,-0.10754357298474915,-0.2180459755878701,-0.0027932869480284395,-4.5773640177659836e-05,0,1
138,463.0,541.0,36485.0,151.8145924770883,151.8145924770883,21.370261437908493,195.01447949458708,0.33549028653079893,0.7351912556130902,306.0,5.0,8.0,0.5104911734476616,0.5104911734476616,-0.11007625272331367,-0.015980839806559288,0.0016876042807567049,0.0001188232228647168,3.0,10.0,-0.2879635170211259,-0.2879635170211259,-0.12532679738562535,0.13505775991072255,-0.0037658018563411777,0.00011619243746485708,1.0,8.0,-0.8273659863676244,-0.8273659863676244,-0.26320806100218164,-0.28656922868790957,-0.0020581253543888733,0.00014051892399014054,1,0
139,461.0,527.0,36788.0,150.59913864058126,150.59913864058126,21.413834422657953,194.87367883718878,0.33365807738625614,0.7352950908000173,306.0,-2.0,-14.0,-1.215453836507038,-1.215453836507038,0.04357298474945992,-0.1408006573983016,-0.0018322091445427957,0.000103835186927137,3.0,-6.0,-0.7049626630593764,-0.7049626630593764,-0.06650326797385375,-0.1567814972048609,-0.00014460486378609083,0.0002226584097918538,-2.0,-6.0,-1.6061858435568297,-1.6061858435568297,-0.28665577342047754,-0.7220342500112338,-0.003260975677715938,0.00022977084116215796,0,0
140,464.0,532.0,37213.0,151.86458832390883,151.86458832390883,21.489978213507626,195.50915119266523,0.3356513026381637,0.7352913871310116,306.0,3.0,5.0,1.2654496833275743,1.2654496833275743,0.07614379084967382,0.6354723554764519,0.0019932252519075377,-3.703669005705734e-06,1.0,-9.0,0.04999584682053637,0.04999584682053637,0.11971677559913374,0.49467169807815026,0.00016101610736474203,0.00010013151792143127,4.0,1.0,-0.2379676702005895,-0.2379676702005895,-0.005610021786491615,0.6297294579888728,-0.0036047857489764357,0.00021632395538628835,0,0
141,461.0,533.0,36932.0,151.3627948135407,151.3627948135407,21.269090413943353,194.89364468475011,0.3368314723501395,0.7353806351524552,306.0,-3.0,1.0,-0.5017935103681452,-0.5017935103681452,-0.22088779956427373,-0.6155065079151143,0.0011801697119758203,8.924802144361088e-05,0.0,6.0,0.7636561729594291,0.7636561729594291,-0.14474400871459991,0.01996584756133757,0.003173394963883358,8.554435243790515e-05,3.0,0.0,0.05869350990005273,0.05869350990005273,-0.21124727668845367,-0.13681564964352333,0.0030287901000972672,0.00030820276222975895,0,0
142,460.0,530.0,37355.0,151.14421067001902,151.14421067001902,21.201715686274508,195.8573395710344,0.3426499386082611,0.7354492525649227,306.0,-1.0,-3.0,-0.21858414352166733,-0.21858414352166733,-0.06737472766884522,0.9636948862842871,0.005818466258121602,6.861741246744213e-05,-4.0,-2.0,-0.7203776538898126,-0.7203776538898126,-0.28826252723311896,0.3481883783691728,0.006998635970097422,0.000157865433911053,-3.0,-11.0,-0.6703818070692762,-0.6703818070692762,-0.16854575163398522,0.8428600764473231,0.007159652077462164,0.0002579969518324843,0,0
143,457.0,523.0,37359.0,151.7161978524342,151.7161978524342,21.258088235294117,195.16068843030337,0.34032633845568244,0.735399933422313,306.0,-3.0,-7.0,0.571987182415171,0.571987182415171,0.05637254901960986,-0.696651140731035,-0.002323600152578653,-4.931914260963843e-05,-4.0,-10.0,0.35340303889350366,0.35340303889350366,-0.011002178649235361,0.26704374555325217,0.0034948661055429486,1.9298269857803696e-05,-4.0,-4.0,1.1170592118529328,1.1170592118529328,-0.15574618736383528,0.28700959311458973,0.006668261069426307,0.00010484262229570884,0,0
144,461.0,527.0,37367.0,150.87444178247162,150.87444178247162,21.109613289760347,194.49104422440993,0.3362879157478104,0.7355458810438518,306.0,4.0,4.0,-0.841756069962571,-0.841756069962571,-0.1484749455337706,-0.6696442058934338,-0.004038422707872025,0.00014594762153874452,1.0,-3.0,-0.2697688875474,-0.2697688875474,-0.09210239651416074,-1.3662953466244687,-0.006362022860450678,9.662847892910609e-05,-3.0,-5.0,-0.9901465414372126,-0.9901465414372126,-0.3803649237472797,-1.018106968255296,0.0006366131096467442,0.0002544939128401591,0,0
145,462.0,531.0,37115.0,150.5832744416095,150.5832744416095,21.139678649237474,194.36092174499686,0.3388808350898428,0.7357081015125598,306.0,1.0,4.0,-0.29116734086213114,-0.29116734086213114,0.03006535947712763,-0.13012247941307464,0.0025929193420323737,0.00016222046870806306,5.0,8.0,-1.1329234108247022,-1.1329234108247022,-0.11840958605664298,-0.7997666853065084,-0.001445503365839651,0.0003081680902468076,1.0,-2.0,-0.7795203719311985,-0.7795203719311985,-0.12941176470587834,-0.5327229397532562,0.0020493627397032976,0.0003274663601046113,0,0
146,466.0,535.0,36654.0,150.56482318288312,150.56482318288312,21.121105664488017,193.95893956268336,0.33696730220488474,0.7357372275364944,306.0,4.0,4.0,-0.018451258726372544,-0.018451258726372544,-0.018572984749457788,-0.40198218231350324,-0.0019135328849580469,2.912602393456698e-05,5.0,8.0,-0.3096185995885037,-0.3096185995885037,0.01149237472766984,-0.5321046617265779,0.0006793864570743269,0.00019134649264263004,6.0,5.0,-0.5793874871359037,-0.5793874871359037,-0.0806100217864909,-1.8984000083510466,-0.005682636403376351,0.0002879749715717361,0,0
147,462.0,528.0,36830.0,150.60790978891987,150.60790978891987,21.16813725490196,194.92815836664835,0.33207535341889544,0.7356087647232354,306.0,-4.0,-7.0,0.04308660603675207,0.04308660603675207,0.047031590413944,0.969218803964992,-0.0048919487859893085,-0.00012846281325895603,0.0,-3.0,0.02463534731037953,0.02463534731037953,0.028458605664486214,0.5672366216514888,-0.006805481670947355,-9.933678932438905e-05,5.0,5.0,-1.1082880635143226,-1.1082880635143226,-0.08995098039215677,-0.2325300636550196,-0.008250985036787006,0.00020883130092241853,0,0
148,464.0,528.0,36488.0,151.13477082998523,151.13477082998523,21.2677559912854,195.51460250562928,0.3372398727386499,0.7356486889271955,306.0,2.0,0.0,0.5268610410653594,0.5268610410653594,0.09961873638344088,0.5864441389809372,0.005164519319754479,3.992420396004004e-05,-2.0,-7.0,0.5699476471021114,0.5699476471021114,0.14665032679738488,1.5556629429459292,0.0002725705337651707,-8.8538609298916e-05,3.0,1.0,0.26032904751360775,0.26032904751360775,0.15814270152505472,1.0235582812193513,0.0009519569908394976,0.00010280788334371405,0,0
149,462.0,535.0,37256.0,151.89841854714078,151.89841854714078,21.386873638344227,195.35169659370214,0.3473594766513418,0.7358636454819074,306.0,-2.0,7.0,0.7636477171555498,0.7636477171555498,0.11911764705882533,-0.16290591192714032,0.010119603912691899,0.00021495655471193142,0.0,7.0,1.2905087582209092,1.2905087582209092,0.2187363834422662,0.42353822705379685,0.015284123232446378,0.00025488075867197146,0.0,4.0,1.3151441055312887,1.3151441055312887,0.24719498910675242,0.9907748487052856,0.008478641561499023,0.0001555439693475824,0,0
150,465.0,533.1100000000006,36990.0,152.89004261518713,152.89004261518713,21.575,198.074142724464,0.347990912063728,0.7359619744462904,306.0,3.0,-1.889999999999418,0.9916240680463488,0.9916240680463488,0.18812636165577246,2.7224461307618526,0.0006314354123861943,9.832896438299876e-05,1.0,5.110000000000582,1.7552717852018986,1.7552717852018986,0.3072440087145978,2.5595402188347123,0.010751039325078093,0.0003132855190949302,-1.0,-1.889999999999418,2.32521943230401,2.32521943230401,0.45389433551198266,4.1152031617806415,0.011023609858843264,0.0002247469097960142,0,0
151,466.0,532.2900000000009,37472.0,153.6921237990994,153.6921237990994,21.48556644880174,197.4131263240904,0.3481145210202895,0.7358226487839145,306.0,1.0,-0.819999999999709,0.8020811839122644,0.8020811839122644,-0.08943355119825824,-0.6610164003735974,0.00012360895656149395,-0.00013932566237595534,4.0,-2.709999999999127,1.7937052519586132,1.7937052519586132,0.09869281045751421,2.061429730388255,0.0007550443689476882,-4.099669799295658e-05,4.0,4.290000000000873,3.0842140101795223,3.0842140101795223,0.3174291938997804,2.484967957442052,0.016039167601394066,0.0002138840606790149,0,1
152,468.0,543.0,38506.0,153.4253003837952,153.4253003837952,21.543055555555554,197.0677806323556,0.34667055964389343,0.7357339072071649,306.0,2.0,10.709999999999127,-0.26682341530420217,-0.26682341530420217,0.057489106753813246,-0.3453456917347921,-0.0014439613763960746,-8.874157674954031e-05,3.0,9.889999999999418,0.5352577686080622,0.5352577686080622,-0.031944444444445,-1.0063620921083896,-0.0013203524198345806,-0.00022806723912549565,4.0,15.0,2.290529553809961,2.290529553809961,0.2752995642701528,1.5531781267263227,0.009430686905243513,8.521827996943454e-05,1,1
153,472.0,544.0,38279.0,154.0274358476587,154.0274358476587,21.57154139433551,197.2666411953733,0.3484222863815925,0.7357824324003233,306.0,4.0,1.0,0.6021354638635046,0.6021354638635046,0.028485838779957362,0.19886056301768917,0.0017517267376990775,4.852519315834414e-05,6.0,11.709999999999127,0.3353120485593024,0.3353120485593024,0.08597494553377061,-0.14648512871710295,0.0003077653613030029,-4.021638359119617e-05,10.0,9.0,2.1290173005179156,2.1290173005179156,0.18466775599128482,1.9149446016711522,0.0010628097302506911,-8.121308158415275e-05,1,0
154,468.0,536.0,37860.0,153.42573858702193,153.42573858702193,21.590413943355117,197.18013130381888,0.37247526339859627,0.7365030439850552,306.0,-4.0,-8.0,-0.6016972606367688,-0.6016972606367688,0.01887254901960489,-0.0865098915544138,0.024052977017003763,0.0007206115847319117,0.0,-7.0,0.0004382032267358227,0.0004382032267358227,0.04735838779956225,0.11235067146327538,0.02580470375470284,0.0007691367778902558,3.0,2.889999999999418,0.535695971834798,0.535695971834798,0.015413943355117254,-0.8940114206451142,0.02448435133486826,0.0005410695387647602,0,1
155,468.0,539.0,37299.0,153.44346525946057,153.44346525946057,21.673856209150326,196.6475670511047,0.3682981680526634,0.7369762039652058,306.0,0.0,3.0,0.017726672438641344,0.017726672438641344,0.08344226579520964,-0.5325642527141952,-0.0041770953459328575,0.0004731599801506281,-4.0,-5.0,-0.5839705881981274,-0.5839705881981274,0.10231481481481453,-0.619074144268609,0.019875881671070905,0.0011937715648825398,2.0,6.709999999999127,-0.248658539638825,-0.248658539638825,0.18828976034858513,-0.7655592729857119,0.020183647032373908,0.0011535551812913436,1,0
156,466.0,533.0,37524.0,152.99792546605772,152.99792546605772,21.593681917211327,195.32507393510235,0.3524324686271029,0.7366502581079022,306.0,-2.0,-6.0,-0.445539793402844,-0.445539793402844,-0.08017429193899872,-1.3224931160023345,-0.015865699425560487,-0.00032594585730361114,-2.0,-3.0,-0.42781312096420265,-0.42781312096420265,0.003267973856210915,-1.8550573687165297,-0.020042794771493344,0.00014721412284701696,-2.0,-10.0,-0.42737491773746683,-0.42737491773746683,0.05062636165577317,-1.7427066972532543,0.005761908983209496,0.0009163509007372728,0,0
157,465.0,532.7099999999991,38030.0,152.22557924634506,152.22557924634506,21.655528322440087,195.32223859283383,0.34548654063427964,0.7364267110824585,306.0,-1.0,-0.2900000000008731,-0.7723462197126594,-0.7723462197126594,0.06184640522875995,-0.0028353422685256646,-0.0069459279928232864,-0.00022354702544369331,-3.0,-6.290000000000873,-1.2178860131155034,-1.2178860131155034,-0.018327886710238772,-1.3253284582708602,-0.022811627418383773,-0.0005494928827473045,-7.0,-11.290000000000873,-1.8018566013136308,-1.8018566013136308,0.08398692810457575,-1.9444026025394692,-0.002935745747312868,0.0006442786821352353,0,1
158,466.0,539.0,37993.0,152.7064347545994,152.7064347545994,21.679711328976037,195.83064732110358,0.35400148781417873,0.7366590994635439,306.0,1.0,6.290000000000873,0.48085550825433643,0.48085550825433643,0.024183006535949403,0.5084087282697567,0.00851494717989909,0.00023238838108541326,0.0,6.0,-0.29149071145832295,-0.29149071145832295,0.08602941176470935,0.505573386001231,0.0015690191870758041,8.84135564171995e-06,-2.0,3.0,-0.7193038324225256,-0.7193038324225256,0.08929738562092027,-1.3494839827152987,-0.01847377558441754,0.0001560554784887369,1,0
159,464.0,536.0,37631.0,152.29624571607516,152.29624571607516,21.600925925925925,194.3390072926297,0.3549656342523413,0.7367518922082739,306.0,-2.0,-3.0,-0.41018903852423705,-0.41018903852423705,-0.07878540305011228,-1.4916400284738813,0.0009641464381625608,9.279274472995258e-05,-1.0,3.290000000000873,0.07066646973009938,0.07066646973009938,-0.054602396514162876,-0.9832313002041246,0.009479093618061651,0.00032518112581536585,-4.0,-3.0,-1.147219543385404,-1.147219543385404,-0.07293028322440165,-2.308559758474985,-0.013332533800322122,-0.0002243117569319386,0,1
160,469.0,542.5800000000017,38343.0,151.88045882939844,151.88045882939844,21.750626361655772,194.70622978851097,0.34978845617253496,0.736656587108288,306.0,5.0,6.580000000001746,-0.41578688667672736,-0.41578688667672736,0.14970043572984792,0.3672224958812649,-0.005177178079806333,-9.530509998589842e-05,3.0,3.5800000000017462,-0.8259759252009644,-0.8259759252009644,0.07091503267973565,-1.1244175325926165,-0.004213031641643772,-2.5123552559458417e-06,3.0,9.580000000001746,-1.1174666366592874,-1.1174666366592874,0.156944444444445,-0.6188441465913854,-0.0026440124545679677,6.329000385774108e-06,1,0
161,463.0,534.0,38260.0,151.71073985975855,151.71073985975855,21.64814814814815,195.19545923033027,0.35369112276986714,0.7367162579804464,306.0,-6.0,-8.580000000001746,-0.16971896963988797,-0.16971896963988797,-0.10247821350762365,0.4892294418193046,0.003902666597332183,5.967087215841271e-05,-1.0,-2.0,-0.5855058563166153,-0.5855058563166153,0.047222222222224275,0.8564519377005695,-0.00127451148247415,-3.563422782748571e-05,-2.0,1.2900000000008731,-0.514839386586516,-0.514839386586516,-0.0073801742919386015,-0.12677936250355515,0.008204582135587501,0.00028954689798788014,0,0
162,463.0,533.0,37706.0,152.7043151011379,152.7043151011379,21.68611111111111,195.57227880099362,0.35388953055407013,0.7369362641783321,306.0,0.0,-1.0,0.9935752413793466,0.9935752413793466,0.0379629629629612,0.3768195706633435,0.00019840778420299188,0.00022000619788575815,-6.0,-9.580000000001746,0.8238562717394586,0.8238562717394586,-0.06451525054466245,0.8660490124826481,0.004101074381535175,0.00027967707004417086,-3.0,-6.0,-0.002119653461505777,-0.002119653461505777,0.006399782135073195,-0.25836852010996836,-0.00011195726010859719,0.000277164714788225,0,0
163,460.0,533.0,38432.0,152.7184617676482,152.7184617676482,21.688807189542484,194.951242958808,0.350498684795146,0.7367936703893874,306.0,-3.0,0.0,0.01414666651029961,0.01414666651029961,0.0026960784313736497,-0.6210358421856199,-0.0033908457589241214,-0.00014259378894476704,-3.0,-1.0,1.0077219078896462,1.0077219078896462,0.04065904139433485,-0.24421627152227643,-0.0031924379747211296,7.74124089409911e-05,-4.0,-3.0,0.4222160515730309,0.4222160515730309,0.08788126361655912,0.6122356661782931,-0.0044669494571952795,4.17781811135054e-05,0,0
164,461.0,528.0,38346.0,152.077387465069,152.077387465069,21.659150326797384,194.36800378264212,0.34916158166368083,0.736791717460732,306.0,1.0,-5.0,-0.6410743025791987,-0.6410743025791987,-0.029656862745099488,-0.5832391761658755,-0.0013371031314651782,-1.9529286553465752e-06,-2.0,-5.0,-0.6269276360688991,-0.6269276360688991,-0.02696078431372584,-1.2042750183514954,-0.0047279488903893,-0.00014454671760011362,-8.0,-14.580000000001746,0.19692863567055952,0.19692863567055952,-0.09147603485838829,-0.3382260058688473,-0.000626874508854125,0.00013513035244405724,0,1
165,467.0,539.0,38886.0,152.61014080982807,152.61014080982807,21.83494008714597,195.25242377387104,0.35316281385053644,0.7368225704610737,306.0,6.0,11.0,0.5327533447590724,0.5327533447590724,0.17578976034858584,0.8844199912289241,0.004001232186855608,3.085300034166849e-05,7.0,6.0,-0.1083209578201263,-0.1083209578201263,0.14613289760348636,0.3011808150630486,0.0026641290553904295,2.8900071686321915e-05,4.0,5.0,0.8994009500695199,0.8994009500695199,0.1867919389978212,0.05696454354077218,-0.0005283089193307,0.00010631248062731302,1,0
166,464.0,534.0,38875.0,152.0165597005041,152.0165597005041,21.681072984749452,193.98140273265446,0.35006983044869644,0.7367889152632819,306.0,-3.0,-5.0,-0.5935811093239636,-0.5935811093239636,-0.1538671023965179,-1.271021041216585,-0.0030929834018399993,-3.365519779174875e-05,3.0,6.0,-0.06082776456489114,-0.06082776456489114,0.021922657952067937,-0.38660104998766087,0.0009082487850156085,-2.802197450080257e-06,1.0,1.0,-0.6877554006337903,-0.6877554006337903,-0.005038126361657902,-1.5908760683391563,-0.003819700105373691,-0.00014734891505019387,0,0
167,467.0,538.0,38973.0,151.8689493419954,151.8689493419954,21.645778867102393,195.2977105398434,0.3522864119957417,0.7368692101216784,306.0,3.0,4.0,-0.1476103585087003,-0.1476103585087003,-0.0352941176470587,1.3163078071889345,0.0022165815470452377,8.029485839644579e-05,0.0,-1.0,-0.7411914678326639,-0.7411914678326639,-0.1891612200435766,0.045286765972349485,-0.0008764018547947616,4.663966060469704e-05,7.0,5.0,-0.8495124256527902,-0.8495124256527902,-0.04302832244009025,0.3464675810353981,0.001787727200595668,7.553973229101896e-05,0,0
168,464.0,535.2099999999991,39380.0,152.52206139732144,152.52206139732144,21.618191721132895,194.50709207120534,0.3541137064009556,0.7371005053613701,306.0,-3.0,-2.790000000000873,0.6531120553260337,0.6531120553260337,-0.027587145969498295,-0.7906184686380584,0.0018272944052138973,0.00023129523969167565,0.0,1.2099999999991269,0.5055016968173334,0.5055016968173334,-0.06288126361655699,0.5256893385508761,0.004043875952259135,0.00031159009808812144,3.0,7.209999999999127,0.44467393225244223,0.44467393225244223,-0.040958605664489056,0.1390882885632152,0.0049521247372747434,0.0003087879006380412,0,1
169,468.0,541.0,39552.0,152.5338221854816,152.5338221854816,21.685375816993464,196.2165693205659,0.3486902230088662,0.7371955677574756,306.0,4.0,5.790000000000873,0.011760788160160018,0.011760788160160018,0.0671840958605685,1.7094772493605603,-0.005423483392089368,9.506239610557188e-05,1.0,3.0,0.6648728434861937,0.6648728434861937,0.03959694989107021,0.9188587807225019,-0.0035961889868754704,0.0003263576357972475,1.0,2.0,-0.07631862434647019,-0.07631862434647019,-0.1495642701525064,0.9641455466948514,-0.004472590841670232,0.00037299729640194457,1,0
170,465.0,530.1800000000003,39183.0,153.48100771446698,153.48100771446698,21.68834422657952,196.41954138762935,0.34669200248749876,0.7370806476649117,306.0,-3.0,-10.819999999999709,0.9471855289853863,0.9471855289853863,0.0029684095860567083,0.20297206706345605,-0.001998220521367444,-0.00011492009256397484,1.0,-5.029999999998836,0.9589463171455463,0.9589463171455463,0.07015250544662521,1.9124493164240164,-0.007421703913456812,-1.9857696458402962e-05,1.0,-3.819999999999709,1.4644480139628797,1.4644480139628797,0.00727124183006822,2.4381386549748925,-0.003377827961197677,0.0002917324016297185,0,0
171,459.0,532.0,38966.0,152.86469558020536,152.86469558020536,21.573638344226577,195.6876790628043,0.3471398813861533,0.7371476580894071,306.0,-6.0,1.819999999999709,-0.6163121342616193,-0.6163121342616193,-0.11470588235294343,-0.7318623248250447,0.0004478788986545523,6.701042449541728e-05,-9.0,-9.0,0.330873394723767,0.330873394723767,-0.11173747276688673,-0.5288902577615886,-0.0015503416227128919,-4.7909668068557565e-05,-8.0,-6.0,0.9957462382099607,0.9957462382099607,-0.07214052287581652,0.38996852296091333,-0.005146530609588362,0.00027844796772868996,0,0
172,460.0,529.0,38620.0,152.6889703947555,152.6889703947555,21.569253812636166,196.83441437248834,0.3491498161764591,0.7371414712831086,306.0,1.0,-3.0,-0.17572518544986337,-0.17572518544986337,-0.004384531590410745,1.1467353096840327,0.002009934790305812,-6.186806298491554e-06,-5.0,-1.180000000000291,-0.7920373197114827,-0.7920373197114827,-0.11909041394335418,0.41487298485898805,0.002457813688960364,6.082361819692572e-05,-4.0,-6.209999999999127,0.16690899743406362,0.16690899743406362,-0.048937908496728966,2.3273223012830044,-0.004963890224496448,4.096592173852276e-05,0,0
173,460.0,534.0,38650.0,153.9354946693095,153.9354946693095,21.59724945533769,197.37256544060105,0.34880375470996733,0.7370775396527808,306.0,0.0,5.0,1.246524274553991,1.246524274553991,0.027995642701522883,0.5381510681127111,-0.00034606146649179825,-6.393163032780702e-05,1.0,2.0,1.0707990891041277,1.0707990891041277,0.023611111111112137,1.6848863777967438,0.0016638733238140135,-7.011843662629857e-05,-8.0,-7.0,1.4016724838278947,1.4016724838278947,-0.08812636165577459,1.1559961200351552,0.00011353170110112165,-0.00011802810469485614,0,0
174,462.0,531.0,38827.0,154.38234602927304,154.38234602927304,21.574019607843137,197.15429813374337,0.35606235259764213,0.7373087780148375,306.0,2.0,-3.0,0.44685135996354575,0.44685135996354575,-0.023229847494551592,-0.21826730685768325,0.0072585978876748,0.00023123836205674042,2.0,2.0,1.6933756345175368,1.6933756345175368,0.0047657952069712906,0.3198837612550278,0.006912536421183002,0.0001673067317289334,-3.0,0.819999999999709,0.9013383148060541,0.9013383148060541,-0.11432461873638289,0.7347567461140159,0.009370350110143366,0.00022813034992585912,0,0
175,464.0,536.0,38989.0,154.47569543047888,154.47569543047888,21.54722222222222,198.47308740019906,0.3650329843234992,0.737645560230305,306.0,2.0,5.0,0.09334940120584179,0.09334940120584179,-0.026797385620916714,1.3187892664556955,0.008970631725857048,0.00033678221546751264,4.0,2.0,0.5402007611693875,0.5402007611693875,-0.050027233115468306,1.1005219595980122,0.016229229613531848,0.0005680205775242531,5.0,4.0,1.6109998502735152,1.6109998502735152,-0.02641612200435617,2.785408337394756,0.01789310293734586,0.0004979021408979545,0,0
176,467.0,536.0,39332.0,155.08083039980468,155.08083039980468,21.608959694989107,198.31523039112378,0.3683039540209654,0.7377636822220547,306.0,3.0,0.0,0.6051349693258032,0.6051349693258032,0.061737472766886015,-0.15785700907528621,0.0032709696974662084,0.00011812199174965343,5.0,5.0,0.698484370531645,0.698484370531645,0.0349400871459693,1.1609322573804093,0.012241601423323256,0.00045490420721716607,7.0,7.0,2.391860005049182,2.391860005049182,0.03970588235294059,1.480816018635437,0.019154137844506258,0.0006222109389460995,0,1
177,467.0,538.7099999999991,39830.0,154.50603331309546,154.50603331309546,21.612037037037034,198.2278211233294,0.3679006255842256,0.7378794546999963,306.0,0.0,2.709999999999127,-0.5747970867092249,-0.5747970867092249,0.0030773420479270897,-0.08740926779438496,-0.0004033284367397916,0.00011577247794158918,3.0,2.709999999999127,0.030337882616578327,0.030337882616578327,0.0648148148148131,-0.24526627686967117,0.002867641260726417,0.0002338944696912426,7.0,4.709999999999127,0.5705386437859659,0.5705386437859659,0.014787581699344798,0.8552556827283411,0.019096870874258265,0.0008019150472154957,1,1
178,469.0,552.3899999999994,39662.0,154.6839712530438,154.6839712530438,21.647058823529413,196.48319791981714,0.3600364552213965,0.7378042250676872,306.0,2.0,13.680000000000291,0.17793793994835028,0.17793793994835028,0.03502178649237919,-1.7446232035122478,-0.007864170362829104,-7.522963230910396e-05,2.0,16.389999999999418,-0.39685914676087464,-0.39685914676087464,0.03809912854030628,-1.8320324713066327,-0.008267498799568895,4.0542845632485225e-05,7.0,21.389999999999418,0.3016252237707704,0.3016252237707704,0.07303921568627558,-0.6711002139262234,0.003974102623754361,0.0004954470528496513,1,1
179,468.0,542.1900000000023,40982.0,153.19778839172483,153.19778839172483,21.787064270152506,196.36723967678873,0.35731919536246454,0.7377016162560657,306.0,-1.0,-10.19999999999709,-1.48618286131898,-1.48618286131898,0.14000544662309267,-0.11595824302841606,-0.002717259858931953,-0.00010260881162149627,1.0,3.4800000000032014,-1.3082449213706298,-1.3082449213706298,0.17502723311547186,-1.8605814465406638,-0.010581430221761057,-0.00017783844393060022,4.0,6.190000000002328,-1.2779070387540514,-1.2779070387540514,0.23984204793028496,-2.105847723410335,-0.00771378896103464,5.605602576064239e-05,1,1
180,471.0,541.0,39515.0,154.4729488431061,154.4729488431061,22.24466230936819,198.5791504672345,0.36085618577822587,0.7377352808036056,306.0,3.0,-1.1900000000023283,1.2751604513812822,1.2751604513812822,0.45759803921568576,2.211910790445785,0.003536990415761332,3.366454753994663e-05,2.0,-11.389999999999418,-0.21102240993769783,-0.21102240993769783,0.5976034858387784,2.095952547417369,0.0008197305568293789,-6.894426408154963e-05,4.0,5.0,-0.6078815566985725,-0.6078815566985725,0.6357026143790847,0.2639200761107361,-0.007447768242739516,-2.840141844906441e-05,1,1
181,469.0,542.010000000002,40100.0,156.03716923964473,156.03716923964473,22.272712418300653,197.8957434875505,0.3613327736130678,0.7377791541074615,306.0,-2.0,1.0100000000020373,1.5642203965386159,1.5642203965386159,0.028050108932461626,-0.6834069796840083,0.0004765878348419461,4.387330385591248e-05,1.0,-0.18000000000029104,2.839380847919898,2.839380847919898,0.4856481481481474,1.5285038107617765,0.004013578250603278,7.753785139585911e-05,2.0,3.3000000000029104,1.5311359265492683,1.5311359265492683,0.6606753812636192,-0.33207763577888727,-0.006567851971157779,-0.0001003005925347411,1,0
182,467.0,532.0,40759.0,155.21987723038131,155.21987723038131,22.158306100217864,197.7525869079816,0.3527215592804249,0.7376743753751119,306.0,-2.0,-10.010000000002037,-0.8172920092634115,-0.8172920092634115,-0.11440631808278923,-0.1431565795689096,-0.008611214332642891,-0.00010477873234959745,-4.0,-9.0,0.7469283872752044,0.7469283872752044,-0.0863562091503276,-0.8265635592529179,-0.008134626497800945,-6.0905428493684965e-05,-2.0,-20.389999999999418,0.5359059773375066,0.5359059773375066,0.5112472766884508,1.269388988164451,-0.007314895940971566,-0.0001298496925752346,0,1
183,466.0,544.0,40452.0,155.66966145075924,155.66966145075924,22.16331699346405,197.61562992516045,0.35445123197113665,0.7376854957318774,306.0,-1.0,12.0,0.44978422037792143,0.44978422037792143,0.005010893246186754,-0.13695698282114677,0.0017296726907117255,1.112035676542611e-05,-3.0,1.9899999999979627,-0.36750778888549007,-0.36750778888549007,-0.10939542483660247,-0.28011356239005636,-0.006881541641931166,-9.365837558417134e-05,-2.0,1.8099999999976717,2.471873059034408,2.471873059034408,0.3762527233115449,1.2483902483717202,-0.002867963391327888,-1.6120524188312224e-05,1,1
184,465.0,540.0,40793.0,154.43174992935315,154.43174992935315,22.06320806100218,196.013752485125,0.3527301759339815,0.7377270506877526,306.0,-1.0,-4.0,-1.2379115214060903,-1.2379115214060903,-0.1001089324618718,-1.6018774400354516,-0.0017210560371551664,4.155495587521152e-05,-2.0,8.0,-0.7881273010281689,-0.7881273010281689,-0.09509803921568505,-1.7388344228565984,8.61665355655905e-06,5.267531264063763e-05,-6.0,-1.0,-0.04119891375296447,-0.04119891375296447,-0.18145424836601265,-2.5653979821095163,-0.008126009844244386,-8.230115853047337e-06,1,0
185,467.0,534.0,40848.0,154.210038255672,154.210038255672,22.04880174291939,197.25670768797968,0.35317208786513105,0.737616181763169,306.0,2.0,-6.0,-0.22171167368114197,-0.22171167368114197,-0.014406318082787806,1.242955202854688,0.0004419119311495634,-0.00011086892458356257,1.0,-10.0,-1.4596231950872323,-1.4596231950872323,-0.11451525054465961,-0.35892223718076366,-0.001279144106005603,-6.931396870835105e-05,-2.0,-8.010000000002037,-1.8271309839727223,-1.8271309839727223,-0.22391067538126208,-0.63903579957082,-0.008160685747936769,-0.00016297234429252239,0,1
186,461.0,539.0,41343.0,154.23264398870546,154.23264398870546,22.04964596949891,196.04467519804453,0.3496941469440785,0.7377194544069128,306.0,-6.0,5.0,0.022605733033458364,0.022605733033458364,0.0008442265795203241,-1.2120324899351544,-0.0034779409210525247,0.0001032726437437681,-4.0,-1.0,-0.1991059406476836,-0.1991059406476836,-0.013562091503267482,0.030922712919533524,-0.0030360289899029613,-7.596280839794467e-06,-6.0,7.0,-0.9872332416758525,-0.9872332416758525,-0.10866013071895253,-1.7079117099370649,-0.0030274123363464023,4.507903180084316e-05,1,1
187,468.0,541.0,41921.0,153.56942814600498,153.56942814600498,21.999210239651415,196.64340030224972,0.3502874184633975,0.7376446092829985,306.0,7.0,2.0,-0.6632158427004811,-0.6632158427004811,-0.05043572984749645,0.5987251042051867,0.000593271519318983,-7.48451239143133e-05,1.0,7.0,-0.6406101096670227,-0.6406101096670227,-0.04959150326797612,-0.6133073857299678,-0.0028846694017335417,2.8427519829454795e-05,2.0,-3.0,-2.100233304754255,-2.100233304754255,-0.16410675381263573,-0.9722296229107315,-0.004163813507739145,-4.088644887889625e-05,1,1
188,466.0,544.4499999999971,41456.0,153.9999349269027,153.9999349269027,21.97995642701525,196.110198593265,0.3541452856725819,0.7376656407624288,306.0,-2.0,3.4499999999970896,0.43050678089772987,0.43050678089772987,-0.019253812636165435,-0.5332017089847056,0.003857867209184407,2.1031479430333455e-05,5.0,5.44999999999709,-0.2327090618027512,-0.2327090618027512,-0.06968954248366188,0.065523395220481,0.00445113872850339,-5.381364448397985e-05,1.0,4.44999999999709,-0.4318150024504348,-0.4318150024504348,-0.08325163398692936,0.09644610814001453,0.0014151097386004285,-6.140992532377432e-05,1,0
189,466.0,538.0,41000.0,153.6974634706222,153.6974634706222,22.045125272331155,196.28718874323147,0.34972767187204273,0.7376454647849587,306.0,0.0,-6.44999999999709,-0.3024714562805002,-0.3024714562805002,0.06516884531590605,0.176990149966457,-0.004417613800539177,-2.0175977470060502e-05,-2.0,-3.0,0.12803532461722966,0.12803532461722966,0.04591503267974062,-0.35621155901824864,-0.0005597465913547706,8.55501960272953e-07,-1.0,4.0,-0.512574785049793,-0.512574785049793,-0.003676470588235503,-0.9695189447482164,-0.0034444159930883123,2.9283021789727748e-05,0,1
190,463.0,539.0,40928.0,153.2384290126023,153.2384290126023,22.00498366013072,195.8310965971683,0.34925867664920673,0.7375639591341704,306.0,-3.0,1.0,-0.4590344580199144,-0.4590344580199144,-0.04014161220043633,-0.4560921460631562,-0.0004689952228359995,-8.150565078834937e-05,-3.0,-5.44999999999709,-0.7615059143004146,-0.7615059143004146,0.025027233115469727,-0.27910199609669917,-0.004886609023375177,-0.00010168162825840987,2.0,0.0,-0.9942149761031658,-0.9942149761031658,-0.044662309368192155,-0.21357860087621816,-0.000435470294871787,-0.00015549527274238972,1,0
191,460.0,530.0,41124.0,153.72977098620837,153.72977098620837,22.053376906318082,197.03311407721802,0.35048237269638693,0.7375907146073635,306.0,-3.0,-9.0,0.4913419736060689,0.4913419736060689,0.04839324618736285,1.2020174800497045,0.0012236960471802005,2.6755473193085244e-05,-6.0,-8.0,0.03230751558615452,0.03230751558615452,0.008251633986926521,0.7459253339865484,0.000754700824344201,-5.475017759526413e-05,-8.0,-11.0,0.16034284020338418,0.16034284020338418,0.05416666666666714,0.38971377496829973,0.0001949542329894305,-5.3894675634991174e-05,0,0
192,457.0,524.0,41327.0,154.13608413069204,154.13608413069204,21.92600762527233,195.4120803827192,0.3539261862750075,0.7375927154534783,306.0,-3.0,-6.0,0.4063131444836756,0.4063131444836756,-0.12736928104575185,-1.6210336944988057,0.003443813578620558,2.0008461147913437e-06,-6.0,-15.0,0.8976551180897445,0.8976551180897445,-0.078976034858389,-0.4190162144491012,0.004667509625800759,2.8756319307876588e-05,-9.0,-20.44999999999709,0.13614920378932993,0.13614920378932993,-0.05394880174291927,-0.6981182105458004,-0.0002190993975744182,-7.292530895053329e-05,0,0
193,461.0,531.8000000000029,41721.0,153.03065800797435,153.03065800797435,21.968845315904137,195.31672401374126,0.3496155225599155,0.7375878648820267,306.0,4.0,7.80000000000291,-1.105426122717688,-1.105426122717688,0.042837690631806424,-0.09535636897794575,-0.004310663715091978,-4.850571451608943e-06,1.0,1.8000000000029104,-0.6991129782340124,-0.6991129782340124,-0.08453159041394542,-1.7163900634767515,-0.0008668501364714198,-2.849725336817599e-06,-5.0,-6.19999999999709,-0.6668054626478579,-0.6668054626478579,-0.0762799564270189,-0.9704647294902031,-0.00011214931212721879,-5.7599902932081726e-05,0,0
194,462.0,534.0,41952.0,152.99744897286172,152.99744897286172,21.882788671023963,194.73385567913803,0.34694944272639633,0.7375669179399029,306.0,1.0,2.1999999999970896,-0.033209035112633956,-0.033209035112633956,-0.0860566448801734,-0.5828683346032335,-0.002666079833519186,-2.0946942123734047e-05,5.0,10.0,-1.138635157830322,-1.138635157830322,-0.04321895424836697,-0.6782247035811793,-0.006976743548611164,-2.579751357534299e-05,-1.0,-5.0,-0.24098003974057747,-0.24098003974057747,-0.12219498910675597,-1.0972409180302805,-0.0023092339228104053,2.958805732533598e-06,0,1
195,465.0,539.0,41051.0,152.59992610237296,152.59992610237296,22.096214596949892,195.50793022082988,0.3468679117475007,0.7375970568532259,306.0,3.0,5.0,-0.397522870488757,-0.397522870488757,0.2134259259259288,0.7740745416918458,-8.153097889562755e-05,3.0138913322930172e-05,4.0,7.19999999999709,-0.43073190560139096,-0.43073190560139096,0.1273692810457554,0.19120620708861225,-0.0027476108124148135,9.191971199196125e-06,5.0,9.0,-1.1298448838354034,-1.1298448838354034,0.04283769063180998,-1.5251838563881392,-0.0036144609488862334,6.342245862378526e-06,1,0
196,459.0,529.0,40411.0,153.67365259360378,153.67365259360378,22.098692810457514,196.2065363318078,0.35222727220013067,0.7376712089270548,306.0,-6.0,-10.0,1.0737264912308149,1.0737264912308149,0.002478213507622229,0.69860611097792,0.005359360452629969,7.415207382899247e-05,-3.0,-5.0,0.6762036207420579,0.6762036207420579,0.21590413943355102,1.4726806526697658,0.005277829473734341,0.00010429098715192264,2.0,5.0,-0.4624315370882641,-0.4624315370882641,0.17268518518518405,0.7944559490885865,-0.0016989140748768228,7.849347357657965e-05,0,0
197,458.0,526.0,41095.0,153.7568482430977,153.7568482430977,22.13082788671024,197.04674402460006,0.3491934776177103,0.7375937037997775,306.0,-1.0,-3.0,0.08319564949391633,0.08319564949391633,0.03213507625272527,0.8402076927922622,-0.0030337945824203683,-7.750512727733305e-05,-7.0,-13.0,1.1569221407247312,1.1569221407247312,0.0346132897603475,1.5388138037701822,0.0023255658702096005,-3.3530534483405816e-06,-3.0,-5.80000000000291,0.7261902351233402,0.7261902351233402,0.1619825708061029,1.7300200108587944,-0.00042204494220521305,5.8389177508555434e-06,0,0
198,460.0,532.9700000000012,40604.0,154.8081418050452,154.8081418050452,22.04501633986928,196.95589693033145,0.34769338139576406,0.7377172244919671,306.0,2.0,6.970000000001164,1.0512935619475172,1.0512935619475172,-0.08581154684095793,-0.09084709426861082,-0.0015000962219462455,0.0001235206921895715,1.0,3.970000000001164,1.1344892114414336,1.1344892114414336,-0.05367647058823266,0.7493605985236513,-0.004533890804366614,4.601556491223846e-05,-2.0,-1.0299999999988358,1.8106928321834914,1.8106928321834914,0.16222766884531836,2.222041251193417,0.0007439386693677275,0.0001503065520641611,0,0
199,460.0,526.0,41000.0,154.46010781029057,154.46010781029057,22.073011982570804,197.59730725897145,0.34871782694755155,0.7378877514328053,306.0,0.0,-6.970000000001164,-0.348033994754644,-0.348033994754644,0.027995642701522883,0.6414103286400064,0.0010244455517874895,0.0001705269408381893,2.0,0.0,0.7032595671928732,0.7032595671928732,-0.05781590413943505,0.5505632343713955,-0.00047565067015875595,0.0002940476330277608,-5.0,-13.0,1.8601817079176044,1.8601817079176044,-0.02320261437908755,2.0893770381415777,0.0018499152000508445,0.00029069457957942024,0,0
200,461.0,529.0,40876.0,154.72600156313354,154.72600156313354,22.04945533769063,197.94830339284326,0.35279726033281733,0.7378564110768386,306.0,1.0,3.0,0.26589375284297034,0.26589375284297034,-0.023556644880173394,0.35099613387180284,0.004079433385265785,-3.134035596663587e-05,1.0,-3.970000000001164,-0.08214024191167368,-0.08214024191167368,0.0044389978213494885,0.9924064625118092,0.0051038789370532744,0.00013918658487155344,2.0,0.0,1.0523489695297599,1.0523489695297599,-0.04923747276688317,1.7417670610354605,0.0005699881326866607,0.0001852021497837919,0,0
201,458.0,528.0,40891.0,155.13247671326172,155.13247671326172,22.02001633986928,196.95282512195067,0.35417819196283673,0.7378901527598013,306.0,-3.0,-1.0,0.4064751501281876,0.4064751501281876,-0.02943899782135162,-0.9954782708925904,0.0013809316300193997,3.3741682962662445e-05,-2.0,2.0,0.6723689029711579,0.6723689029711579,-0.052995642701525014,-0.6444821370207876,0.005460365015285185,2.401326996026576e-06,0.0,2.0,1.3756284701640311,1.3756284701640311,-0.11081154684096006,-0.09391890264939207,0.004984714345126429,0.0002964489600237874,0,0
202,455.0,526.0,40664.0,155.0102737194026,155.0102737194026,22.026797385620913,198.00522024280573,0.3504328332611699,0.7378106724982169,306.0,-3.0,-2.0,-0.12220299385913336,-0.12220299385913336,0.006781045751633741,1.052395120855067,-0.003745358701666812,-7.948026158444144e-05,-6.0,-3.0,0.2842721562690542,0.2842721562690542,-0.02265795206971788,0.05691684996247659,-0.0023644270716474125,-4.573857862177899e-05,-5.0,-6.970000000001164,0.20213191435738054,0.20213191435738054,-0.01821895424836839,1.0493233124742858,0.002739451865405862,9.344800624977445e-05,0,0
203,459.0,526.5699999999997,39744.0,155.16160362717656,155.16160362717656,21.98009259259259,196.75163784963817,0.3518678799666215,0.7378123005231222,306.0,4.0,0.569999999999709,0.15132990777397026,0.15132990777397026,-0.0467047930283222,-1.2535823931675623,0.0014350467054515814,1.6280249053313156e-06,1.0,-1.430000000000291,0.029126913914836905,0.029126913914836905,-0.03992374727668846,-0.20118727231249522,-0.0023103119962152308,-7.785223667911012e-05,-1.0,0.569999999999709,0.7014958168859948,0.7014958168859948,-0.09291938997821347,-0.8456694093332828,0.003150053019069954,-7.545090968308354e-05,0,0
204,460.0,534.0,39967.0,153.6146786584502,153.6146786584502,21.951797385620914,198.1166851844196,0.3479105834628824,0.7379603183347415,306.0,1.0,7.430000000000291,-1.5469249687263584,-1.5469249687263584,-0.02829520697167709,1.3650473347814227,-0.003957296503739105,0.0001480178116193276,5.0,8.0,-1.3955950609523882,-1.3955950609523882,-0.07499999999999929,0.11146494161386045,-0.0025222497982875236,0.0001496458365246589,-1.0,5.0,-1.111322904683334,-1.111322904683334,-0.09765795206971717,0.16838179157633704,-0.004886676869934936,0.00010390725790287991,0,0
205,461.0,530.0,40141.0,155.59477505923473,155.59477505923473,22.019553376906316,198.12204506702494,0.353093279776581,0.7379603428778305,306.0,1.0,-4.0,1.9800964007845323,1.9800964007845323,0.06775599128540222,0.005359882605347366,0.005182696313698609,2.4543089005568675e-08,2.0,3.430000000000291,0.4331714320581739,0.4331714320581739,0.03946078431372513,1.37040721738677,0.0012253998099595043,0.00014804235470833316,3.0,2.0,0.4622983459730108,0.4622983459730108,-0.0004629629629633314,1.1692199450742748,-0.0010849121862557265,7.019011802922304e-05,0,0
206,456.0,524.0,40379.0,154.9041477450258,154.9041477450258,22.042538126361656,196.93602379728915,0.347891773081232,0.737870543221243,306.0,-5.0,-6.0,-0.690627314208939,-0.690627314208939,0.02298474945533968,-1.1860212697357895,-0.005201506695349023,-8.97996565875081e-05,-4.0,-10.0,1.2894690865755933,1.2894690865755933,0.0907407407407419,-1.180661387130442,-1.881038165041371e-05,-8.977511349850253e-05,1.0,-2.0,-0.10612597437679483,-0.10612597437679483,0.01574074074074261,-1.0691964455165817,-0.0025410601799379373,5.987072302615637e-05,0,0
207,460.0,534.0,40761.0,154.16139462999817,154.16139462999817,21.981862745098038,198.2997849551698,0.3451172731426461,0.7378863061175627,306.0,4.0,10.0,-0.7427531150276252,-0.7427531150276252,-0.06067538126361782,1.3637611578806457,-0.0027744999385858615,1.576289631965988e-05,-1.0,4.0,-1.4333804292365642,-1.4333804292365642,-0.03769063180827814,0.1777398881448562,-0.007976006633934885,-7.403676026784822e-05,1.0,7.430000000000291,-1.0002089971783903,-1.0002089971783903,0.0017701525054469869,1.5481471055316263,-0.00675060682397538,7.400559444048493e-05,0,0
208,457.0,525.0,41420.0,155.18778229892948,155.18778229892948,21.913643790849672,197.57838281504257,0.34537858744642946,0.738109642384099,306.0,-3.0,-9.0,1.0263876689313065,1.0263876689313065,-0.06821895424836555,-0.7214021401272248,0.0002613143037833443,0.00022333626653636696,1.0,1.0,0.2836345539036813,0.2836345539036813,-0.12889433551198337,0.6423590177534209,-0.0025131856348025172,0.00023909916285602684,-3.0,-9.0,1.5731036404792746,1.5731036404792746,-0.03815359477124147,-0.5383023693770213,-0.002531996016452931,0.0001493240493575243,0,0
209,460.0,531.0,41874.0,154.18041322565404,154.18041322565404,22.159694989106754,197.13694195852042,0.3473149505265023,0.7382154008921455,306.0,3.0,6.0,-1.0073690732754415,-1.0073690732754415,0.24605119825708144,-0.44144085652214926,0.0019363630800728338,0.0001057585080465051,0.0,-3.0,0.019018595655865056,0.019018595655865056,0.1778322440087159,-1.162842996649374,0.002197677383856178,0.00032909477458287206,-1.0,1.0,-1.4143618335806991,-1.4143618335806991,0.14014161220043775,-0.9851031085045179,-0.0057783292500787065,0.00025505801431502384,0,0
210,459.0,529.0,41083.0,156.16997633767423,156.16997633767423,22.276443355119824,200.43016667073255,0.3543881097580392,0.7381381369104573,306.0,-1.0,-2.0,1.9895631120201926,1.9895631120201926,0.11674836601306993,3.2932247122121225,0.007073159231536896,-7.72639816882803e-05,2.0,4.0,0.9821940387447512,0.9821940387447512,0.36279956427015136,2.8517838556899733,0.00900952231160973,2.8494526358224803e-05,3.0,5.0,1.2658285926484325,1.2658285926484325,0.233905228758168,3.494142873443394,0.006496336676807213,0.00026759368921425164,0,0
211,457.0,529.0,40785.0,156.90049497959822,156.90049497959822,22.054357298474944,198.3954172241335,0.35075783913509145,0.7379740079243978,306.0,-2.0,0.0,0.7305186419239931,0.7305186419239931,-0.2220860566448799,-2.0347494465990508,-0.00363027062294774,-0.00016412898605944193,-3.0,-2.0,2.7200817539441857,2.7200817539441857,-0.10533769063180998,1.2584752656130718,0.0034428886085891564,-0.00024139296774772223,-3.0,-5.0,2.7391003496000508,2.7391003496000508,0.07249455337690591,0.0956322689636977,0.005640565992445334,8.770180683514983e-05,0,0
212,458.0,526.0,39741.0,155.52645388421138,155.52645388421138,22.04817538126362,198.37662957571328,0.3458783340326447,0.7378069731145124,306.0,1.0,-3.0,-1.3740410953868434,-1.3740410953868434,-0.006181917211325327,-0.018787648420214964,-0.0048795051024467795,-0.00016703480988544683,-1.0,-3.0,-0.6435224534628503,-0.6435224534628503,-0.22826797385620523,-2.0535370950192657,-0.00850977572539452,-0.00033116379594488876,1.0,1.0,0.3386715852819009,0.3386715852819009,0.13453159041394613,0.7982467606707075,0.0004997465862152106,-0.00030266926958666396,0,1
213,466.0,543.0,38618.0,155.81102171436459,155.81102171436459,22.11318082788671,198.676648353343,0.3465937339014632,0.7378878986913394,306.0,8.0,17.0,0.2845678301532075,0.2845678301532075,0.06500544662308982,0.30001877762973095,0.0007153998688185226,8.092557682704005e-05,9.0,14.0,-1.0894732652336359,-1.0894732652336359,0.0588235294117645,0.281231129209516,-0.004164105233628257,-8.610923305840679e-05,6.0,12.0,1.6306084887105499,1.6306084887105499,-0.04651416122004548,1.5397063948225878,-0.0007212166250391006,-0.000327502200806129,1,0
214,467.0,536.6999999999971,37831.0,155.60083525563684,155.60083525563684,21.99929193899782,197.78953909634072,0.3478402867445141,0.7378561438298693,306.0,1.0,-6.30000000000291,-0.21018645872774755,-0.21018645872774755,-0.11388888888888715,-0.8871092570022938,0.0012465528430509187,-3.1754861470112417e-05,9.0,10.69999999999709,0.07438137142545997,0.07438137142545997,-0.04888344226579733,-0.5870904793725629,0.0019619527118694413,4.917071535692763e-05,8.0,7.69999999999709,-0.5691410820373903,-0.5691410820373903,-0.27715141612200256,-2.6406275743918286,-0.006547823013525078,-0.00028199308058796113,0,0
215,466.0,536.0,38619.0,154.86992881884788,154.86992881884788,22.020561002178646,197.93439570755717,0.3444135052246778,0.7377902483628467,306.0,-1.0,-0.6999999999970896,-0.7309064367889562,-0.7309064367889562,0.021269063180824332,0.1448566112164542,-0.0034267815198363305,-6.589546702262528e-05,0.0,-7.0,-0.9410928955167037,-0.9410928955167037,-0.09261982570806282,-0.7422526457858396,-0.0021802286767854118,-9.765032849273769e-05,9.0,7.0,-2.0305661607503396,-2.0305661607503396,-0.03379629629629832,-0.4610215165763236,-0.006344333910413669,-0.00018375956155114448,0,0
216,468.0,536.0,38785.0,155.22797025843047,155.22797025843047,22.01484204793028,198.01613099501742,0.3433521151311964,0.7378678945154925,306.0,2.0,0.0,0.3580414395825926,0.3580414395825926,-0.005718954248365549,0.08173528746024772,-0.0010613900934813847,7.76461526458272e-05,1.0,-0.6999999999970896,-0.37286499720636357,-0.37286499720636357,0.015550108932458784,0.22659189867670193,-0.004488171613317715,1.1750685623201917e-05,10.0,10.0,-0.2984836257809036,-0.2984836257809036,-0.033333333333338544,-0.36049858069586094,-0.002526218901448274,6.092140098012955e-05,0,0
217,466.0,535.0,39733.0,155.06727645241546,155.06727645241546,21.939133986928105,197.93340461180776,0.34146021844527535,0.7378208921625723,306.0,-2.0,-1.0,-0.16069380601501848,-0.16069380601501848,-0.07570806100217453,-0.08272638320966053,-0.0018918966859210462,-4.7002352920211266e-05,0.0,-1.0,0.19734763356757412,0.19734763356757412,-0.08142701525054008,-0.000991095749412807,-0.002953286779402431,3.064379972561593e-05,0.0,-8.0,-0.7437452619491296,-0.7437452619491296,-0.1740468409586029,-0.7432437415352524,-0.005133515456187843,-6.700652876712176e-05,0,0
218,466.0,533.0,39033.0,154.34020336694698,154.34020336694698,21.956072984749454,198.28379002076292,0.3416872075882181,0.7377917525035883,306.0,0.0,-2.0,-0.7270730854684757,-0.7270730854684757,0.016938997821348778,0.35038540895516235,0.000226989142942724,-2.9139658983989847e-05,-2.0,-3.0,-0.8877668914834942,-0.8877668914834942,-0.058769063180825754,0.2676590257455018,-0.0016649075429783222,-7.614201190420111e-05,-1.0,-3.6999999999970896,-1.2606318886898578,-1.2606318886898578,-0.04321895424836697,0.49425092442220375,-0.006153079156296037,-6.43913262809992e-05,0,1
219,466.0,541.0,39624.0,154.9064958172692,154.9064958172692,21.86557734204793,197.69014940560984,0.34477136915192647,0.7378564683440464,306.0,0.0,8.0,0.5662924503222087,0.5662924503222087,-0.09049564270152288,-0.5936406151530775,0.0030841615637083875,6.471584045808498e-05,0.0,6.0,-0.16078063514626706,-0.16078063514626706,-0.0735566448801741,-0.24325520619791519,0.0033111507066511114,3.5576181474095137e-05,0.0,5.0,0.03656699842130706,0.03656699842130706,-0.15498366013071418,-0.244246301947328,0.00035786392724868055,6.621998119971106e-05,1,1
220,467.0,539.0,38962.0,154.31376129850577,154.31376129850577,21.88319716775599,197.09425809403513,0.34422226891921887,0.7378002818113838,306.0,1.0,-2.0,-0.5927345187634216,-0.5927345187634216,0.017619825708059977,-0.595891311574718,-0.0005491002327076,-5.6186532662594324e-05,1.0,6.0,-0.026442068441212996,-0.026442068441212996,-0.0728758169934629,-1.1895319267277955,0.0025350613310007875,8.52930779549066e-06,-1.0,3.0,-0.9142089599247072,-0.9142089599247072,-0.13164488017428866,-0.9218729009822937,0.0008701537880224652,-6.761270410871045e-05,1,0
221,463.0,531.0,39011.0,154.2885831036079,154.2885831036079,21.794689542483656,197.36135799308488,0.344676409429138,0.737664735005572,306.0,-4.0,-8.0,-0.025178194897875983,-0.025178194897875983,-0.08850762527233513,0.26709989904975373,0.0004541405099191542,-0.00013554680581184808,-3.0,-10.0,-0.6179127136612976,-0.6179127136612976,-0.07088779956427516,-0.32879141252496424,-9.495972278844578e-05,-0.0001917333384744424,-3.0,-4.0,-0.7786933488075647,-0.7786933488075647,-0.14444444444444926,-0.5720466187228794,0.0032161909838626657,-0.00015615715700034727,0,0
222,466.0,536.0,38734.0,153.9930285983449,153.9930285983449,21.754384531590414,197.4788645579147,0.3430085171397461,0.737763358876596,306.0,3.0,5.0,-0.29555450526299865,-0.29555450526299865,-0.0403050108932419,0.11750656482982436,-0.0016678922893919035,9.862387102410608e-05,-1.0,-3.0,-0.32073270016087463,-0.32073270016087463,-0.12881263616557703,0.3846064638795781,-0.0012137517794727493,-3.6922934787742e-05,0.0,3.0,-0.3471747686020876,-0.3471747686020876,-0.20168845315903994,-0.8049254628482174,0.0013213095515280382,-2.8393626992251342e-05,0,1
223,467.0,539.8600000000006,38415.0,154.4522039586203,154.4522039586203,21.731045751633985,197.15943126966047,0.34459193423836115,0.7377451627083074,306.0,1.0,3.860000000000582,0.4591753602753954,0.4591753602753954,-0.02333877995642908,-0.31943328825423123,0.0015834170986150364,-1.8196168288686643e-05,4.0,8.860000000000582,0.16362085501239676,0.16362085501239676,-0.06364379084967098,-0.20192672342440687,-8.447519077686705e-05,8.042770273541944e-05,1.0,-1.139999999999418,-0.45429185864890087,-0.45429185864890087,-0.13453159041394613,-0.5307181359493711,-0.00017943491356531283,-0.00011130563573902297,1,0
224,464.0,527.1200000000026,39189.0,153.909006433106,153.909006433106,21.79193899782135,197.04515693806025,0.34384551066561425,0.737729674850414,306.0,-3.0,-12.739999999997963,-0.5431975255143016,-0.5431975255143016,0.06089324618736569,-0.11427433160022815,-0.0007464235727469015,-1.5487857893403678e-05,-2.0,-8.87999999999738,-0.08402216523890615,-0.08402216523890615,0.03755446623093661,-0.4337076198544594,0.0008369935258681349,-3.368402618209032e-05,-3.0,-11.87999999999738,-0.4047548653997808,-0.4047548653997808,-0.09125816993464042,-0.049101155974881294,-0.00037675825360461435,-7.060696096983232e-05,0,0
225,466.0,538.0,38830.0,153.97430463744175,153.97430463744175,21.782734204793027,197.06538446579654,0.3445323393246114,0.7377847768122854,306.0,2.0,10.87999999999738,0.06529820433576106,0.06529820433576106,-0.009204793028324332,0.02022752773629577,0.0006868286589971628,5.510196187141769e-05,-1.0,-1.860000000000582,-0.4778993211785405,-0.4778993211785405,0.05168845315904136,-0.09404680386393238,-5.959491374973869e-05,3.9614103978014015e-05,3.0,7.0,-0.31427846616614374,-0.31427846616614374,-0.01195533769062962,-0.29597352728833926,-0.00014407010452660574,0.00012004180671343345,0,0
226,468.0,535.0,38030.0,153.51810442318111,153.51810442318111,21.654684095860567,197.54988248284067,0.34388791191310325,0.737799931974972,306.0,2.0,-3.0,-0.4562002142606332,-0.4562002142606332,-0.1280501089324595,0.48449801704413176,-0.0006444274115081638,1.5155162686575352e-05,4.0,7.879999999997381,-0.3909020099248721,-0.3909020099248721,-0.13725490196078383,0.5047255447804275,4.240124748899898e-05,7.025712455799304e-05,2.0,-1.0,-0.4749241751637783,-0.4749241751637783,-0.09970043572984721,0.07101792492596815,0.0008793947733571339,3.6573098375902724e-05,0,1
227,467.0,540.0,37778.0,154.40565432007241,154.40565432007241,21.73651960784314,198.2146927443688,0.34999803285390174,0.7378432555915484,306.0,-1.0,5.0,0.8875498968913007,0.8875498968913007,0.08183551198257177,0.6648102615281175,0.006110120940798491,4.332361657644057e-05,1.0,2.0,0.43134968263066753,0.43134968263066753,-0.04621459694988772,1.1493082785722493,0.0054656935292903275,5.847877926301592e-05,0.0,0.13999999999941792,-0.046549638547872974,-0.046549638547872974,0.005473856209153638,1.0552614747083169,0.005406098615540589,9.809288324102994e-05,1,0
228,466.0,533.0,38047.0,154.78415051728047,154.78415051728047,21.78167211328976,197.44616324696042,0.34803342864911085,0.737924088839612,306.0,-1.0,-7.0,0.37849619720805094,0.37849619720805094,0.04515250544661953,-0.7685294974083661,-0.0019646042047908874,8.083324806362757e-05,-2.0,-2.0,1.2660460940993516,1.2660460940993516,0.1269880174291913,-0.10371923588024856,0.004145516736007604,0.00012415686464006814,2.0,5.879999999997381,0.8751440841744795,0.8751440841744795,-0.010266884531592524,0.40100630890017896,0.004187917983496603,0.0001944139891980612,0,1
229,467.0,539.0,37484.0,153.69784168228645,153.69784168228645,21.725272331154684,197.3182797430078,0.3402835648148527,0.738084574930029,306.0,1.0,6.0,-1.0863088349940142,-1.0863088349940142,-0.056399782135073906,-0.12788350395263137,-0.0077498638342581305,0.00016048609041696693,0.0,-1.0,-0.7078126377859633,-0.7078126377859633,-0.011247276688454377,-0.8964130013609974,-0.009714468039049018,0.0002413193384805945,1.0,1.0,-0.27646295515529573,-0.27646295515529573,-0.0574618736383421,0.2528952772112518,-0.00424877450975869,0.0002997981177436104,1,0
230,470.0,536.0,37864.0,153.3687486901229,153.3687486901229,21.67124183006536,196.77981956003728,0.33630151690689425,0.73806660354527,306.0,3.0,-3.0,-0.32909299216353816,-0.32909299216353816,-0.05403050108932561,-0.5384601829705105,-0.003982047907958475,-1.7971384759007947e-05,4.0,3.0,-1.4154018271575524,-1.4154018271575524,-0.11043028322439952,-0.6663436869231418,-0.011731911742216605,0.00014251470565795898,2.0,1.0,-0.1493557330582007,-0.1493557330582007,0.016557734204791785,-0.7700629228033904,-0.007586395006209001,0.00026667157029802713,0,0
231,464.0,527.0,38663.0,153.6397936694311,153.6397936694311,21.6156862745098,197.74065540679547,0.33710797387360425,0.7380679962681789,306.0,-6.0,-9.0,0.2710449793081864,0.2710449793081864,-0.055555555555557135,0.9608358467581866,0.0008064569667100008,1.3927229088883664e-06,-3.0,-12.0,-0.05804801285535177,-0.05804801285535177,-0.10958605664488275,0.4223756637876761,-0.003175590941248474,-1.657866185011958e-05,-3.0,-13.0,-0.765860650641315,-0.765860650641315,-0.12083333333333712,-0.47403733757332134,-0.012890058980297492,0.00022474067663047492,0,0
232,464.0,535.0,38179.0,154.08554530324813,154.08554530324813,21.7505174291939,198.6588864406432,0.34107626451820294,0.7381068020085104,306.0,0.0,8.0,0.4457516338170251,0.4457516338170251,0.1348311546840968,0.918231033847718,0.003968290644598693,3.880574033154893e-05,-6.0,-1.0,0.7167966131252115,0.7167966131252115,0.07927559912853965,1.8790668806059045,0.004774747611308694,4.01984632404373e-05,-2.0,2.0,-0.6986052140323409,-0.6986052140323409,-0.031154684095859864,1.2127231936827627,-0.006957164130907911,0.00018271316889839628,0,1
233,465.0,542.0,37617.0,154.969817292271,154.969817292271,21.855228758169932,198.17568310539033,0.34016243027387666,0.7380277350837109,306.0,1.0,7.0,0.8842719890228636,0.8842719890228636,0.10471132897603397,-0.48320333525285264,-0.0009138342443262837,-7.906692479953126e-05,1.0,15.0,1.3300236228398887,1.3300236228398887,0.23954248366013076,0.43502769859486534,0.0030544564002724095,-4.0261184467982325e-05,-2.0,3.0,1.271975609984537,1.271975609984537,0.129956427015248,0.8574033623825414,-0.00012113454097606446,-5.6839846318101905e-05,1,0
234,462.0,528.0,37751.0,154.74908048601682,154.74908048601682,21.841258169934637,199.155932312019,0.34220765824678256,0.7381061397346795,306.0,-3.0,-14.0,-0.22073680625416614,-0.22073680625416614,-0.013970588235295622,0.9802492066286561,0.0020452279729059053,7.840465096864424e-05,-2.0,-7.0,0.6635351827686975,0.6635351827686975,0.09074074074073835,0.49704587137580347,0.0011313937285796216,-6.622738308870169e-07,-8.0,-8.0,1.380331795893909,1.380331795893909,0.170016339869278,2.376112751981708,0.005906141339888316,3.953618940955028e-05,0,0
235,467.0,537.0,37377.0,155.10905995792524,155.10905995792524,21.754193899782134,198.52215841700436,0.3443183978724499,0.7380634351493487,306.0,5.0,9.0,0.3599794719084173,0.3599794719084173,-0.08706427015250284,-0.6337738950146274,0.002110739625667324,-4.270458533084387e-05,2.0,-5.0,0.13924266565425114,0.13924266565425114,-0.10103485838779847,0.34647531161402867,0.004155967598573229,3.570006563780037e-05,3.0,10.0,1.4692662884941399,1.4692662884941399,0.1385076252723323,0.781503010208894,0.007210423998845639,-4.561118830181954e-06,0,0
236,467.0,535.0,37835.0,154.8295579019589,154.8295579019589,21.725027233115465,198.95957602352257,0.33941178739700356,0.7380403362068475,306.0,0.0,-2.0,-0.2795020559663328,-0.2795020559663328,-0.02916666666666856,0.4374176065182098,-0.004906610475446327,-2.309894250118738e-05,5.0,7.0,0.08047741594208446,0.08047741594208446,-0.1162309368191714,-0.19635628849641762,-0.002795870849779003,-6.580352783203125e-05,3.0,0.0,0.744012598710782,0.744012598710782,-0.02549019607843306,0.30068958287938585,-0.0016644771211993814,-6.646580166291827e-05,0,0
237,464.0,535.0,38994.0,154.53940964471454,154.53940964471454,21.649019607843137,198.44269519258734,0.33834766531856575,0.7381197658239627,306.0,-3.0,0.0,-0.2901482572443683,-0.2901482572443683,-0.07600762527232874,-0.5168808309352357,-0.0010641220784378125,7.94296171151565e-05,-3.0,-2.0,-0.5696503132107011,-0.5696503132107011,-0.1051742919389973,-0.07946322441702591,-0.005970732553884139,5.633067461396912e-05,-1.0,-7.0,-0.43040764755645,-0.43040764755645,-0.20620915032679576,0.26701208719700276,-0.0018147649553109102,9.20307402517695e-05,0,0
238,461.0,527.0,39728.0,153.95303324972724,153.95303324972724,21.548202614379086,197.97506406550028,0.3359085579666742,0.7380994449253955,306.0,-3.0,-8.0,-0.5863763949872975,-0.5863763949872975,-0.1008169934640506,-0.4676311270870599,-0.0024391073518915674,-2.032089856718322e-05,-6.0,-8.0,-0.8765246522316659,-0.8765246522316659,-0.17682461873637934,-0.9845119580222956,-0.00350322943032938,5.910871854797328e-05,-1.0,-1.0,-0.7960472362895814,-0.7960472362895814,-0.29305555555555074,-1.1808682465187132,-0.006299100280108383,-6.694809284057968e-06,0,0
239,463.0,530.0,40114.0,154.1015434013374,154.1015434013374,21.5614651416122,198.21777406251027,0.3371652059796982,0.7381012003406201,306.0,2.0,3.0,0.1485101516101679,0.1485101516101679,0.013262527233113275,0.24270999700999596,0.0012566480130239976,1.7554152246246346e-06,-1.0,-5.0,-0.43786624337712965,-0.43786624337712965,-0.08755446623093732,-0.22492113007706394,-0.0011824593388675697,-1.8565483342558586e-05,-4.0,-7.0,-1.0075165565878308,-1.0075165565878308,-0.19272875816993462,-0.30438435449408985,-0.007153191892751709,3.7765191271410536e-05,0,0
240,466.0,533.0,39880.0,154.51457601375566,154.51457601375566,21.552614379084964,200.79427208101154,0.3405211354779415,0.7381438745392693,306.0,3.0,3.0,0.41303261241824885,0.41303261241824885,-0.008850762527234934,2.576498018501269,0.003355929498243315,4.26741986492285e-05,5.0,6.0,0.5615427640284167,0.5615427640284167,0.0044117647058783405,2.819208015511265,0.004612577511267313,4.4429613873853135e-05,-1.0,-2.0,-0.3149818882032491,-0.3149818882032491,-0.172412854030501,1.8346960574889692,0.001109348080937933,0.00010353833242182642,0,0
241,463.0,531.0,40174.0,155.5320867502338,155.5320867502338,21.386356209150325,199.17698122802432,0.34384574238166,0.7381666692253811,306.0,-3.0,-2.0,1.0175107364781297,1.0175107364781297,-0.1662581699346397,-1.6172908529872245,0.0033246069037184967,2.2794686111771156e-05,0.0,1.0,1.4305433488963786,1.4305433488963786,-0.17510893246187464,0.9592071655140444,0.006680536401961812,6.546888476099966e-05,-1.0,-4.0,0.9926771055192489,0.9926771055192489,-0.26266339869281197,0.7342860354369805,0.005498077063094242,4.690340141844107e-05,0,0
242,457.0,530.9300000000003,39408.0,154.45833558223714,154.45833558223714,21.436578657865784,198.75049643842334,0.3403621845263209,0.7380730961662492,306.0,-6.0,-0.06999999999970896,-1.0737511679966474,-1.0737511679966474,0.05022244871545922,-0.4264847896009769,-0.0034835578553391033,-9.357305913193503e-05,-9.0,-2.069999999999709,-0.05624043151851765,-0.05624043151851765,-0.11603572121918049,-2.0437756425882014,-0.00015895095162060668,-7.077837302016388e-05,-4.0,3.930000000000291,0.5053023325098991,0.5053023325098991,-0.11162395651330215,0.7754323729230634,0.004453626559646706,-2.634875914631074e-05,0,0
243,457.0,521.0,38803.0,154.4031385819161,154.4031385819161,21.320479302832243,198.73545510836072,0.34199430849457896,0.738021689302781,306.0,0.0,-9.930000000000291,-0.05519700032104424,-0.05519700032104424,-0.11609935503354052,-0.015041330062615543,0.0016321239682580702,-5.140686346816192e-05,-6.0,-10.0,-1.1289481683176916,-1.1289481683176916,-0.0658769063180813,-0.44152611966359245,-0.0018514338870810332,-0.00014497992260009696,-6.0,-9.0,0.30159518057868695,0.30159518057868695,-0.24098583877995594,0.5176810458504519,0.004829102514880779,-7.95110378390973e-05,0,0
244,462.0,528.0,39071.0,154.02161838706198,154.02161838706198,21.32549019607843,199.38769955735984,0.34475206051455487,0.7380763210502326,306.0,5.0,7.0,-0.3815201948541187,-0.3815201948541187,0.005010893246186754,0.652244448999113,0.002757752019975912,5.463174745157229e-05,5.0,-2.930000000000291,-0.43671719517516294,-0.43671719517516294,-0.11108846178735376,0.6372031189364975,0.004389875988233982,3.224883983410365e-06,-4.0,-5.0,-0.4929576266936806,-0.4929576266936806,-0.22712418300653425,-1.406572523651704,0.0042309250366133755,-6.755348903675351e-05,0,0
245,464.0,529.0,40038.0,154.88412041861864,154.88412041861864,21.3333605664488,199.04729872281322,0.34981429275845727,0.7380149446281732,306.0,2.0,1.0,0.8625020315566587,0.8625020315566587,0.007870370370369528,-0.34040083454661385,0.005062232243902398,-6.137642205938931e-05,7.0,8.0,0.48098183670254,0.48098183670254,0.012881263616556282,0.3118436144524992,0.00781998426387831,-6.744674607817025e-06,1.0,-2.0,-0.6479663316151516,-0.6479663316151516,-0.052995642701525014,-0.12968250521109326,0.005968550376797277,-0.00015172459720791398,0,0
246,464.0,535.0,39171.0,153.77888239550194,153.77888239550194,21.341367102396514,197.50670798262476,0.3466206578447389,0.7380838923984103,306.0,0.0,6.0,-1.1052380231166978,-1.1052380231166978,0.00800653594771461,-1.5405907401884633,-0.0031936349137183795,6.894777023713772e-05,2.0,7.0,-0.2427359915600391,-0.2427359915600391,0.01587690631808414,-1.8809915747350772,0.0018685973301840186,7.571348177748405e-06,7.0,4.069999999999709,-0.679453186735202,-0.679453186735202,-0.09521155546926963,-1.2437884557985797,0.006258473318418001,1.079623216115877e-05,0,0
247,461.0,535.0,38775.0,153.1270590994971,153.1270590994971,21.354330065359473,196.49784777223675,0.3383061017784138,0.7380600832646189,306.0,-3.0,0.0,-0.6518232960048351,-0.6518232960048351,0.012962962962959068,-1.0088602103880078,-0.008314556066325085,-2.3809133791408144e-05,-3.0,6.0,-1.757061319121533,-1.757061319121533,0.02096949891067368,-2.549450950576471,-0.011508190980043465,4.5138636445729574e-05,4.0,14.0,-1.276079482418993,-1.276079482418993,0.03385076252722996,-2.237607336123972,-0.0036882067161651544,3.839396183791255e-05,0,0
248,460.0,525.0,37798.0,152.94714058177723,152.94714058177723,21.380664488017427,196.4376272906182,0.3413436227349396,0.7379647532319711,306.0,-1.0,-10.0,-0.17991851771986944,-0.17991851771986944,0.026334422657953382,-0.06022048161855764,0.0030375209565258188,-9.533003264783346e-05,-4.0,-10.0,-0.8317418137247046,-0.8317418137247046,0.03929738562091245,-1.0690806920065654,-0.005277035109799266,-0.0001191391664392416,-2.0,-3.0,-1.0744778052847437,-1.0744778052847437,0.05517429193899659,-2.9500722667416426,-0.0034084377796152476,-0.0001115678182614932,0,0
249,461.0,537.0,38152.0,152.20251130087354,152.20251130087354,21.33711873638344,195.22746451900753,0.3441036597319039,0.7380647347643484,306.0,1.0,12.0,-0.7446292809036947,-0.7446292809036947,-0.04354575163398522,-1.210162771610669,0.0027600369969642546,9.998153237733565e-05,0.0,2.0,-0.9245477986235642,-0.9245477986235642,-0.017211328976031837,-1.2703832532292267,0.005797557953490073,4.651499729502184e-06,-3.0,8.0,-2.681609117745097,-2.681609117745097,0.003758169934641842,-3.819834203805698,-0.005710633026553391,4.979013617523176e-05,0,0
250,463.0,530.0,37736.0,151.5465880374938,151.5465880374938,21.352151416122005,194.67676355100042,0.33420057121441665,0.7380304441732519,306.0,2.0,-7.0,-0.6559232633797478,-0.6559232633797478,0.015032679738563814,-0.5507009680071064,-0.009903088517487224,-3.429059109649746e-05,3.0,5.0,-1.4005525442834426,-1.4005525442834426,-0.028513071895421405,-1.7608637396177755,-0.007143051520522969,6.569094128083819e-05,-1.0,-5.0,-2.232294358008147,-2.232294358008147,0.010784313725491046,-2.829944431624341,-0.012420086630322236,-5.344822515840342e-05,0,0
251,461.0,523.0,37419.0,150.52410356159803,150.52410356159803,21.25841503267974,194.12921720974654,0.3287708777791334,0.7379605590907576,306.0,-2.0,-7.0,-1.0224844758957659,-1.0224844758957659,-0.0937363834422662,-0.5475463412538772,-0.005429693435283267,-6.988508249428094e-05,0.0,-14.0,-1.6784077392755137,-1.6784077392755137,-0.07870370370370239,-1.0982473092609837,-0.015332781952770491,-0.0001041756735907784,0.0,-12.0,-2.602955537899078,-2.602955537899078,-0.09591503267973422,-2.3686305624902104,-0.009535223999280418,-9.952417386127621e-05,0,0
252,461.0,527.5699999999997,38144.0,150.89747091045828,150.89747091045828,21.25149782135076,194.64273238454982,0.330896221437418,0.7379963261629242,306.0,0.0,4.569999999999709,0.37336734886025624,0.37336734886025624,-0.006917211328978823,0.513515174803274,0.0021253436582845953,3.576707216657038e-05,-2.0,-2.430000000000291,-0.6491171270355096,-0.6491171270355096,-0.10065359477124503,-0.03403116645060322,-0.003304349776998672,-3.411801032771056e-05,1.0,2.569999999999709,-2.049669671318952,-2.049669671318952,-0.12916666666666643,-1.7948949060683788,-0.010447401297521641,3.157293095312763e-05,0,0
253,456.0,525.0,37738.0,151.8064310199186,151.8064310199186,21.293572984749453,195.62889993328722,0.3375014741031058,0.7380014938466689,306.0,-5.0,-2.569999999999709,0.9089601094603097,0.9089601094603097,0.04207516339869244,0.9861675487373986,0.006605252665687844,5.167683744700113e-06,-5.0,2.0,1.282327458320566,1.282327458320566,0.035157952069713616,1.4996827235406727,0.00873059632397244,4.093475591127049e-05,-5.0,-12.0,-0.39608028095494774,-0.39608028095494774,-0.04354575163398877,0.401435414279689,-0.006602185628798052,-6.32409176795079e-05,0,0
254,459.0,531.0,37827.0,151.3640722176916,151.3640722176916,21.106100217864924,194.58681263208678,0.34172891586750487,0.7379690377540837,306.0,3.0,6.0,-0.4423588022270053,-0.4423588022270053,-0.18747276688452885,-1.0420873012004392,0.0042274417643990425,-3.245609258517579e-05,-2.0,3.430000000000291,0.4666013072333044,0.4666013072333044,-0.1453976034858364,-0.055919752463040595,0.010832694430086887,-2.7288408840475675e-05,-4.0,1.0,-0.18251581980220521,-0.18251581980220521,-0.24605119825708144,-0.08995091891364382,0.007528344653088215,-6.140641916818623e-05,0,0
255,457.0,525.0,37960.0,151.310971703346,151.310971703346,20.869798474945533,195.648762489903,0.3466705274359151,0.738062277728436,306.0,-2.0,-6.0,-0.05310051434557295,-0.05310051434557295,-0.236301742919391,1.0619498578162165,0.00494161156841022,9.323997435228826e-05,1.0,0.0,-0.49545931657257825,-0.49545931657257825,-0.42377450980391984,0.019862556615777294,0.009169053332809263,6.078388176711247e-05,-4.0,2.0,0.7868681417479877,0.7868681417479877,-0.3886165577342062,1.51954528015645,0.017899649656781702,0.00010171863767838296,0,0
256,461.0,533.0199999999968,37499.0,150.93366768235367,150.93366768235367,20.666830065359477,193.64872824845375,0.3420046400814086,0.7380369776993795,306.0,4.0,8.019999999996799,-0.37730402099234084,-0.37730402099234084,-0.202968409586056,-2.0000342414492422,-0.004665887354506515,-2.530002905654083e-05,2.0,2.0199999999967986,-0.4304045353379138,-0.4304045353379138,-0.439270152505447,-0.9380843836330257,0.0002757242139037053,6.793994529574743e-05,0.0,5.44999999999709,0.03619677189539061,0.03619677189539061,-0.5846677559912834,-0.9940041360960663,0.011108418643990592,4.065153645527175e-05,0,0
257,459.0,526.5299999999988,37348.0,148.59171828238942,148.59171828238942,20.606345315904136,193.36123053581886,0.32999000449503946,0.7379709404278425,306.0,-2.0,-6.489999999997963,-2.34194939996425,-2.34194939996425,-0.0604847494553411,-0.2874977126348881,-0.012014635586369116,-6.603727153697836e-05,2.0,1.5299999999988358,-2.7192534209565906,-2.7192534209565906,-0.2634531590413971,-2.2875319540841303,-0.01668052294087563,-9.133730059351919e-05,3.0,1.5299999999988358,-3.214712737529169,-3.214712737529169,-0.6872276688453169,-2.267669397468353,-0.007511469608066368,-3.055341882640672e-05,0,0
258,458.75,525.0,36926.0,148.6389949110486,148.6389949110486,20.54419934640523,192.59270231157365,0.3291506907467711,0.7380795794374803,306.0,-0.25,-1.5299999999988358,0.04727662865917637,0.04727662865917637,-0.06214596949890705,-0.768528224245216,-0.0008393137482683444,0.00010863900963775652,-2.25,-8.019999999996799,-2.2946727713050734,-2.2946727713050734,-0.12263071895424815,-1.0560259368801042,-0.01285394933463746,4.2601738100778164e-05,-0.25,-6.0,-2.725077306642987,-2.725077306642987,-0.5619008714596951,-1.9941103205131299,-0.012578225120733755,0.00011054168339652559,0,0
259,458.0,527.0,37058.0,148.48037702544207,148.48037702544207,20.482761437908493,193.5406918376445,0.33310472404123204,0.738299359293545,306.0,-0.75,2.0,-0.15861788560653167,-0.15861788560653167,-0.06143790849673536,0.9479895260708417,0.0039540332944609236,0.00021977985606469463,-1.0,0.47000000000116415,-0.1113412569473553,-0.1113412569473553,-0.12358387799564241,0.1794613018256257,0.003114719546192579,0.00032841886570245116,1.0,2.0,-2.830594677903946,-2.830594677903946,-0.3870370370370395,-2.1080706522585047,-0.013565803394683051,0.00023708156510893197,0,0
260,462.0,530.0,37759.0,148.33354327994016,148.33354327994016,20.412091503267973,192.1394173978254,0.3304098573757395,0.7382304863212934,306.0,4.0,3.0,-0.1468337455019082,-0.1468337455019082,-0.07066993464052018,-1.4012744398190762,-0.0026948666654925124,-6.887297225155464e-05,3.25,5.0,-0.30545163110843987,-0.30545163110843987,-0.13210784313725554,-0.45328491374823443,0.0012591666289684111,0.00015090688381314,1.0,-3.0199999999967986,-2.6001244024135133,-2.6001244024135133,-0.2547385620915037,-1.5093108506283386,-0.011594782705669049,0.00019350862191391816,0,0
261,462.0,531.0,36913.0,147.3093037150424,147.3093037150424,20.356345315904136,192.9171944976102,0.32856154483007693,0.7382415692790661,306.0,0.0,1.0,-1.024239564897755,-1.024239564897755,-0.05574618736383741,0.7777770997847995,-0.0018483125456625893,1.1082957772745594e-05,4.0,4.0,-1.1710733103996631,-1.1710733103996631,-0.1264161220043576,-0.6234973400342767,-0.004543179211155102,-5.779001447880905e-05,3.0,4.470000000001164,-1.2824145673470184,-1.2824145673470184,-0.25,-0.444036038208651,-0.0014284596649625225,0.0002706288512236421,0,0
262,461.0,531.0,37330.0,148.06220467482206,148.06220467482206,20.461764705882352,192.62079605236173,0.3314839027902202,0.7382633904226465,306.0,-1.0,0.0,0.7529009597796517,0.7529009597796517,0.10541938997821632,-0.29639844524848513,0.0029223579601432847,2.182114358040277e-05,-1.0,1.0,-0.27133860511810326,-0.27133860511810326,0.04967320261437891,0.48137865453631434,0.0010740454144806955,3.290410135314836e-05,2.25,6.0,-0.5767902362265431,-0.5767902362265431,-0.08243464052287663,0.028093740788079913,0.0023332120434491066,0.00018381098516628835,0,0
263,460.0,522.0,36796.0,147.83521201809316,147.83521201809316,20.345479302832242,192.5622208946905,0.32635274780555606,0.7382385890468274,306.0,-1.0,-9.0,-0.22699265672889624,-0.22699265672889624,-0.11628540305011015,-0.05857515767121413,-0.005131154984664155,-2.48013758191723e-05,-2.0,-9.0,0.5259083030507554,0.5259083030507554,-0.010866013071893832,-0.35497360291969926,-0.00220879702452087,-2.9802322387695312e-06,2.0,-5.0,-0.6451650073489077,-0.6451650073489077,-0.13728213507625142,-0.978470942953976,-0.006751976235675972,-6.077024671757858e-05,0,0
264,456.0,530.0,37291.0,147.54354009557596,147.54354009557596,20.378867102396516,193.26525755677545,0.32941271786485166,0.7384090026219686,306.0,-4.0,8.0,-0.291671922517196,-0.291671922517196,0.033387799564273735,0.7030366620849406,0.0030599700592955914,0.00017041357514124833,-5.0,-1.0,-0.5186645792460922,-0.5186645792460922,-0.08289760348583641,0.6444615044137265,-0.0020711849253685632,0.00014561219932207603,-6.0,0.0,-0.7900031843641955,-0.7900031843641955,-0.033224400871457505,1.1258401589500409,-0.0009971395108878678,0.0001785163006752244,0,0
265,463.0,536.0,37018.0,148.98541404924367,148.98541404924367,20.39776688453159,194.0354747873675,0.3340378499066148,0.7384389315555299,306.0,7.0,6.0,1.4418739536677094,1.4418739536677094,0.018899782135072485,0.7702172305920385,0.004625132041763125,2.992893356124071e-05,3.0,14.0,1.1502020311505134,1.1502020311505134,0.05228758169934622,1.4732538926769791,0.007685102101058716,0.00020034250870248904,1.0,5.0,1.6761103342012689,1.6761103342012689,0.04142156862745239,1.1182802897572799,0.005476305076537846,0.0001973622764637195,0,0
266,461.0,535.0,37153.0,148.79071223005727,148.79071223005727,20.31486928104575,194.22331110782548,0.33651978103894997,0.7383970415670108,306.0,-2.0,-1.0,-0.19470181918640606,-0.19470181918640606,-0.08289760348583997,0.1878363204579898,0.002481931132335191,-4.188998851906156e-05,5.0,5.0,1.2471721344813034,1.2471721344813034,-0.06399782135076748,0.9580535510500283,0.007107063174098316,-1.196105495782085e-05,0.0,4.0,0.7285075552352112,0.7285075552352112,-0.1468954248366039,1.6025150554637548,0.005035878248729753,0.00013365114436425518,0,0
267,460.0,527.0,37397.0,149.09124739011583,149.09124739011583,20.29880174291939,194.16615279265864,0.3344746821315736,0.738512384346108,306.0,-1.0,-8.0,0.3005351600585584,0.3005351600585584,-0.016067538126357306,-0.057158315166844886,-0.0020450989073763637,0.00011534277909719393,-3.0,-9.0,0.10583334087215235,0.10583334087215235,-0.09896514161219727,0.13067800529114493,0.00043683222495882745,7.345279057813237e-05,0.0,5.0,1.2560353720226658,1.2560353720226658,-0.04667755991285105,1.603931897968124,0.008121934326017544,0.0002737952992806214,0,0
268,460.0,524.0,36972.0,148.62730197639615,148.62730197639615,20.21525054466231,194.36090945879613,0.3321779480926721,0.7385008019559524,306.0,0.0,-3.0,-0.4639454137196708,-0.4639454137196708,-0.08355119825708002,0.19475666613749354,-0.0022967340389015156,-1.1582390155639999e-05,-1.0,-11.0,-0.1634102536611124,-0.1634102536611124,-0.09961873638343732,0.13759835097064865,-0.004341832946277879,0.00010376038894155393,4.0,-6.0,1.083761880820191,1.083761880820191,-0.1636165577342048,1.095651902020677,0.0027652302278204366,9.179933398373308e-05,0,0
269,460.0,528.0599999999977,37095.0,148.6591138603034,148.6591138603034,20.23918845315904,192.28371009515857,0.33071525057489093,0.7384923299153646,306.0,0.0,4.059999999997672,0.031811883907238325,0.031811883907238325,0.023937908496730387,-2.077199363637561,-0.001462697517781164,-8.472040587736984e-06,0.0,1.0599999999976717,-0.43213352981243247,-0.43213352981243247,-0.05961328976034963,-1.8824426975000677,-0.0037594315566826797,-2.0054430743376983e-05,-3.0,-7.940000000002328,-0.3263001889402801,-0.3263001889402801,-0.1585784313725469,-1.7517646922089227,-0.0033225993317238522,5.339835983475538e-05,0,0
270,462.0,535.0,35616.0,147.13593067449975,147.13593067449975,20.33480392156863,193.1024365841788,0.3287159980305149,0.7385019745702058,306.0,2.0,6.940000000002328,-1.5231831858036458,-1.5231831858036458,0.09561546840958712,0.8187264890202357,-0.001999252544376051,9.64465484121213e-06,2.0,11.0,-1.4913713018964074,-1.4913713018964074,0.11955337690631751,-1.2584728746173255,-0.0034619500621572152,1.172614253475146e-06,1.0,0.0,-1.6547815555575198,-1.6547815555575198,0.019934640522880187,-1.1208745236466768,-0.0078037830084350945,0.00010493300319502907,0,0
271,456.0,525.0,35480.0,147.5747343620129,147.5747343620129,20.126007625272333,192.26730407198417,0.33088443868058753,0.7384874972642637,306.0,-6.0,-10.0,0.43880368751314336,0.43880368751314336,-0.20879629629629548,-0.8351325121946331,0.002168440650072656,-1.4477305942173224e-05,-4.0,-3.0599999999976717,-1.0843794982905024,-1.0843794982905024,-0.11318082788670836,-0.016406023174397433,0.00016918810569660492,-4.832651100961094e-06,-4.0,-2.0,-1.5165130281029349,-1.5165130281029349,-0.172794117647058,-1.898848720674465,-0.0035902434509860748,-2.4887081844338077e-05,0,0
272,460.0,520.0,34725.0,146.60050016103213,146.60050016103213,20.061356209150325,192.774920528102,0.33382872183147394,0.7383707126760795,306.0,4.0,-5.0,-0.9742342009807601,-0.9742342009807601,-0.06465141612200753,0.5076164561178302,0.0029442831508864065,-0.00011678458818420445,-2.0,-15.0,-0.5354305134676167,-0.5354305134676167,-0.273447712418303,-0.3275160560768029,0.0051127238009590625,-0.00013126189412637768,0.0,-4.0,-2.026801815364024,-2.026801815364024,-0.1538943355119855,-1.5859889306941284,0.0016507737388018473,-0.00013008927987290253,0,0
273,459.0,523.0,33024.0,147.4086042191564,147.4086042191564,19.907380174291937,192.3419603744981,0.3304852806450362,0.738390722695519,306.0,-1.0,3.0,0.8081040581242576,0.8081040581242576,-0.1539760348583883,-0.43296015360391493,-0.0033434411864377567,2.00100194395203e-05,3.0,-2.0,-0.16613014285650252,-0.16613014285650252,-0.21862745098039582,0.0746563025139153,-0.0003991580355513502,-9.677456874468415e-05,-1.0,-5.059999999997672,-1.250509641147005,-1.250509641147005,-0.3318082788671042,0.058250279339517874,-0.0002299699298547453,-0.00010160721984564525,0,0
274,459.0,532.0,33440.0,146.04470784736392,146.04470784736392,19.84942810457516,192.31638250056423,0.3239837113548105,0.7384092297429353,306.0,0.0,9.0,-1.363896371792464,-1.363896371792464,-0.05795206971677658,-0.025577873933855244,-0.006501569290225662,1.8507047416349565e-05,-1.0,12.0,-0.5557923136682064,-0.5557923136682064,-0.21192810457516487,-0.4585380275377702,-0.009845010476663418,3.8517066855869864e-05,-3.0,-3.0,-1.091222827135823,-1.091222827135823,-0.4853758169934679,-0.7860540836145731,-0.004732286675704356,-9.274482727050781e-05,0,0
275,461.0,528.1699999999983,33284.0,146.7992110012353,146.7992110012353,19.781127450980392,192.68009535657853,0.32780245953849296,0.7383355712578967,306.0,2.0,-3.8300000000017462,0.7545031538713829,0.7545031538713829,-0.06830065359476833,0.3637128560143026,0.003818748183682441,-7.365848503859684e-05,2.0,5.169999999998254,-0.609393217921081,-0.609393217921081,-0.1262527233115449,0.33813498208044734,-0.0026828211065432206,-5.515143762224728e-05,5.0,3.1699999999982538,-0.7755233607775835,-0.7755233607775835,-0.34488017429194073,0.41279128459436265,-0.003081979142094571,-0.00015192600636693143,0,0
276,458.0,530.0,33544.0,146.7155085972338,146.7155085972338,19.799428104575163,193.02928127574998,0.3370866503309882,0.7384352348988352,306.0,-3.0,1.8300000000017462,-0.08370240400151374,-0.08370240400151374,0.018300653594771177,0.3491859191714468,0.009284190792495262,9.966364093849656e-05,-1.0,-2.0,0.6708007498698692,0.6708007498698692,-0.04999999999999716,0.7128987751857494,0.013102938976177703,2.6005155899899712e-05,-2.0,10.0,0.11500843620166279,0.11500843620166279,-0.261928104575162,0.2543607476479792,0.0032579284995142843,6.452222275576958e-05,0,0
277,459.5499999999993,530.0,33790.0,146.89414590223117,146.89414590223117,19.817184095860565,193.32510244760965,0.32993398521423023,0.7383808061188343,306.0,1.5499999999992724,0.0,0.1786373049973804,0.1786373049973804,0.017755991285401507,0.2958211718596715,-0.007152665116757995,-5.4428780000947974e-05,-1.4500000000007276,1.8300000000017462,0.09493490099586666,0.09493490099586666,0.036056644880172684,0.6450070910311183,0.002131525675737267,4.523486093754858e-05,0.5499999999992724,7.0,-0.5144583169252144,-0.5144583169252144,-0.09019607843137223,0.9831420731115657,-0.0005512954308059537,-9.916576684698697e-06,0,0
278,457.0,530.7699999999968,33524.0,147.32431557370307,147.32431557370307,19.773175381263616,192.93817498694506,0.32757229192808224,0.7383124551741905,306.0,-2.5499999999992724,0.7699999999967986,0.43016967147190144,0.43016967147190144,-0.04400871459694855,-0.3869274606645945,-0.0023616932861479922,-6.835094464374691e-05,-1.0,0.7699999999967986,0.6088069764692818,0.6088069764692818,-0.026252723311547044,-0.091106288804923,-0.009514358402905987,-0.0001227797246446949,-2.0,-1.2300000000032014,1.279607726339151,1.279607726339151,-0.0762527233115442,0.6217924863808264,0.0035885805732717158,-9.677456874479518e-05,0,0
279,455.0,524.0,33911.0,146.69815788727044,146.69815788727044,19.876824618736382,193.35558520366243,0.32888788246888334,0.7384652105811375,306.0,-2.0,-6.769999999996799,-0.6261576864326344,-0.6261576864326344,0.10364923747276578,0.41741021671737144,0.0013155905408011037,0.00015275540694692502,-4.549999999999272,-6.0,-0.19598801496073293,-0.19598801496073293,0.059640522875817226,0.03048275605277695,-0.0010461027453468885,8.440446230317811e-05,-6.0,-4.169999999998254,-0.10105311396486627,-0.10105311396486627,0.09569716775598991,0.6754898470838953,0.0010854229303903784,0.0001296393232407267,0,0
280,460.0,527.0,34201.0,147.35805354270755,147.35805354270755,19.868572984749452,193.5052336757514,0.32616734722020413,0.7383244758337931,306.0,5.0,3.0,0.6598956554371114,0.6598956554371114,-0.008251633986930074,0.1496484720889839,-0.0027205352486792123,-0.00014073474734432878,3.0,-3.7699999999967986,0.03373796900447701,0.03373796900447701,0.0953976034858357,0.5670586888063553,-0.0014049447078781085,1.202065960259624e-05,2.0,-3.0,0.6425449454737588,0.6425449454737588,0.06914488017428866,0.47595240000143235,-0.010919303110784095,-0.00011075906504209865,0,0
281,457.0,522.0,33845.0,146.75678310962914,146.75678310962914,19.707815904139434,192.77060352791827,0.32486341863749507,0.7382537699213215,306.0,-3.0,-5.0,-0.6012704330784118,-0.6012704330784118,-0.16075708061001848,-0.7346301478331441,-0.0013039285827090574,-7.070591247160252e-05,2.0,-2.0,0.0586252223586996,0.0586252223586996,-0.16900871459694855,-0.5849816757441602,-0.00402446383138827,-0.0002114406598159313,-2.5499999999992724,-8.0,-0.13736279260203332,-0.13736279260203332,-0.10936819172113132,-0.5544989196913832,-0.005070566576735158,-0.0001270361975127532,0,0
282,451.0,523.0,33627.0,146.1318687253599,146.1318687253599,19.823229847494552,192.0383451069166,0.3243473442094449,0.7383019063207839,306.0,-6.0,1.0,-0.624914384269232,-0.624914384269232,0.11541394335511868,-0.73225842100166,-0.0005160744280501839,4.8136399462328505e-05,-9.0,-4.0,-1.2261848173476437,-1.2261848173476437,-0.0453431372548998,-1.4668885688348041,-0.0018200030107592413,-2.256951300927401e-05,-6.0,-7.769999999996799,-1.1924468483431667,-1.1924468483431667,0.0500544662309359,-0.8998298800284488,-0.00322494771863735,-1.0548853406677772e-05,0,0
283,456.0,524.0,33511.0,145.73376345250375,145.73376345250375,19.709776688453157,191.5366892465387,0.3256283485135241,0.7382924069766126,306.0,5.0,1.0,-0.3981052728561565,-0.3981052728561565,-0.11345315904139497,-0.5016558603778947,0.0012810043040792363,-9.499344171270963e-06,-1.0,2.0,-1.0230196571253884,-1.0230196571253884,0.001960784313723707,-1.2339142813795547,0.0007649298760290524,3.863705529105754e-05,1.0,0.0,-0.9643944347666888,-0.9643944347666888,-0.16704793028322484,-1.8188959571237149,-0.0032595339553592173,-0.00017280360452487376,0,0
284,452.0,522.0,33793.0,145.18247055987084,145.18247055987084,19.562173202614378,190.66929058429716,0.3186972369643665,0.7383177315487581,306.0,-4.0,-2.0,-0.5512928926329153,-0.5512928926329153,-0.14760348583877914,-0.8673986622415555,-0.006931111549157598,2.5324572145546398e-05,1.0,-1.0,-0.9493981654890717,-0.9493981654890717,-0.2610566448801741,-1.3690545226194502,-0.005650107245078362,1.5825227974275435e-05,-8.0,-5.0,-2.1755829828367155,-2.1755829828367155,-0.3063997821350739,-2.8359430914542543,-0.007470110255837603,-6.744285034998576e-06,0,0
285,452.0,522.0,33261.0,144.94733341633238,144.94733341633238,19.56985294117647,192.25167356261292,0.3176075400941212,0.7383274361978169,306.0,0.0,0.0,-0.23513714353845216,-0.23513714353845216,0.007679738562092808,1.5823829783157635,-0.0010896968702453491,9.70464905880597e-06,-4.0,-2.0,-0.7864300361713674,-0.7864300361713674,-0.13992374727668633,0.714984316074208,-0.008020808419402947,3.502922120435237e-05,-5.0,0.0,-1.8094496932967559,-1.8094496932967559,-0.13796296296296262,-0.5189299653053467,-0.007255878543373895,7.366627649540991e-05,0,0
286,457.0,534.0,32969.0,146.01457755054562,146.01457755054562,19.41644880174292,192.24802073145972,0.3202033071153342,0.7383824286897198,306.0,5.0,12.0,1.0672441342132402,1.0672441342132402,-0.15340413943355102,-0.003652831153203806,0.0025957670212130024,5.4992491902883245e-05,5.0,12.0,0.832106990674788,0.832106990674788,-0.14572440087145822,1.5787301471625597,0.0015060701509676533,6.469714096168921e-05,6.0,11.0,-0.11729117481428375,-0.11729117481428375,-0.4067810457516323,0.2096756245431095,-0.0041440370941107085,8.052236893596465e-05,0,0
287,452.0,523.0,32999.0,144.44007497900841,144.44007497900841,19.504901960784313,191.3458070443975,0.31986791759288796,0.7383169894124947,306.0,-5.0,-11.0,-1.5745025715372094,-1.5745025715372094,0.08845315904139284,-0.9022136870622148,-0.00033538952244621667,-6.543927722513221e-05,0.0,1.0,-0.5072584373239692,-0.5072584373239692,-0.06495098039215819,-0.9058665182154186,0.0022603774987667857,-1.0446785322248964e-05,-4.0,-1.0,-1.2936884734953367,-1.2936884734953367,-0.20487472766884451,-0.19088220214121066,-0.0057604309206361615,2.4582435882103404e-05,0,0
288,456.0,527.0,32868.0,145.31018268219333,145.31018268219333,19.518055555555556,191.03795200578477,0.32249302555279014,0.7384114752407946,306.0,4.0,4.0,0.8701077031849138,0.8701077031849138,0.013153594771242894,-0.307855038612729,0.002625107959902173,9.448582829996166e-05,-1.0,-7.0,-0.7043948683522956,-0.7043948683522956,0.10160675381263573,-1.2100687256749438,0.0022897184374559565,2.9046551074829452e-05,4.0,5.0,0.1277121223224924,0.1277121223224924,-0.044117647058822484,0.3686614214876158,0.0037957885884236098,9.374369203651867e-05,0,0
289,459.0,536.0,32646.0,144.39137254947082,144.39137254947082,19.49910130718954,190.93215102730443,0.316087111351144,0.7386039117582484,306.0,3.0,9.0,-0.9188101327225127,-0.9188101327225127,-0.01895424836601478,-0.10580097848034598,-0.006405914201646157,0.00019243651745370904,7.0,13.0,-0.048702429537598846,-0.048702429537598846,-0.005800653594771887,-0.413656017093075,-0.0037808062417439836,0.0002869223457536707,7.0,14.0,-0.5559608668615681,-0.5559608668615681,-0.07075163398693007,-1.3195225353084936,-0.0015204287429771979,0.00027647556043142174,0,0
290,460.0,537.0,32828.0,144.49382588485443,144.49382588485443,19.578022875816995,190.97084592184052,0.3158230444614519,0.7385152566666696,306.0,1.0,1.0,0.10245333538361479,0.10245333538361479,0.07892156862745381,0.03869489453609276,-0.000264066889692105,-8.865509157873763e-05,4.0,10.0,-0.8163567973388979,-0.8163567973388979,0.05996732026143903,-0.06710608394425321,-0.006669981091338262,0.00010378142587497141,3.0,3.0,-1.5207516656911935,-1.5207516656911935,0.16157407407407476,-1.277174809619197,-0.004380262653882305,0.00013282797694980086,0,0
291,457.0,537.0,33060.0,144.68635575145353,144.68635575145353,19.4744825708061,190.5525780712288,0.315035236740085,0.7385772388744978,306.0,-3.0,0.0,0.1925298665991022,0.1925298665991022,-0.1035403050108954,-0.418267850611727,-0.0007878077213668844,6.198220782815955e-05,-2.0,1.0,0.294983201982717,0.294983201982717,-0.024618736383441586,-0.37957295607563424,-0.0010518746110589894,-2.667288375057808e-05,5.0,14.0,0.24628077244511815,0.24628077244511815,-0.030419389978213474,-0.7932289731687092,-0.004832680852802973,0.0002602494620030926,0,1
292,457.0,542.1500000000015,33186.0,143.46183954262833,143.46183954262833,19.489242919389977,189.57131443689323,0.31155180652821,0.738599003919589,306.0,0.0,5.150000000001455,-1.2245162088252073,-1.2245162088252073,0.014760348583877203,-0.9812636343355621,-0.0034834302118749716,2.1765045091215462e-05,-3.0,5.150000000001455,-1.031986342226105,-1.031986342226105,-0.08877995642701819,-1.399531484947289,-0.004271237933241856,8.374725291937501e-05,1.0,15.150000000001455,-1.848343139565003,-1.848343139565003,-0.028812636165579164,-1.4666375688915423,-0.010941219024580118,0.00018752867879434643,1,0
293,453.0,523.3600000000006,33265.0,143.72041147098767,143.72041147098767,19.367020697167757,190.59549634586563,0.3127999314991517,0.7385760101617551,306.0,-4.0,-18.790000000000873,0.25857192835934484,0.25857192835934484,-0.12222222222222001,1.0241819089723947,0.0012481249709416775,-2.2993757833877915e-05,-4.0,-13.639999999999418,-0.9659442804658624,-0.9659442804658624,-0.10746187363834281,0.04291827463683262,-0.002235305240933294,-1.2287127426624522e-06,-6.0,-12.639999999999418,-0.6709610784831455,-0.6709610784831455,-0.1320806100217844,-0.3366546814388016,-0.0032871798519922835,-2.7901596493240532e-05,0,0
294,451.0,516.0,33809.0,144.04127037577854,144.04127037577854,19.351770152505445,189.8120832444436,0.31257809214090415,0.7386074892056533,306.0,-2.0,-7.360000000000582,0.3208589047908674,0.3208589047908674,-0.015250544662311682,-0.7834131014220134,-0.0002218393582475442,3.1479043898219317e-05,-6.0,-26.150000000001455,0.5794308331502123,0.5794308331502123,-0.1374727668845317,0.24076880755038133,0.0010262856126941333,8.485286064341402e-06,-9.0,-21.0,-0.4525555090758928,-0.4525555090758928,-0.22625272331154989,-1.1587626773969077,-0.0032449523205477226,9.223253898371642e-05,0,0
295,449.0,514.0,33506.0,143.3530563998033,143.3530563998033,19.373502178649236,188.89331711978326,0.3107090696262616,0.738619851910211,306.0,-2.0,-2.0,-0.6882139759752306,-0.6882139759752306,0.021732026143791217,-0.9187661246603511,-0.0018690225146425488,1.236270455762245e-05,-4.0,-9.360000000000582,-0.36735507118436317,-0.36735507118436317,0.006481481481479534,-1.7021792260823645,-0.002090861872890093,4.384174845584177e-05,-8.0,-23.0,-1.3332993516502256,-1.3332993516502256,-0.10098039215686327,-1.6592609514455319,-0.004326167113823387,4.2613035713179315e-05,0,0
296,456.0,528.0,33032.0,142.64453836313638,142.64453836313638,19.347467320261437,189.0936177595114,0.30158765529990994,0.7385860241316502,306.0,7.0,14.0,-0.7085180366669306,-0.7085180366669306,-0.026034858387799176,0.20030063972814105,-0.009121414326351662,-3.382777856075769e-05,5.0,12.0,-1.3967320126421612,-1.3967320126421612,-0.004302832244007959,-0.7184654849322101,-0.010990436840994211,-2.1465074003135243e-05,-1.0,-14.150000000001455,-0.8173011794919489,-0.8173011794919489,-0.14177559912853965,-0.47769667738182875,-0.009964151228300078,-1.2979787938793841e-05,0,0
297,457.0,526.8399999999965,33317.0,142.82053665111403,142.82053665111403,19.271922657952068,188.41440248078695,0.302621923514845,0.7385647670895445,306.0,1.0,-1.1600000000034925,0.17599828797764872,0.17599828797764872,-0.07554466230936896,-0.6792152787244561,0.0010342682149350746,-2.125704210564905e-05,8.0,12.839999999996508,-0.5325197486892819,-0.5325197486892819,-0.10157952069716814,-0.47891463899631503,-0.008087146111416588,-5.508482066640674e-05,4.0,3.4799999999959255,-0.899874819873645,-0.899874819873645,-0.0950980392156886,-2.1810938650786795,-0.01017800798430668,-1.1243072210564975e-05,0,0
298,454.0,523.0,33663.0,142.0099950375393,142.0099950375393,19.347712418300652,189.16735736436527,0.3012696714615546,0.7385947688732272,306.0,-3.0,-3.8399999999965075,-0.8105416135747134,-0.8105416135747134,0.07578976034858442,0.752954883578326,-0.0013522520532904259,3.000178368262052e-05,-2.0,-5.0,-0.6345433255970647,-0.6345433255970647,0.00024509803921546336,0.07373960485386988,-0.00031798383835535127,8.744741576971471e-06,3.0,7.0,-2.031275338239226,-2.031275338239226,-0.004057734204792496,-0.6447258800783402,-0.011308420679349562,-1.2720332426163772e-05,0,0
299,454.0,521.0,34078.0,143.0994890817956,143.0994890817956,19.27924836601307,189.035189842134,0.30329226713449786,0.7385775626095292,306.0,0.0,-2.0,1.0894940442562984,1.0894940442562984,-0.06846405228758101,-0.1321675222312706,0.0020225956729432726,-1.7206263697944202e-05,-3.0,-5.8399999999965075,0.27895243068158493,0.27895243068158493,0.007325708061003411,0.6207873613470554,0.0006703436196528467,1.2795519984676318e-05,5.0,7.0,-0.25356731800769694,-0.25356731800769694,-0.09425381263616472,0.14187272235074033,-0.007416802491763741,-4.2289300681730424e-05,0,0
300,462.0,532.0,33580.0,143.91169846362197,143.91169846362197,19.37393790849673,192.33710552467798,0.31154385424479025,0.7385941595813028,306.0,8.0,11.0,0.8122093818263636,0.8122093818263636,0.09468954248365691,3.301915682543978,0.008251587110292391,1.6596971773585878e-05,8.0,9.0,1.901703426082662,1.901703426082662,0.026225490196075896,3.1697481603127073,0.010274182783235664,-6.092919243583239e-07,6.0,4.0,1.2671601004855972,1.2671601004855972,0.02647058823529136,3.243487765166577,0.009956198944880312,8.135449652613147e-06,0,0
301,455.0,531.0,33389.0,146.0844424320676,146.0844424320676,19.425980392156863,191.56220185152975,0.31829817173216396,0.7385901578890732,306.0,-7.0,-1.0,2.172743968445616,2.172743968445616,0.05204248366013431,-0.7749036731482306,0.006754317487373707,-4.001692229582687e-06,1.0,10.0,2.9849533502719794,2.9849533502719794,0.14673202614379122,2.5270120093957473,0.015005904597666098,1.259527954400319e-05,-2.0,4.1600000000034925,3.2639057809535643,3.2639057809535643,0.15405773420479463,3.1477993707428027,0.015676248217318944,2.539079952867951e-05,0,0
302,456.0,530.0,32815.0,144.8275105754048,144.8275105754048,19.419444444444444,190.34260713390364,0.31263287585818617,0.7384818566390892,306.0,1.0,-1.0,-1.2569318566627885,-1.2569318566627885,-0.006535947712418277,-1.2195947176261086,-0.005665295873977794,-0.00010830124998406632,-6.0,-2.0,0.9158121117828273,0.9158121117828273,0.04550653594771603,-1.9944983907743392,0.001089021613395913,-0.000112302942213649,2.0,7.0,2.8175155378654893,2.8175155378654893,0.07173202614379193,1.1752497695383681,0.011363204396631577,-0.00011291223413800733,0,0
303,454.0,521.0,32961.0,144.6567039657676,144.6567039657676,19.468845315904137,191.29047075412015,0.3112139057364726,0.7385093558068369,306.0,-2.0,-9.0,-0.17080660963719652,-0.17080660963719652,0.0494008714596923,0.9478636202165092,-0.0014189701217135475,2.749916774769101e-05,-1.0,-10.0,-1.427738466299985,-1.427738466299985,0.04286492374727402,-0.27173109740959944,-0.007084265995691341,-8.08020822363753e-05,0.0,0.0,1.5572148839719944,1.5572148839719944,0.18959694989106524,2.255280911986148,0.007921638601974756,-6.820680269237211e-05,0,0
304,454.0,530.0,32679.0,145.26875461161373,145.26875461161373,19.463834422657953,191.07524231064286,0.3127388399275014,0.7385091107655195,306.0,0.0,9.0,0.612050645846125,0.612050645846125,-0.005010893246183201,-0.21522844347728665,0.0015249341910287817,-2.450413173482602e-07,-2.0,0.0,0.4412440362089285,0.4412440362089285,0.044389978213509096,0.7326351767392225,0.00010596406931523417,2.725412643034275e-05,-8.0,-2.0,1.3570561479917558,1.3570561479917558,0.08989651416122513,-1.2618632140351167,0.0011949856827111471,-8.504881578330625e-05,0,0
305,453.0,530.0,32978.0,144.5204234195155,144.5204234195155,19.599237472766884,191.42318823921798,0.30611037810184616,0.7384785721504611,306.0,-1.0,0.0,-0.7483311920982203,-0.7483311920982203,0.1354030501089305,0.34794592857511475,-0.006628461825655241,-3.0538615058417484e-05,-1.0,9.0,-0.1362805462520953,-0.1362805462520953,0.1303921568627473,0.1327174850978281,-0.005103527634626459,-3.0783656375765744e-05,-2.0,-1.0,-1.5640190125520803,-1.5640190125520803,0.17325708061002132,-0.13901361231177134,-0.0121877936303178,-0.00011158573861214105,0,0
306,453.0,525.0,32986.0,145.10923639559806,145.10923639559806,19.657026143790848,190.88097229673662,0.30996784968599556,0.7384979701509663,306.0,0.0,-5.0,0.5888129760825507,0.5888129760825507,0.0577886710239639,-0.5422159424813628,0.0038574715841493967,1.939800050521079e-05,-1.0,-5.0,-0.15951821601566962,-0.15951821601566962,0.1931917211328944,-0.1942700139062481,-0.002770990241505844,-1.1140614553206696e-05,-3.0,-5.0,0.28172582019325887,0.28172582019325887,0.2375816993464035,0.5383651628329744,-0.00266502617219061,1.6113511877136055e-05,0,0
307,451.0,521.0,32714.0,144.66013083955795,144.66013083955795,19.732734204793026,189.9061224279183,0.3064873674930414,0.7385112121214275,306.0,-2.0,-4.0,-0.4491055560401094,-0.4491055560401094,0.07570806100217808,-0.9748498688183247,-0.0034804821929541596,1.3241970461153052e-05,-2.0,-9.0,0.1397074200424413,0.1397074200424413,0.13349673202614198,-1.5170658112996875,0.0003769893911952371,3.263997096636384e-05,-3.0,0.0,0.003426873790346008,0.003426873790346008,0.2638888888888893,-1.3843483262018594,-0.004726538243431222,1.856314590598096e-06,0,0
308,451.0,522.0,32392.0,144.4026552412708,144.4026552412708,19.861083877995643,188.50763070471808,0.30688445639648526,0.7384454989744946,306.0,0.0,1.0,-0.25747559828715794,-0.25747559828715794,0.12834967320261725,-1.398491723200209,0.00039708890344386516,-6.571314693282204e-05,-2.0,-3.0,-0.7065811543272673,-0.7065811543272673,0.20405773420479534,-2.3733415920185337,-0.0030833932895102945,-5.247117647166899e-05,-3.0,-8.0,-0.8660993703429369,-0.8660993703429369,0.39724945533768974,-2.5676116059247818,-0.0058543835310161385,-6.361179102487569e-05,0,0
309,453.0,525.0,32546.0,142.56011704447235,142.56011704447235,19.83848039215686,186.88490706410758,0.30376256922697736,0.7385142106635898,306.0,2.0,3.0,-1.8425381967984436,-1.8425381967984436,-0.02260348583878269,-1.6227236406105021,-0.0031218871695078976,6.871168909516889e-05,2.0,4.0,-2.1000137950856015,-2.1000137950856015,0.10574618736383457,-3.021215363810711,-0.0027247982660640324,2.998542162346851e-06,0.0,-5.0,-1.9603063750431602,-1.9603063750431602,0.23924291938997655,-4.538281175110399,-0.0023478088748687953,3.563851312871069e-05,0,0
310,451.0,527.0,32592.0,142.5122760095012,142.5122760095012,19.806154684095862,187.47351302299845,0.31555565083169596,0.7385329023685331,306.0,-2.0,2.0,-0.04784103497115666,-0.04784103497115666,-0.03232570806099844,0.5886059588908665,0.011793081604718592,1.8691704943285536e-05,0.0,5.0,-1.8903792317696002,-1.8903792317696002,-0.054929193899781126,-1.0341176817196356,0.008671194435210694,8.740339403845443e-05,-2.0,2.0,-2.5969603860968675,-2.5969603860968675,0.1491285403050142,-3.4074592737381693,0.0055878011457003995,3.493221756678544e-05,0,0
311,451.0,524.7200000000012,32229.0,142.79653089856546,142.79653089856546,19.73725490196078,187.0071672806326,0.314073927050128,0.7385097496649798,306.0,0.0,-2.279999999998836,0.28425488906427177,0.28425488906427177,-0.0688997821350803,-0.4663457423658599,-0.0014817237815679674,-2.315270355324195e-05,-2.0,-0.27999999999883585,0.2364138540931151,0.2364138540931151,-0.10122549019607874,0.12226021652500663,0.010311357823150624,-4.4609986099564125e-06,0.0,3.720000000001164,-1.8635999409924864,-1.8635999409924864,0.004520697167755827,-2.8989551472857045,0.007586559557086592,-1.4624564476095614e-06,0,0
312,449.0,527.0,32928.0,141.3591322268385,141.3591322268385,19.70841503267974,186.55501234038866,0.3005005671358289,0.7384510535040713,306.0,-2.0,2.279999999998836,-1.4373986717269531,-1.4373986717269531,-0.028839869281043207,-0.4521549402439291,-0.013573359914299088,-5.869616090858898e-05,-2.0,0.0,-1.1531437826626814,-1.1531437826626814,-0.09773965141612351,-0.918500682609789,-0.015055083695867055,-8.184886446183093e-05,-2.0,5.0,-3.0435230144322816,-3.0435230144322816,-0.15266884531590463,-1.9526183643294246,-0.006383889260656361,5.5545295766235014e-06,0,0
313,449.0,520.0,32633.0,141.8059678670341,141.8059678670341,19.77254901960784,185.70802065670568,0.3009675468131839,0.7384976218728458,306.0,0.0,-7.0,0.4468356401955873,0.4468356401955873,0.0641339869281019,-0.8469916836829725,0.0004669796773549839,4.656836877459103e-05,-2.0,-4.720000000001164,-0.9905630315313658,-0.9905630315313658,0.0352941176470587,-1.2991466239269016,-0.013106380236944104,-1.212779213399795e-05,-4.0,-5.0,-0.7541491774382507,-0.7541491774382507,-0.06593137254902004,-1.176886407401895,-0.00279502241379348,-1.6588790743954362e-05,0,0
314,451.0,520.0,33272.0,141.01641896610124,141.01641896610124,19.780283224400872,186.54952622532917,0.2976243283657715,0.7384256603671056,306.0,2.0,0.0,-0.7895489009328571,-0.7895489009328571,0.007734204793031552,0.8415055686234894,-0.003343218447412366,-7.196150574029225e-05,2.0,-7.0,-0.3427132607372698,-0.3427132607372698,0.07186819172113346,-0.005486115059483154,-0.002876238770057382,-2.5393136965701224e-05,0.0,-7.0,-1.4958570433999512,-1.4958570433999512,-0.02587145969499005,-0.9239867976692722,-0.017931322465924437,-0.00010724200142753215,0,0
315,453.0,522.0,33660.0,142.46302479153857,142.46302479153857,20.067047930283223,189.5226095502266,0.30493293963553564,0.738478879913006,306.0,2.0,2.0,1.4466058254373309,1.4466058254373309,0.2867647058823515,2.9730833248974307,0.00730861126976412,5.321954590042921e-05,4.0,2.0,0.6570569245044737,0.6570569245044737,0.29449891067538303,3.81458889352092,0.003965392822351754,-1.8741959839863043e-05,2.0,-2.720000000001164,-0.3335061070268921,-0.3335061070268921,0.32979302832244173,2.5154422695940184,-0.00914098741459235,-3.086975197386099e-05,0,0
316,451.0,521.0,33191.0,145.04202307125095,145.04202307125095,20.072984749455337,188.28343738504938,0.3285938007073674,0.7386241301991581,306.0,-2.0,-1.0,2.57899827971238,2.57899827971238,0.005936819172113417,-1.239172165177223,0.02366086107183174,0.00014525028615208768,0.0,1.0,4.025604105149711,4.025604105149711,0.2927015250544649,1.7339111597202077,0.03096947234159586,0.0001984698320525169,2.0,-6.0,3.682890844412441,3.682890844412441,0.36456971677559835,1.7284250446607246,0.02809323357153848,0.00017307669508681567,0,0
317,448.0,514.0,33768.0,143.88702424928056,143.88702424928056,20.012173202614377,188.33491978035096,0.31331779785261005,0.7385657955618465,306.0,-3.0,-7.0,-1.1549988219703948,-1.1549988219703948,-0.06081154684095935,0.05148239530157639,-0.015276002854757331,-5.83346373115301e-05,-5.0,-8.0,1.423999457741985,1.423999457741985,-0.054874727668845935,-1.1876897698756466,0.008384858217074409,8.691564884055758e-05,-1.0,-6.0,2.0810563822464587,2.0810563822464587,0.2396241830065371,2.6268991236452734,0.012350251039426163,6.817368900069454e-05,0,0
318,452.0,521.0,33034.0,143.54706490067412,143.54706490067412,20.16846405228758,187.7519180390659,0.3065112447361309,0.7385980007695216,306.0,4.0,7.0,-0.33995934860644184,-0.33995934860644184,0.1562908496732014,-0.5830017412850452,-0.006806553116479153,3.2205207675106706e-05,1.0,0.0,-1.4949581705768367,-1.4949581705768367,0.09547930283224204,-0.5315193459834688,-0.022082555971236484,-2.6129429636423396e-05,1.0,1.0,2.530645934572874,2.530645934572874,0.38818082788670694,1.2023918137367389,0.008886916370359377,0.0001723404024160935,0,0
319,449.0,524.0,33880.0,143.2461036360199,143.2461036360199,20.221813725490197,189.41044618806524,0.3101787359914348,0.7387743864963258,306.0,-3.0,3.0,-0.30096126465420525,-0.30096126465420525,0.053349673202617964,1.6585281489993235,0.003667491255303912,0.00017638572680411801,1.0,10.0,-0.6409206132606471,-0.6409206132606471,0.20964052287581936,1.0755264077142783,-0.0031390618611752408,0.00020859093447922472,-4.0,2.0,0.7830788444813379,0.7830788444813379,0.15476579520697342,-0.11216336216136824,0.005245796355899168,0.0002955065833197823,0,0
320,453.0,523.0,33335.0,145.04419159985125,145.04419159985125,20.419471677559912,188.41093417894498,0.31692860872641127,0.7387323593781665,306.0,4.0,-1.0,1.7980879638313354,1.7980879638313354,0.19765795206971504,-0.9995120091202523,0.006749872734976459,-4.202711815926019e-05,1.0,2.0,1.4971266991771301,1.4971266991771301,0.251007625272333,0.6590161398790713,0.01041736399028037,0.00013435860864485782,2.0,2.0,0.0021685286002934845,0.0021685286002934845,0.34648692810457504,0.12749679389560242,-0.011665191980956113,0.00010822917900843443,0,0
321,451.0,524.0,33304.0,144.49426328097044,144.49426328097044,20.497875816993464,187.78649661090813,0.3141037922113287,0.7387631936790118,306.0,-2.0,1.0,-0.5499283188808022,-0.5499283188808022,0.07840413943355173,-0.6244375680368535,-0.00282481651508254,3.083430084527272e-05,2.0,0.0,1.2481596449505332,1.2481596449505332,0.27606209150326677,-1.6239495771571058,0.003925056219893919,-1.1192817313987469e-05,3.0,10.0,0.6072390316898861,0.6072390316898861,0.48570261437908613,-0.5484231694428274,0.000785994358718678,0.00019739811716523725,0,0
322,450.0,525.0,34477.0,143.41441833818544,143.41441833818544,20.476797385620912,186.83002870697288,0.31207271241833257,0.7387983985975677,306.0,-1.0,1.0,-1.0798449427850016,-1.0798449427850016,-0.021078431372551165,-0.9564679039352484,-0.00203107979299616,3.5204918555908904e-05,-3.0,2.0,-1.6297732616658038,-1.6297732616658038,0.05732570806100057,-1.5809054719721019,-0.0048558963080787,6.603921940118163e-05,-2.0,4.0,-0.13264656248867368,-0.13264656248867368,0.30833333333333357,-0.9218893320930306,0.005561467682201671,0.00020039782804603945,0,0
323,447.0,518.0,34991.0,143.58247842991864,143.58247842991864,20.460212418300653,187.35506355381926,0.31793385393881646,0.7387981181051216,306.0,-3.0,-7.0,0.1680600917331958,0.1680600917331958,-0.01658496732025938,0.5250348468463812,0.005861141520483892,-2.804924460475533e-07,-4.0,-6.0,-0.9117848510518058,-0.9117848510518058,-0.037663398692810546,-0.43143305708886714,0.0038300617274877324,3.492442610986135e-05,-2.0,-6.0,0.3363747938987274,0.3363747938987274,0.23839869281045623,-2.055382634245973,0.007755117947381651,2.3731608795873882e-05,0,0
324,444.0,511.3600000000006,35065.0,143.16946748960643,143.16946748960643,20.499564270152504,185.09143941208436,0.30830905898150024,0.7388898749756657,306.0,-3.0,-6.639999999999418,-0.41301094031220487,-0.41301094031220487,0.039351851851851194,-2.2636241417349083,-0.009624794957316218,9.175687054407966e-05,-6.0,-13.639999999999418,-0.24495084857900906,-0.24495084857900906,0.022766884531591813,-1.738589294888527,-0.003763653436832326,9.147637809803211e-05,-9.0,-11.639999999999418,-1.874724110244813,-1.874724110244813,0.08009259259259238,-3.319494766860629,-0.008619549744911026,0.00015751559749921373,0,0
325,446.0,516.0,35670.0,142.0204991992101,142.0204991992101,20.47905773420479,186.02815223183447,0.30205146397682925,0.7388628990042443,306.0,2.0,4.639999999999418,-1.1489682903963399,-1.1489682903963399,-0.0205065359477139,0.9367128197501131,-0.0062575950046709905,-2.6975971421427936e-05,-1.0,-2.0,-1.5619792307085447,-1.5619792307085447,0.018845315904137294,-1.3269113219847952,-0.01588238996198721,6.478089912265173e-05,-5.0,-8.0,-2.4737640817603506,-2.4737640817603506,-0.01881808278867325,-1.7583443790736624,-0.012052328234499476,9.970532523251308e-05,0,0
326,454.0,525.0,36653.0,142.05117994810365,142.05117994810365,20.528567538126364,186.28782015261046,0.3028905128307557,0.7388041744045183,306.0,8.0,9.0,0.030680748893558984,0.030680748893558984,0.04950980392157334,0.2596679207759962,0.0008390488539264385,-5.872459972600108e-05,10.0,13.639999999999418,-1.1182875415027809,-1.1182875415027809,0.029003267973859437,1.1963807405261093,-0.005418546150744552,-8.570057114742902e-05,4.0,0.0,-1.36323839008179,-1.36323839008179,0.05177015250545125,-0.5422085543624178,-0.009182199587576878,5.775806950603091e-06,0,0
327,451.0,525.0,37576.0,142.7265617436477,142.7265617436477,20.62720588235294,186.0180994391966,0.3111718632144775,0.7388643501630796,306.0,-3.0,0.0,0.6753817955440411,0.6753817955440411,0.09863834422657547,-0.26972071341387505,0.008281350383721797,6.0175758561320514e-05,5.0,9.0,0.7060625444376001,0.7060625444376001,0.1481481481481488,-0.010052792637878838,0.009120399237648236,1.4511588353194327e-06,4.0,7.0,-0.8559166862709446,-0.8559166862709446,0.1669934640522861,-1.336964114622674,-0.006761990724338973,6.623205795797116e-05,0,0
328,454.0,524.0,37985.0,142.79451322946719,142.79451322946719,20.9536220043573,185.16155655949524,0.3071423455328186,0.738818079427956,306.0,3.0,-1.0,0.06795148581949206,0.06795148581949206,0.32641612200436043,-0.856542879701351,-0.0040295176816588785,-4.627073512364355e-05,0.0,-1.0,0.7433332813635332,0.7433332813635332,0.4250544662309359,-1.126263593115226,0.004251832702062919,1.3905023437676967e-05,10.0,12.639999999999418,-0.3749542601392477,-0.3749542601392477,0.45405773420479534,0.07011714741088326,-0.0011667134486816333,-7.179554770975205e-05,0,0
329,459.0,527.0,40608.0,142.2934241168406,142.2934241168406,21.564433551198256,185.25017517786364,0.30443456636773786,0.7388545372127707,306.0,5.0,3.0,-0.5010891126265733,-0.5010891126265733,0.6108115468409565,0.08861861836840035,-0.002707779165080748,3.6457784814758476e-05,8.0,2.0,-0.43313762680708123,-0.43313762680708123,0.9372276688453169,-0.7679242613329507,-0.006737296846739627,-9.812950308885071e-06,13.0,11.0,0.27292491763051885,0.27292491763051885,1.0853758169934657,-0.7779770539708295,0.002383102390908609,-8.361791473565638e-06,0,0
330,466.0,536.6100000000006,43940.0,146.801690219377,146.801690219377,22.23080065359477,189.3363127639409,0.325473655696941,0.7383487641421798,306.0,7.0,9.610000000000582,4.508266102536396,4.508266102536396,0.6663671023965136,4.086137586077257,0.02103908932920312,-0.0005057730705909647,12.0,12.610000000000582,4.007176989909823,4.007176989909823,1.2771786492374702,4.174756204445657,0.018331310164122372,-0.0004693152857762062,12.0,11.610000000000582,4.750510271273356,4.750510271273356,1.702233115468406,3.048492611330431,0.02258314286618529,-0.0004554102623385292,0,0
331,462.0,538.0,41074.0,148.1120062258757,148.1120062258757,22.15531045751634,186.80924077988672,0.34684872178394743,0.7382312081997691,306.0,-4.0,1.389999999999418,1.310316006498681,1.310316006498681,-0.07549019607843022,-2.5270719840541744,0.021375066087006456,-0.00011755594241069645,3.0,11.0,5.818582109035077,5.818582109035077,0.5908769063180834,1.5590656020230824,0.042414155416209576,-0.0006233290130016611,11.0,13.0,5.385444482227996,5.385444482227996,1.5281045751634004,0.7911413406901318,0.03567685856946995,-0.0006331419633105462,0,0
332,462.0,537.0,39615.0,145.62770941288514,145.62770941288514,21.90462962962963,186.679612038134,0.33073693034616464,0.7382146770658057,306.0,0.0,-1.0,-2.48429681299055,-2.48429681299055,-0.2506808278867112,-0.12962874175272532,-0.016111791437782796,-1.653113396338224e-05,-4.0,0.3899999999994179,-1.173980806491869,-1.173980806491869,-0.3261710239651414,-2.6567007258068998,0.005263274649223659,-0.00013408707637407868,8.0,13.0,2.8331961834179538,2.8331961834179538,0.9510076252723287,1.5180554786387574,0.02359458481334603,-0.0006034023621502849,0,0
333,460.0,534.0,38758.0,146.14100681997527,146.14100681997527,21.978676470588233,186.14976217413448,0.33093967095003296,0.7382441724047941,306.0,-2.0,-3.0,0.5132974070901355,0.5132974070901355,0.07404684095860503,-0.529849863999516,0.00020274060386832327,2.9495338988438924e-05,-2.0,-4.0,-1.9709994059004146,-1.9709994059004146,-0.17663398692810617,-0.6594786057522413,-0.015909050833914473,1.2964205025056685e-05,1.0,7.0,3.8475827031346626,3.8475827031346626,0.41424291938997726,0.8995869962708412,0.026505104582295103,-0.0006103648079766044,0,0
334,457.0,528.0,38300.0,145.57009314778887,145.57009314778887,21.963589324618734,186.32894955344509,0.32110176030219395,0.7382773168725905,306.0,-3.0,-6.0,-0.570913672186407,-0.570913672186407,-0.015087145969499005,0.1791873793106049,-0.00983791064783901,3.314446779634217e-05,-5.0,-9.0,-0.05761626509627149,-0.05761626509627149,0.058959694989106026,-0.35066248468891104,-0.009635170043970687,6.26398067847811e-05,-9.0,-8.610000000000582,-1.2315970715881406,-1.2315970715881406,-0.2672113289760354,-3.007363210495811,-0.004371895394747027,-7.144726958929759e-05,0,0
335,459.0,527.0,39245.0,145.58973078878608,145.58973078878608,21.983959694989107,185.91474198680896,0.3206334030695733,0.7382077025432213,306.0,2.0,-1.0,0.01963764099721743,0.01963764099721743,0.02037037037037237,-0.41420756663612224,-0.0004683572326206753,-6.96143293691387e-05,-1.0,-7.0,-0.5512760311891896,-0.5512760311891896,0.005283224400873365,-0.23502018732551733,-0.010306267880459685,-3.6469861572796525e-05,-3.0,-11.0,-2.522275437089604,-2.522275437089604,-0.1713507625272328,-0.8944987930777586,-0.02621531871437416,-2.350565654773984e-05,0,0
336,455.0,526.0,39411.0,144.92138589800334,144.92138589800334,22.04964596949891,185.17762581078856,0.3185663732750425,0.7382963720489951,306.0,-4.0,-1.0,-0.6683448907827483,-0.6683448907827483,0.06568627450980458,-0.7371161760204075,-0.0020670297945307725,8.86695057737974e-05,-2.0,-2.0,-0.6487072497855308,-0.6487072497855308,0.08605664488017695,-1.1513237426565297,-0.002535387027151448,1.9055176404658702e-05,-7.0,-11.0,-0.7063235148818023,-0.7063235148818023,0.14501633986928297,-1.5019862273454407,-0.012170557071122134,8.16949831894398e-05,0,0
337,455.0,523.0,39421.0,144.4134440271359,144.4134440271359,22.075816993464052,184.5544452236499,0.3198694686634714,0.7382505964609533,306.0,0.0,-3.0,-0.5079418708674268,-0.5079418708674268,0.026171023965140705,-0.6231805871386484,0.0013030953884288765,-4.57755880418631e-05,-4.0,-4.0,-1.176286761650175,-1.176286761650175,0.09185729847494528,-1.360296763159056,-0.000763934406101896,4.2893917731934295e-05,-5.0,-11.0,-1.7275627928393646,-1.7275627928393646,0.09714052287581865,-1.5953169504845732,-0.011070202286561581,6.42405615913777e-06,0,0
338,456.0,525.0,38676.0,144.07610889218094,144.07610889218094,21.992728758169932,186.31001368020335,0.31740190391941786,0.7382183413879544,306.0,1.0,2.0,-0.33733513495496936,-0.33733513495496936,-0.08308823529412024,1.7555684565534477,-0.0024675647440535187,-3.2255072998865764e-05,1.0,-1.0,-0.8452770058223962,-0.8452770058223962,-0.05691721132897953,1.1323878694147993,-0.0011644693556246422,-7.803066104072887e-05,-1.0,-3.0,-1.493984255607927,-1.493984255607927,0.029139433551197413,-0.018935873241730405,-0.00369985638277609,-5.8975484636070163e-05,0,0
339,456.0,529.0,38680.0,146.28837463743992,146.28837463743992,21.94142156862745,186.141702275067,0.32953867380984575,0.7383083790735482,306.0,0.0,4.0,2.212265745258975,2.212265745258975,-0.05130718954248081,-0.16831140513636456,0.01213676989042789,9.003768559379122e-05,1.0,6.0,1.8749306103040055,1.8749306103040055,-0.13439542483660105,1.5872570514170832,0.009669205146374371,5.778261259492545e-05,-3.0,2.0,0.6986438486538304,0.6986438486538304,-0.04253812636165577,0.22696028825802728,0.008905270740272475,0.00010067653032685975,0,0
340,455.0,526.0,38555.0,145.07793149695974,145.07793149695974,22.123011982570805,186.66059566389046,0.32080657142509034,0.7382739236931396,306.0,-1.0,-3.0,-1.21044314048018,-1.21044314048018,0.18159041394335418,0.5188933888234715,-0.008732102384755414,-3.4455380408582315e-05,-1.0,1.0,1.0018226047787948,1.0018226047787948,0.13028322440087337,0.3505819836871069,0.0034046675056724762,5.55823051852089e-05,0.0,0.0,0.15654559895639863,0.15654559895639863,0.07336601307189383,1.4829698531019062,0.002240198150047834,-2.2448355855519964e-05,0,0
341,454.0,522.0,39117.0,146.69086441688106,146.69086441688106,22.062173202614378,187.09697661992877,0.3294903541216515,0.7382294944688386,306.0,-1.0,-4.0,1.6129329199213203,1.6129329199213203,-0.06083877995642695,0.43638095603830607,0.00868378269656117,-4.4429224301034687e-05,-2.0,-7.0,0.40248977944114017,0.40248977944114017,0.12075163398692723,0.9552743448617775,-4.8319688194242705e-05,-7.8884604709617e-05,-1.0,-1.0,2.2774203897451457,2.2774203897451457,-0.01364379084967382,2.5425313962788607,0.009620885458180128,-2.1101992114691548e-05,0,0
342,455.0,524.0,39347.0,146.3849083975755,146.3849083975755,22.012445533769064,186.77484326702665,0.323098012295097,0.7382726568022585,306.0,1.0,2.0,-0.3059560193055688,-0.3059560193055688,-0.0497276688453141,-0.32213335290211376,-0.006392341826554515,4.31623334199438e-05,0.0,-2.0,1.3069769006157514,1.3069769006157514,-0.11056644880174105,0.11424760313619231,0.0022914408700066558,-1.2668908810908874e-06,-1.0,-1.0,2.3087995053945463,2.3087995053945463,0.01971677559913232,0.4648295868232992,0.005696108375679132,5.4315414304118015e-05,0,0
343,453.0,522.0,40054.0,145.56428859963265,145.56428859963265,22.096432461873636,186.01631724214812,0.32353541313772405,0.7382544995912539,306.0,-2.0,-2.0,-0.8206197979428396,-0.8206197979428396,0.0839869281045722,-0.7585260248785346,0.0004374008426270559,-1.815721100462131e-05,-1.0,0.0,-1.1265758172484084,-1.1265758172484084,0.0342592592592581,-1.0806593777806484,-0.005954940983927459,2.500512241532249e-05,-3.0,-7.0,-0.7240860378072682,-0.7240860378072682,0.15501089324618533,-0.12538503291887082,-0.006003260672121702,-5.387948229429451e-05,0,0
344,452.0,531.0,41519.0,145.95467067131273,145.95467067131273,22.191911764705882,186.10830950999224,0.3226932030261068,0.7382058723300111,306.0,-1.0,9.0,0.39038207168007943,0.39038207168007943,0.0954793028322456,0.09199226784411962,-0.0008422101116172254,-4.8627261242772946e-05,-3.0,7.0,-0.43023772626276013,-0.43023772626276013,0.1794662309368178,-0.666533757034415,-0.00040480926899016945,-6.678447224739426e-05,-3.0,5.0,0.8767391743529913,0.8767391743529913,0.06889978213507675,-0.5522861538982227,0.0018866316010164863,-6.805136312848514e-05,0,0
345,450.0,518.0,41571.0,145.66194556262616,145.66194556262616,22.29776688453159,187.42757521241532,0.3243487800864794,0.7382826248025582,306.0,-2.0,-13.0,-0.2927251086865681,-0.2927251086865681,0.1058551198257085,1.3192657024230812,0.0016555770603725595,7.67524725471258e-05,-3.0,-4.0,0.09765696299351134,0.09765696299351134,0.2013344226579541,1.4112579702672008,0.0008133669487553341,2.812521130435286e-05,-4.0,-4.0,-1.028918854254897,-1.028918854254897,0.2355936819172122,0.33059859248655243,-0.005141574035172125,5.313033371967535e-05,0,0
346,452.0,515.0,42171.0,146.76413612502134,146.76413612502134,22.385539215686272,186.22515447841167,0.33039617029834084,0.7383179917834164,306.0,2.0,-3.0,1.1021905623951795,1.1021905623951795,0.08777233115468164,-1.2024207340036526,0.006047390211861459,3.5366980858153596e-05,0.0,-16.0,0.8094654537086114,0.8094654537086114,0.19362745098039014,0.1168449684194286,0.007702967272234018,0.0001121194534052794,-3.0,-9.0,0.3792277274458513,0.3792277274458513,0.37309368191720793,-0.5496887886149864,0.007298158003243849,4.5334981157885146e-05,0,0
347,449.0,522.0,41761.0,146.57576941861043,146.57576941861043,22.368082788671025,186.81939661689827,0.33029895041834,0.7382706088178298,306.0,-3.0,7.0,-0.18836670641090336,-0.18836670641090336,-0.0174564270152473,0.5942421384866066,-9.72198800008317e-05,-4.738296558659538e-05,-1.0,4.0,0.9138238559842762,0.9138238559842762,0.07031590413943434,-0.608178595517046,0.005950170331860627,-1.2015984728441786e-05,-4.0,0.0,1.0114808189777875,1.0114808189777875,0.27165032679738843,0.8030793747501548,0.006763537280615961,1.6109226575911073e-05,0,0
348,452.0,523.0,42021.0,146.43115582407597,146.43115582407597,22.330065359477125,187.24403125347357,0.3269400634900839,0.7383811407619052,306.0,3.0,1.0,-0.1446135945344622,-0.1446135945344622,-0.03801742919389994,0.4246346365752913,-0.0033588869282560885,0.00011053194407539824,0.0,8.0,-0.33298030094536557,-0.33298030094536557,-0.05547385620914724,1.0188767750618979,-0.00345610680825692,6.314897848880285e-05,0.0,-8.0,0.4764851527632459,0.4764851527632459,0.1381535947712429,1.1357217434813265,0.004246860463977098,0.00017526843189408225,0,0
349,451.0,523.0,42362.0,146.59567705626517,146.59567705626517,22.287445533769063,187.9093108886523,0.32429045467386053,0.7385341466641894,306.0,-1.0,0.0,0.16452123218920178,0.16452123218920178,-0.04261982570806211,0.6652796351787345,-0.002649608816223392,0.00015300590228417565,2.0,1.0,0.019907637654739574,0.019907637654739574,-0.08063725490196205,1.0899142717540258,-0.006008495744479481,0.0002635378463595739,1.0,5.0,0.9337314936390158,0.9337314936390158,-0.010321350762527715,0.48173567623697977,-5.832541261885371e-05,0.0002515218616311321,0,0
350,454.0,520.2200000000012,42079.0,148.3650944806207,148.3650944806207,22.391476034858385,188.5794396627954,0.33452201930560427,0.7385684579026466,306.0,3.0,-2.779999999998836,1.769417424355538,1.769417424355538,0.10403050108932277,0.6701287741431088,0.01023156463174374,3.4311238457207516e-05,2.0,-2.779999999998836,1.9339386565447398,1.9339386565447398,0.06141067538126066,1.3354084093218432,0.007581955815520347,0.00018731714074138317,2.0,5.220000000001164,1.6009583555993743,1.6009583555993743,0.005936819172113417,2.354285184383741,0.004125849007263427,0.000250466119230186,0,0
351,449.0,519.0,42227.0,147.39601649435716,147.39601649435716,22.394090413943353,186.99438983846986,0.3273120981811881,0.7385732605566386,306.0,-5.0,-1.2200000000011642,-0.9690779862635566,-0.9690779862635566,0.002614379084967311,-1.5850498243255515,-0.007209921124416152,4.802653992053152e-06,-2.0,-4.0,0.8003394380919815,0.8003394380919815,0.10664488017429008,-0.9149210501824427,0.003021643507327587,3.911389244926067e-05,0.0,-3.0,0.8202470757467211,0.8202470757467211,0.026007625272328028,0.17499322157158304,-0.0029868522371518935,0.00030265173880883456,0,0
352,453.09999999999854,526.0,43619.0,147.01065593605247,147.01065593605247,22.43948801742919,187.63846775264165,0.32509429464388495,0.7385789444243985,306.0,4.099999999998545,7.0,-0.38536055830468285,-0.38536055830468285,0.045397603485838545,0.6440779141717883,-0.0022178035373031646,5.6838677598980425e-06,-0.9000000000014552,5.779999999998836,-1.3544385445682394,-1.3544385445682394,0.048011982570805856,-0.9409719101537632,-0.009427724661719317,1.0486521751951194e-05,1.0999999999985448,3.0,0.5795001119765004,0.5795001119765004,0.10942265795206652,0.39443649916808,-0.0018457688461989696,0.00019780366249333436,0,0
353,448.0,520.0,42982.0,147.3149966443113,147.3149966443113,22.452069716775597,188.16002100864753,0.3242618389755745,0.7385364022909426,306.0,-5.099999999998545,-6.0,0.3043407082588203,0.3043407082588203,0.012581699346405628,0.5215532560058875,-0.0008324556683104722,-4.254213345589175e-05,-1.0,1.0,-0.08101985004586254,-0.08101985004586254,0.05797930283224417,1.1656311701776758,-0.003050259205613637,-3.685826569599371e-05,-3.0,-3.0,0.719319588046119,0.719319588046119,0.16462418300653425,0.25071011999523307,-2.8615698286049707e-05,2.2556267532669594e-06,0,0
354,446.0,515.0,44279.0,147.43522656993665,147.43522656993665,22.42911220043573,186.47747232622623,0.3248058171381639,0.7386430599331076,306.0,-2.0,-5.0,0.12022992562535251,0.12022992562535251,-0.022957516339868533,-1.6825486824212987,0.0005439781625894424,0.00010665764216499785,-7.099999999998545,-11.0,0.4245706338841728,0.4245706338841728,-0.010375816993462905,-1.1609954264154112,-0.0002884775057210298,6.41155087091061e-05,-8.0,-5.220000000001164,-0.9298679106840666,-0.9298679106840666,0.03763616557734295,-2.1019673365691744,-0.009716202167440346,7.460203046105729e-05,0,0
355,451.0,519.0,44787.0,146.7873650797249,146.7873650797249,22.505691721132898,187.78952278553817,0.3228734339846899,0.7386248664918289,306.0,5.0,4.0,-0.6478614902117386,-0.6478614902117386,0.07657952069716956,1.3120504593119335,-0.0019323831534740488,-1.8193441278735456e-05,3.0,-1.0,-0.527631564586386,-0.527631564586386,0.05362200435730102,-0.3704982231093652,-0.0013884049908846063,8.846420088626239e-05,2.0,0.0,-0.6086514146322486,-0.6086514146322486,0.1116013071895452,0.7951329470683106,-0.004438664196498243,5.160593519026868e-05,0,0
356,451.0,524.1399999999994,44987.0,147.57260819245846,147.57260819245846,22.468409586056644,187.74703114451245,0.32219614874640407,0.7386205769052693,306.0,0.0,5.139999999999418,0.7852431127335535,0.7852431127335535,-0.03728213507625355,-0.04249164102571967,-0.0006772852382858074,-4.289586559624858e-06,5.0,9.139999999999418,0.13738162252181496,0.13738162252181496,0.039297385620916,1.2695588182862139,-0.002609668391759856,-2.2483027838360314e-05,-2.099999999998545,-1.860000000000582,0.5619522564059878,0.5619522564059878,0.028921568627453098,0.10856339187080266,-0.002898145897480886,4.163248087074578e-05,0,0
357,452.0,523.0,45724.0,147.05581896875316,147.05581896875316,22.55081699346405,187.33200770615463,0.31989201231688397,0.7386725525450862,306.0,1.0,-1.139999999999418,-0.5167892237053024,-0.5167892237053024,0.08240740740740549,-0.41502343835782085,-0.0023041364295200983,5.1975639816959074e-05,1.0,4.0,0.26845388902825107,0.26845388902825107,0.04512527233115193,-0.4575150793835405,-0.002981421667805906,4.7686053257334216e-05,4.0,3.0,-0.259177675558135,-0.259177675558135,0.09874727668845296,-0.8280133024929057,-0.004369826658690512,0.0001361502541435966,0,0
358,453.0,525.0,46088.0,147.37206643498556,147.37206643498556,22.744226579520696,187.75446369832562,0.31873858701485064,0.7387040093833325,306.0,1.0,2.0,0.3162474662323973,0.3162474662323973,0.19340958605664582,0.4224559921709954,-0.0011534253020333285,3.1456838246235463e-05,2.0,0.8600000000005821,-0.20054175747290515,-0.20054175747290515,0.2758169934640513,0.007432553813174536,-0.003457561731553427,8.343247806319454e-05,7.0,10.0,-0.06316013495109019,-0.06316013495109019,0.3151143790849673,1.2769913720993884,-0.006067230123313283,6.094945022483422e-05,0,0
359,452.0,527.0,46647.0,148.36620713442056,148.36620713442056,22.845533769063177,188.13589995598747,0.32376986382047507,0.7386625650661444,306.0,-1.0,2.0,0.9941406994350075,0.9941406994350075,0.10130718954248152,0.3814362576618464,0.0050312768056244295,-4.14443171881107e-05,0.0,4.0,1.3103881656674048,1.3103881656674048,0.29471677559912735,0.8038922498328418,0.003877851503591101,-9.987478941875239e-06,1.0,8.0,1.5788420546956559,1.5788420546956559,0.3398420479302793,0.3463771704493013,0.0008964298357851952,3.769857431545898e-05,0,0
